 Goodwin Creek
   34.25  -89.87   98 m version 1
 1998 152  6  1  0  0  0.000  78.02   103.7 0    28.0 0   145.5 0    80.0 0   424.3 0   309.4 0   308.8 0   484.0 0   305.1 0   305.0 0     5.9 0    47.2 0    82.2 0   -59.7 0    22.5 0    31.1 0    33.4 1     2.8 0   198.8 0  1001.5 0
 1998 152  6  1  0  3  0.050  78.60    94.8 0    24.7 0   114.3 0    78.1 0   424.5 0   309.3 0   308.7 0   483.5 0   305.0 0   304.9 0     5.5 0    44.0 0    75.9 0   -59.0 0    16.9 0    31.0 0    33.7 1     2.7 0   198.2 0  1001.9 0
 1998 152  6  1  0  6  0.100  79.18    86.2 0    22.8 0   108.9 0    72.1 0   425.1 0   309.1 0   308.5 0   482.6 0   304.9 0   304.8 0     5.1 0    40.2 0    69.8 0   -57.5 0    12.2 0    31.0 0    33.8 1     2.9 0   192.4 0  1002.2 0
 1998 152  6  1  0  9  0.150  79.76    87.8 0    24.0 0   128.0 0    71.9 0   425.0 0   309.0 0   308.4 0   482.3 0   304.8 0   304.7 0     4.6 0    39.8 0    70.6 0   -57.3 0    13.3 0    31.0 0    34.0 1     2.6 0   192.4 0  1002.3 0
 1998 152  6  1  0 12  0.200  80.34    77.0 0    20.6 0   104.9 0    66.4 0   425.4 0   308.9 0   308.2 0   481.5 0   304.7 0   304.6 0     4.2 0    35.8 0    63.4 0   -56.0 0     7.4 0    30.9 0    34.3 1     2.0 0   195.1 0  1001.6 0
 1998 152  6  1  0 15  0.250  80.91    69.6 0    18.5 0    89.8 0    61.9 0   426.0 0   308.8 0   308.1 0   481.0 0   304.7 0   304.5 0     3.8 0    32.9 0    57.6 0   -55.0 0     2.6 0    30.8 0    34.3 1     2.8 0   192.6 0  1001.7 0
 1998 152  6  1  0 18  0.300  81.49    64.0 0    17.7 0    95.7 0    57.1 0   425.8 0   308.6 0   307.9 0   479.9 0   304.6 0   304.5 0     3.4 0    30.2 0    53.5 0   -54.0 0    -0.5 0    30.8 0    34.4 1     2.3 0   196.8 0  1001.2 0
 1998 152  6  1  0 21  0.350  82.06    54.0 0    14.6 0    70.1 0    51.0 0   425.8 0   308.5 0   307.8 0   479.2 0   304.5 0   304.4 0     3.0 0    26.6 0    46.0 0   -53.3 0    -7.3 0    30.7 0    34.6 1     2.7 0   196.3 0  1001.2 0
 1998 152  6  1  0 24  0.400  82.63    52.9 0    15.1 0    86.2 0    48.7 0   425.5 0   308.4 0   307.7 0   478.4 0   304.4 0   304.3 0     2.6 0    25.0 0    44.7 0   -52.9 0    -8.2 0    30.7 0    34.7 1     2.5 0   189.8 0  1001.4 0
 1998 152  6  1  0 27  0.450  83.19    48.6 0    14.0 0    79.8 0    45.8 0   425.2 0   308.2 0   307.5 0   477.7 0   304.4 0   304.2 0     2.3 0    23.0 0    41.3 0   -52.5 0   -11.2 0    30.6 0    34.9 1     2.1 0   190.4 0  1001.4 0
 1998 152  6  1  0 30  0.500  83.76    45.0 0    12.6 0    71.6 0    43.7 0   425.5 0   308.1 0   307.4 0   477.3 0   304.3 0   304.1 0     2.0 0    21.5 0    38.8 0   -51.7 0   -12.9 0    30.6 0    35.1 1     2.0 0   195.5 0  1001.8 0
 1998 152  6  1  0 33  0.550  84.32    39.5 0    11.1 0    63.0 0    39.8 0   425.7 0   308.0 0   307.3 0   476.4 0   304.2 0   304.1 0     1.8 0    19.5 0    34.9 0   -50.7 0   -15.8 0    30.6 0    35.2 1     1.9 0   184.9 0  1001.3 0
 1998 152  6  1  0 36  0.600  84.87    35.0 0    10.1 0    55.9 0    36.2 0   425.7 0   307.9 0   307.2 0   475.7 0   304.1 0   304.0 0     1.5 0    17.4 0    31.2 0   -50.0 0   -18.8 0    30.5 0    35.3 1     2.2 0   195.4 0  1001.3 0
 1998 152  6  1  0 39  0.650  85.42    29.4 0     8.7 0    45.9 0    32.2 0   426.1 0   307.7 0   307.0 0   475.0 0   304.0 0   303.9 0     1.3 0    15.3 0    27.1 0   -48.9 0   -21.7 0    30.5 0    35.4 1     2.1 0   195.5 0  1002.5 0
 1998 152  6  1  0 42  0.700  85.97    24.8 0     7.2 0    36.9 0    28.8 0   425.4 0   307.6 0   306.9 0   473.4 0   303.9 0   303.8 0     1.1 0    13.3 0    24.2 0   -48.0 0   -23.7 0    30.4 0    35.6 1     1.6 0   191.2 0  1002.2 0
 1998 152  6  1  0 45  0.750  86.51    20.0 0     6.0 0    27.3 0    24.9 0   425.7 0   307.5 0   306.8 0   472.7 0   303.9 0   303.7 0     1.0 0    11.4 0    20.5 0   -47.0 0   -26.4 0    30.3 0    35.7 1     1.9 0   192.2 0  1001.7 0
 1998 152  6  1  0 48  0.800  87.05    15.6 0     4.9 0    19.3 0    20.7 0   425.5 0   307.3 0   306.6 0   471.9 0   303.8 0   303.6 0     0.9 0     9.7 0    16.8 0   -46.4 0   -29.6 0    30.2 0    35.9 1     1.7 0   185.7 0  1001.8 0
 1998 152  6  1  0 51  0.850  87.57    11.7 0     4.0 0    10.7 0    17.1 0   425.8 0   307.2 0   306.5 0   471.6 0   303.7 0   303.5 0     0.7 0     8.0 0    13.5 0   -45.8 0   -32.4 0    30.1 0    35.9 1     1.8 0   187.0 0  1002.1 0
 1998 152  6  1  0 54  0.900  88.08     8.3 0     3.3 0     0.9 0    14.1 0   425.5 0   307.1 0   306.3 0   470.5 0   303.6 0   303.4 0     0.6 0     6.4 0    10.9 0   -45.0 0   -34.1 0    30.1 0    36.1 1     1.6 0   178.9 0  1000.8 0
 1998 152  6  1  0 57  0.950  88.58     5.2 0     2.4 0    -0.4 0    11.4 0   425.5 0   306.9 0   306.2 0   469.6 0   303.5 0   303.3 0     0.5 0     5.1 0     9.0 0   -44.1 0   -35.1 0    30.1 0    36.2 1     1.7 0   181.4 0  1000.9 0
 1998 152  6  1  1  0  1.000  89.06     2.4 0     1.8 0    -0.8 0     9.0 0   425.4 0   306.8 0   306.1 0   468.8 0   303.4 0   303.2 0     0.4 0     3.9 0     7.2 0   -43.4 0   -36.2 0    30.0 0    36.5 1     1.7 0   183.2 0  1000.5 0
 1998 152  6  1  1  3  1.050  89.50    -0.1 0     1.2 0    -0.7 0     6.0 0   426.3 0   306.7 0   305.9 0   468.8 0   303.3 0   303.1 0     0.3 0     3.0 0     4.8 0   -42.5 0   -37.6 0    29.9 0    36.6 1     1.9 0   182.9 0  1000.7 0
 1998 152  6  1  1  6  1.100  89.91    -1.8 0     0.8 0    -0.6 0     4.0 0   425.9 0   306.5 0   305.8 0   468.3 0   303.2 0   303.1 0     0.3 0     2.2 0     3.2 0   -42.4 0   -39.2 0    29.8 0    36.7 1     1.6 0   178.9 0  1000.3 0
 1998 152  6  1  1  9  1.150  91.18    -2.9 0     0.7 0    -0.8 0     3.3 0   425.7 0   306.4 0   305.7 0   467.2 0   303.1 0   303.0 0     0.0 0     1.7 0     2.6 0   -41.5 0   -38.9 0    29.8 0    36.9 1     1.5 0   178.2 0  1000.4 0
 1998 152  6  1  1 12  1.200  91.73    -3.8 0     0.6 0    -0.6 0     2.3 0   425.3 0   306.3 0   305.6 0   466.4 0   303.0 0   302.9 0     0.0 0     1.3 0     1.7 0   -41.1 0   -39.3 0    29.7 0    37.1 1     1.5 0   179.6 0  1000.3 0
 1998 152  6  1  1 15  1.250  92.27    -4.4 0     0.4 0    -0.6 0     2.0 0   424.6 0   306.2 0   305.5 0   465.7 0   302.9 0   302.8 0     0.0 0     0.9 0     1.6 0   -41.1 0   -39.5 0    29.7 0    37.4 1     1.5 0   185.1 0  1000.1 0
 1998 152  6  1  1 18  1.300  92.81    -5.1 0     0.3 0    -0.5 0     1.1 0   424.3 0   306.1 0   305.4 0   465.3 0   302.9 0   302.7 0     0.0 0     0.6 0     0.9 0   -41.0 0   -40.1 0    29.5 0    37.6 1     1.4 0   176.8 0   999.8 0
 1998 152  6  1  1 21  1.350  93.35    -5.6 0     0.1 0    -0.5 0     0.9 0   424.2 0   306.0 0   305.3 0   463.8 0   302.8 0   302.6 0     0.0 0     0.3 0     0.8 0   -39.6 0   -38.8 0    29.5 0    37.9 1     1.2 0   180.1 0  1000.4 0
 1998 152  6  1  1 24  1.400  93.89    -5.9 0     0.0 0    -0.4 0     0.5 0   423.8 0   305.9 0   305.2 0   462.6 0   302.7 0   302.5 0     0.0 0     0.2 0     0.5 0   -38.8 0   -38.3 0    29.4 0    38.2 1     1.0 0   178.7 0  1000.8 0
 1998 152  6  1  1 27  1.450  94.43    -6.0 0    -0.1 0    -0.5 0     0.3 0   423.7 0   305.8 0   305.2 0   460.9 0   302.6 0   302.4 0     0.0 0     0.2 0     0.3 0   -37.2 0   -36.9 0    29.3 0    38.6 1     0.8 0   181.8 0  1000.9 0
 1998 152  6  1  1 30  1.500  94.96    -6.1 0    -0.2 0    -0.5 0     0.2 0   423.5 0   305.7 0   305.1 0   459.8 0   302.5 0   302.3 0     0.0 0     0.1 0     0.2 0   -36.3 0   -36.1 0    29.1 0    38.9 1     0.6 0   186.8 0  1001.4 0
 1998 152  6  1  1 33  1.550  95.49    -6.2 0    -0.2 0    -0.6 0     0.7 0   423.0 0   305.6 0   304.9 0   458.7 0   302.4 0   302.2 0     0.0 0     0.0 0     0.7 0   -35.7 0   -35.0 0    29.1 0    39.2 1     0.5 0   190.0 0  1001.4 0
 1998 152  6  1  1 36  1.600  96.02    -6.2 0    -0.2 0    -0.7 0     0.3 0   422.9 0   305.5 0   304.8 0   458.5 0   302.3 0   302.1 0     0.0 0     0.1 0     0.0 0   -35.7 0   -35.7 0    29.0 0    39.5 1     0.6 0   184.2 0  1001.1 0
 1998 152  6  1  1 39  1.650  96.54    -6.0 0    -0.2 0    -0.7 0     0.4 0   422.3 0   305.4 0   304.7 0   458.4 0   302.2 0   302.0 0     0.0 0     0.1 0     0.0 0   -36.1 0   -36.1 0    28.9 0    39.9 1     0.9 0   181.9 0  1000.6 0
 1998 152  6  1  1 42  1.700  97.07    -5.9 0    -0.2 0    -0.8 0     0.5 0   422.0 0   305.3 0   304.6 0   458.0 0   302.1 0   301.9 0     0.0 0     0.1 0     0.0 0   -35.9 0   -35.9 0    28.8 0    40.4 1     1.0 0   178.8 0  1001.3 0
 1998 152  6  1  1 45  1.750  97.59    -5.9 0    -0.2 0    -0.8 0     0.9 0   421.7 0   305.1 0   304.4 0   457.7 0   302.0 0   301.9 0     0.0 0     0.1 0     0.0 0   -36.0 0   -36.0 0    28.8 0    40.7 1     1.0 0   180.7 0  1000.7 0
 1998 152  6  1  1 48  1.800  98.10    -5.8 0    -0.3 0    -0.6 0     0.8 0   421.6 0   305.0 0   304.3 0   457.5 0   301.9 0   301.8 0     0.0 0     0.0 0     0.0 0   -36.0 0   -36.0 0    28.8 0    40.9 1     1.1 0   177.3 0  1000.5 0
 1998 152  6  1  1 51  1.850  98.62    -5.8 0    -0.3 0    -0.5 0     0.6 0   421.3 0   304.9 0   304.2 0   457.8 0   301.9 0   301.7 0     0.0 0     0.1 0     0.0 0   -36.6 0   -36.6 0    28.8 0    41.1 1     1.3 0   182.3 0  1000.6 0
 1998 152  6  1  1 54  1.900  99.13    -5.8 0    -0.3 0    -0.5 0     0.3 0   421.2 0   304.7 0   304.1 0   457.8 0   301.8 0   301.6 0     0.0 0     0.1 0     0.0 0   -36.6 0   -36.6 0    28.7 0    41.3 1     1.3 0   178.6 0  1001.5 0
 1998 152  6  1  1 57  1.950  99.64    -5.9 0    -0.3 0    -0.5 0     0.3 0   421.3 0   304.7 0   304.0 0   457.6 0   301.7 0   301.6 0     0.0 0     0.1 0     0.0 0   -36.3 0   -36.3 0    28.7 0    41.4 1     1.3 0   186.9 0  1001.5 0
 1998 152  6  1  2  0  2.000 100.14    -6.0 0    -0.2 0    -0.6 0     0.3 0   420.9 0   304.6 0   303.9 0   457.1 0   301.7 0   301.5 0     0.0 0     0.1 0     0.0 0   -36.2 0   -36.2 0    28.6 0    41.6 1     1.2 0   192.8 0  1001.8 0
 1998 152  6  1  2  3  2.050 100.64    -6.0 0    -0.2 0    -0.6 0     0.5 0   420.7 0   304.5 0   303.8 0   457.0 0   301.6 0   301.4 0     0.0 0     0.1 0     0.0 0   -36.3 0   -36.3 0    28.6 0    41.8 1     1.4 0   190.2 0  1001.5 0
 1998 152  6  1  2  6  2.100 101.14    -6.0 0    -0.2 0    -0.6 0     0.2 0   420.8 0   304.4 0   303.7 0   456.6 0   301.5 0   301.4 0     0.0 0     0.1 0     0.0 0   -35.8 0   -35.8 0    28.5 0    41.9 1     1.4 0   186.8 0  1001.4 0
 1998 152  6  1  2  9  2.150 101.64    -6.0 0    -0.2 0    -0.5 0     0.2 0   421.0 0   304.3 0   303.7 0   457.1 0   301.5 0   301.3 0     0.0 0     0.1 0     0.0 0   -36.1 0   -36.1 0    28.5 0    42.2 1     1.5 0   185.8 0  1000.9 0
 1998 152  6  1  2 12  2.200 102.13    -6.1 0    -0.3 0    -0.4 0     0.3 0   420.5 0   304.2 0   303.6 0   457.2 0   301.4 0   301.3 0     0.0 0     0.0 0     0.0 0   -36.7 0   -36.7 0    28.4 0    42.5 1     1.4 0   185.5 0  1001.0 0
 1998 152  6  1  2 15  2.250 102.62    -6.1 0    -0.3 0    -0.2 0     0.3 0   420.4 0   304.2 0   303.5 0   457.7 0   301.4 0   301.2 0     0.0 0     0.1 0     0.0 0   -37.3 0   -37.3 0    28.4 0    42.7 1     1.7 0   185.1 0  1000.9 0
 1998 152  6  1  2 18  2.300 103.11    -6.2 0    -0.3 0     0.2 0     0.1 0   420.2 0   304.1 0   303.5 0   458.6 0   301.3 0   301.2 0     0.0 0     0.1 0     0.0 0   -38.5 0   -38.5 0    28.5 0    42.8 1     1.7 0   181.9 0  1000.7 0
 1998 152  6  1  2 21  2.350 103.59    -6.3 0    -0.3 0     0.3 0    -0.2 0   420.1 0   304.1 0   303.5 0   459.2 0   301.3 0   301.2 0     0.0 0     0.0 0     0.0 0   -39.2 0   -39.2 0    28.4 0    42.9 1     1.8 0   182.1 0  1000.7 0
 1998 152  6  1  2 24  2.400 104.07    -6.4 0    -0.3 0     0.3 0    -0.4 0   419.8 0   304.0 0   303.5 0   459.7 0   301.3 0   301.1 0     0.0 0     0.0 0     0.0 0   -39.9 0   -39.9 0    28.4 0    43.0 1     1.8 0   182.2 0  1001.4 0
 1998 152  6  1  2 27  2.450 104.54    -6.4 0    -0.2 0     0.2 0    -0.6 0   419.9 0   304.0 0   303.4 0   460.1 0   301.3 0   301.1 0     0.0 0     0.1 0     0.0 0   -40.2 0   -40.2 0    28.3 0    43.2 1     2.2 0   187.5 0  1001.7 0
 1998 152  6  1  2 30  2.500 105.01    -6.6 0    -0.2 0     0.0 0    -0.4 0   419.6 0   304.0 0   303.4 0   459.6 0   301.2 0   301.1 0     0.0 0     0.2 0     0.0 0   -40.0 0   -40.0 0    28.3 0    43.4 1     1.9 0   187.1 0  1001.7 0
 1998 152  6  1  2 33  2.550 105.48    -6.4 0    -0.1 0    -0.4 0    -0.4 0   419.7 0   304.0 0   303.4 0   459.1 0   301.2 0   301.1 0     0.0 0     0.1 0     0.0 0   -39.4 0   -39.4 0    28.2 0    43.6 1     1.7 0   189.5 0  1001.3 0
 1998 152  6  1  2 36  2.600 105.95    -6.4 0     0.0 0    -0.4 0     0.0 0   419.1 0   304.0 0   303.4 0   458.3 0   301.2 0   301.0 0     0.0 0     0.1 0     0.0 0   -39.2 0   -39.2 0    28.2 0    44.0 1     1.6 0   188.8 0  1001.1 0
 1998 152  6  1  2 39  2.650 106.41    -6.4 0     0.0 0    -0.3 0     0.1 0   419.5 0   303.9 0   303.3 0   458.0 0   301.1 0   301.0 0     0.0 0     0.0 0     0.0 0   -38.5 0   -38.5 0    28.1 0    44.3 1     1.7 0   191.4 0  1001.2 0
 1998 152  6  1  2 42  2.700 106.86    -6.5 0     0.0 0    -0.2 0    -0.2 0   420.0 0   303.9 0   303.3 0   458.3 0   301.1 0   300.9 0     0.0 0     0.1 0     0.0 0   -38.2 0   -38.2 0    28.0 0    44.6 1     1.7 0   196.4 0  1001.6 0
 1998 152  6  1  2 45  2.750 107.31    -6.5 0     0.0 0    -0.4 0     0.2 0   419.6 0   303.9 0   303.3 0   458.0 0   301.0 0   300.9 0     0.0 0     0.0 0     0.0 0   -38.3 0   -38.3 0    27.9 0    45.1 1     1.7 0   200.7 0  1001.5 0
 1998 152  6  1  2 48  2.800 107.76    -6.6 0     0.0 0    -0.5 0     0.2 0   419.9 0   303.8 0   303.2 0   458.1 0   301.0 0   300.8 0     0.0 0     0.1 0     0.0 0   -38.2 0   -38.2 0    27.8 0    45.5 1     2.2 0   197.7 0  1001.8 0
 1998 152  6  1  2 51  2.850 108.21    -6.6 0    -0.1 0    -0.2 0     0.1 0   419.7 0   303.8 0   303.2 0   458.4 0   300.9 0   300.8 0     0.0 0     0.1 0     0.0 0   -38.7 0   -38.7 0    27.8 0    45.9 1     2.1 0   203.5 0  1002.3 0
 1998 152  6  1  2 54  2.900 108.65    -6.7 0     0.0 0    -0.2 0     0.0 0   418.8 0   303.8 0   303.1 0   457.9 0   300.9 0   300.7 0     0.0 0     0.1 0     0.0 0   -39.1 0   -39.1 0    27.8 0    46.1 1     1.8 0   204.2 0  1001.6 0
 1998 152  6  1  2 57  2.950 109.08    -6.7 0    -0.1 0    -0.1 0     0.0 0   418.5 0   303.7 0   303.1 0   457.3 0   300.8 0   300.7 0     0.0 0     0.1 0     0.0 0   -38.8 0   -38.8 0    27.7 0    46.4 1     1.3 0   215.6 0  1002.2 0
 1998 152  6  1  3  0  3.000 109.51    -6.6 0     0.0 0    -0.1 0     0.0 0   418.2 0   303.7 0   303.1 0   456.7 0   300.8 0   300.6 0     0.0 0     0.0 0     0.0 0   -38.5 0   -38.5 0    27.6 0    46.5 1     1.3 0   212.8 0  1001.1 0
 1998 152  6  1  3  3  3.050 109.94    -6.5 0     0.0 0    -0.3 0     0.0 0   417.9 0   303.7 0   303.1 0   456.0 0   300.7 0   300.6 0     0.0 0     0.2 0     0.0 0   -38.1 0   -38.1 0    27.6 0    46.6 1     1.1 0   214.0 0  1000.9 0
 1998 152  6  1  3  6  3.100 110.36    -6.5 0    -0.1 0    -0.2 0     0.1 0   418.5 0   303.7 0   303.1 0   455.8 0   300.7 0   300.5 0     0.0 0     0.0 0     0.0 0   -37.3 0   -37.3 0    27.6 0    46.7 1     1.2 0   216.1 0  1001.0 0
 1998 152  6  1  3  9  3.150 110.78    -6.5 0     0.0 0    -0.1 0    -0.2 0   419.1 0   303.6 0   303.0 0   454.9 0   300.6 0   300.5 0     0.0 0     0.1 0     0.0 0   -35.8 0   -35.8 0    27.6 0    46.8 1     1.0 0   220.4 0  1001.5 0
 1998 152  6  1  3 12  3.200 111.19    -6.4 0    -0.1 0    -0.2 0     0.2 0   418.4 0   303.6 0   303.0 0   453.9 0   300.6 0   300.4 0     0.0 0     0.0 0     0.0 0   -35.5 0   -35.5 0    27.6 0    47.0 1     1.1 0   219.8 0  1001.7 0
 1998 152  6  1  3 15  3.250 111.60    -6.4 0    -0.2 0    -0.1 0    -0.2 0   418.9 0   303.6 0   303.0 0   454.5 0   300.5 0   300.4 0     0.0 0     0.1 0     0.0 0   -35.6 0   -35.6 0    27.5 0    47.1 1     1.2 0   220.6 0  1001.7 0
 1998 152  6  1  3 18  3.300 112.00    -6.5 0    -0.2 0    -0.2 0     0.0 0   419.0 0   303.6 0   303.0 0   454.0 0   300.5 0   300.4 0     0.0 0     0.1 0     0.0 0   -35.0 0   -35.0 0    27.5 0    47.2 1     1.2 0   225.3 0  1001.3 0
 1998 152  6  1  3 21  3.350 112.40    -6.6 0    -0.2 0    -0.3 0     0.2 0   418.6 0   303.5 0   302.9 0   454.0 0   300.5 0   300.3 0     0.0 0     0.0 0     0.0 0   -35.4 0   -35.4 0    27.5 0    47.2 1     1.4 0   227.0 0  1001.4 0
 1998 152  6  1  3 24  3.400 112.79    -6.5 0    -0.2 0    -0.2 0     0.1 0   418.5 0   303.5 0   302.9 0   454.8 0   300.4 0   300.3 0     0.0 0     0.1 0     0.0 0   -36.3 0   -36.3 0    27.4 0    47.3 1     1.7 0   224.9 0  1001.5 0
 1998 152  6  1  3 27  3.450 113.17    -6.5 0    -0.2 0    -0.1 0    -0.3 0   419.2 0   303.5 0   302.8 0   455.2 0   300.4 0   300.3 0     0.0 0     0.1 0     0.0 0   -36.0 0   -36.0 0    27.4 0    47.3 1     1.6 0   222.4 0  1001.7 0
 1998 152  6  1  3 30  3.500 113.55    -6.6 0    -0.2 0    -0.1 0     0.0 0   418.6 0   303.4 0   302.8 0   455.4 0   300.4 0   300.3 0     0.0 0     0.1 0     0.0 0   -36.7 0   -36.7 0    27.4 0    47.3 1     1.6 0   220.9 0  1001.5 0
 1998 152  6  1  3 33  3.550 113.93    -6.5 0    -0.2 0    -0.1 0     0.1 0   418.5 0   303.4 0   302.8 0   454.8 0   300.4 0   300.2 0     0.0 0     0.0 0     0.0 0   -36.2 0   -36.2 0    27.5 0    47.2 1     1.4 0   223.7 0  1001.1 0
 1998 152  6  1  3 36  3.600 114.30    -6.4 0    -0.2 0    -0.1 0     0.0 0   419.0 0   303.4 0   302.8 0   454.4 0   300.4 0   300.2 0     0.0 0     0.0 0     0.0 0   -35.3 0   -35.3 0    27.4 0    47.2 1     1.5 0   217.9 0  1001.8 0
 1998 152  6  1  3 39  3.650 114.67    -6.4 0    -0.3 0     0.0 0     0.0 0   419.1 0   303.4 0   302.8 0   454.8 0   300.3 0   300.2 0     0.0 0     0.1 0     0.0 0   -35.7 0   -35.7 0    27.4 0    47.2 1     1.6 0   215.6 0  1001.9 0
 1998 152  6  1  3 42  3.700 115.02    -6.5 0    -0.3 0     0.1 0    -0.1 0   419.8 0   303.4 0   302.7 0   455.5 0   300.3 0   300.2 0     0.0 0     0.1 0     0.0 0   -35.8 0   -35.8 0    27.4 0    47.1 1     1.7 0   215.6 0  1001.8 0
 1998 152  6  1  3 45  3.750 115.38    -6.7 0    -0.3 0     0.2 0    -0.1 0   420.1 0   303.3 0   302.7 0   456.1 0   300.3 0   300.2 0     0.0 0     0.1 0     0.0 0   -36.0 0   -36.0 0    27.4 0    47.1 1     1.8 0   214.3 0  1001.8 0
 1998 152  6  1  3 48  3.800 115.72    -6.7 0    -0.2 0     0.0 0    -0.2 0   420.3 0   303.3 0   302.7 0   455.5 0   300.3 0   300.2 0     0.0 0     0.1 0     0.0 0   -35.2 0   -35.2 0    27.4 0    47.0 1     1.5 0   225.5 0  1001.9 0
 1998 152  6  1  3 51  3.850 116.07    -6.7 0    -0.2 0    -0.1 0     0.0 0   420.4 0   303.3 0   302.7 0   454.8 0   300.3 0   300.2 0     0.0 0     0.1 0     0.0 0   -34.4 0   -34.4 0    27.4 0    47.0 1     1.4 0   233.0 0  1001.7 0
 1998 152  6  1  3 54  3.900 116.40    -6.6 0    -0.2 0    -0.1 0     0.0 0   420.7 0   303.3 0   302.7 0   455.2 0   300.3 0   300.2 0     0.0 0     0.1 0     0.0 0   -34.4 0   -34.4 0    27.3 0    47.1 1     1.7 0   217.8 0  1002.1 0
 1998 152  6  1  3 57  3.950 116.73    -6.5 0    -0.3 0    -0.1 0     0.0 0   420.7 0   303.3 0   302.7 0   455.4 0   300.3 0   300.2 0     0.0 0     0.1 0     0.0 0   -34.7 0   -34.7 0    27.4 0    47.0 1     1.8 0   210.0 0  1001.0 0
 1998 152  6  1  4  0  4.000 117.05    -6.5 0    -0.4 0     0.0 0    -0.1 0   421.0 0   303.3 0   302.7 0   455.7 0   300.3 0   300.2 0     0.0 0     0.1 0     0.0 0   -34.6 0   -34.6 0    27.4 0    47.0 1     2.0 0   215.4 0  1001.6 0
 1998 152  6  1  4  3  4.050 117.37    -6.6 0    -0.3 0     0.2 0    -0.1 0   420.4 0   303.3 0   302.7 0   456.0 0   300.3 0   300.2 0     0.0 0     0.0 0     0.0 0   -35.6 0   -35.6 0    27.4 0    47.0 1     2.0 0   220.2 0  1001.5 0
 1998 152  6  1  4  6  4.100 117.68    -6.7 0    -0.3 0     0.2 0    -0.2 0   420.5 0   303.3 0   302.7 0   456.2 0   300.3 0   300.2 0     0.0 0     0.1 0     0.0 0   -35.7 0   -35.7 0    27.4 0    47.0 1     2.1 0   217.7 0  1001.1 0
 1998 152  6  1  4  9  4.150 117.98    -6.7 0    -0.2 0     0.2 0    -0.3 0   420.4 0   303.3 0   302.7 0   456.3 0   300.3 0   300.2 0     0.0 0     0.0 0     0.0 0   -35.9 0   -35.9 0    27.4 0    47.0 1     1.9 0   214.7 0  1001.4 0
 1998 152  6  1  4 12  4.200 118.28    -6.6 0    -0.2 0     0.0 0    -0.2 0   420.1 0   303.2 0   302.6 0   455.9 0   300.3 0   300.2 0     0.0 0     0.1 0     0.0 0   -35.7 0   -35.7 0    27.4 0    47.1 1     1.8 0   219.7 0  1001.4 0
 1998 152  6  1  4 15  4.250 118.57    -6.7 0    -0.1 0    -0.1 0    -0.1 0   419.7 0   303.2 0   302.6 0   454.9 0   300.3 0   300.2 0     0.0 0     0.1 0     0.0 0   -35.2 0   -35.2 0    27.4 0    47.2 1     1.4 0   226.2 0  1001.3 0
 1998 152  6  1  4 18  4.300 118.85    -6.7 0    -0.1 0    -0.1 0    -0.1 0   419.5 0   303.2 0   302.6 0   454.9 0   300.3 0   300.1 0     0.0 0     0.0 0     0.0 0   -35.4 0   -35.4 0    27.3 0    47.3 1     1.8 0   220.9 0  1001.5 0
 1998 152  6  1  4 21  4.350 119.12    -6.6 0    -0.1 0    -0.1 0    -0.1 0   419.4 0   303.2 0   302.6 0   454.6 0   300.2 0   300.1 0     0.0 0     0.0 0     0.0 0   -35.2 0   -35.2 0    27.2 0    47.4 1     1.7 0   220.7 0  1001.1 0
 1998 152  6  1  4 24  4.400 119.39    -6.6 0    -0.2 0    -0.1 0     0.0 0   420.1 0   303.2 0   302.6 0   454.6 0   300.2 0   300.1 0     0.0 0     0.0 0     0.0 0   -34.5 0   -34.5 0    27.2 0    47.5 1     1.8 0   223.8 0  1001.9 0
 1998 152  6  1  4 27  4.450 119.65    -6.6 0    -0.2 0    -0.1 0     0.0 0   420.5 0   303.2 0   302.6 0   454.8 0   300.2 0   300.1 0     0.0 0     0.1 0     0.0 0   -34.4 0   -34.4 0    27.2 0    47.6 1     1.8 0   222.8 0  1001.6 0
 1998 152  6  1  4 30  4.500 119.91    -6.5 0    -0.2 0    -0.1 0     0.0 0   420.2 0   303.2 0   302.6 0   454.9 0   300.2 0   300.1 0     0.0 0     0.1 0     0.0 0   -34.7 0   -34.7 0    27.2 0    47.7 1     2.0 0   219.6 0  1001.9 0
 1998 152  6  1  4 33  4.550 120.15    -6.7 0    -0.2 0     0.0 0     0.0 0   420.1 0   303.2 0   302.5 0   455.3 0   300.2 0   300.1 0     0.0 0     0.0 0     0.0 0   -35.2 0   -35.2 0    27.2 0    47.7 1     2.0 0   223.0 0  1002.0 0
 1998 152  6  1  4 36  4.600 120.39    -6.7 0    -0.2 0     0.1 0    -0.1 0   420.0 0   303.1 0   302.5 0   455.4 0   300.2 0   300.0 0     0.0 0     0.1 0     0.0 0   -35.4 0   -35.4 0    27.2 0    47.8 1     1.9 0   218.7 0  1002.1 0
 1998 152  6  1  4 39  4.650 120.62    -6.7 0    -0.2 0     0.0 0    -0.1 0   419.7 0   303.1 0   302.5 0   455.4 0   300.2 0   300.0 0     0.0 0     0.1 0     0.0 0   -35.7 0   -35.7 0    27.3 0    47.8 1     2.0 0   218.2 0  1001.8 0
 1998 152  6  1  4 42  4.700 120.85    -6.7 0    -0.2 0     0.0 0    -0.1 0   419.5 0   303.1 0   302.5 0   455.0 0   300.2 0   300.0 0     0.0 0     0.0 0     0.0 0   -35.5 0   -35.5 0    27.2 0    47.8 1     1.9 0   230.1 0  1001.7 0
 1998 152  6  1  4 45  4.750 121.06    -6.8 0    -0.2 0    -0.1 0     0.0 0   419.4 0   303.1 0   302.5 0   455.3 0   300.2 0   300.0 0     0.0 0     0.0 0     0.0 0   -35.9 0   -35.9 0    27.2 0    47.9 1     2.0 0   222.9 0  1002.0 0
 1998 152  6  1  4 48  4.800 121.27    -6.9 0    -0.2 0     0.0 0    -0.4 0   419.0 0   303.1 0   302.5 0   455.4 0   300.1 0   300.0 0     0.0 0     0.1 0     0.0 0   -36.3 0   -36.3 0    27.1 0    48.1 1     2.3 0   216.4 0  1002.5 0
 1998 152  6  1  4 51  4.850 121.47    -6.8 0    -0.2 0     0.2 0    -0.5 0   419.1 0   303.1 0   302.5 0   455.7 0   300.1 0   300.0 0     0.0 0     0.1 0     0.0 0   -36.7 0   -36.7 0    27.2 0    48.1 1     2.1 0   214.2 0  1002.5 0
 1998 152  6  1  4 54  4.900 121.66    -6.7 0    -0.2 0     0.0 0    -0.2 0   418.3 0   303.1 0   302.5 0   455.6 0   300.1 0   300.0 0     0.0 0     0.1 0     0.0 0   -37.3 0   -37.3 0    27.2 0    48.2 1     2.0 0   219.2 0  1002.4 0
 1998 152  6  1  4 57  4.950 121.84    -6.7 0     0.0 0    -0.2 0    -0.2 0   418.2 0   303.1 0   302.5 0   454.4 0   300.1 0   300.0 0     0.0 0     0.1 0     0.0 0   -36.2 0   -36.2 0    27.2 0    48.5 1     1.5 0   225.5 0  1002.6 0
 1998 152  6  1  5  0  5.000 122.02    -6.7 0     0.0 0    -0.1 0    -0.2 0   417.6 0   303.1 0   302.4 0   454.2 0   300.1 0   299.9 0     0.0 0     0.1 0     0.0 0   -36.6 0   -36.6 0    27.1 0    48.8 1     1.6 0   224.6 0  1002.6 0
 1998 152  6  1  5  3  5.050 122.19    -6.6 0    -0.1 0    -0.3 0     0.1 0   416.3 0   303.0 0   302.4 0   453.7 0   300.1 0   299.9 0     0.0 0     0.1 0     0.0 0   -37.4 0   -37.4 0    27.1 0    49.0 1     1.5 0   207.9 0  1002.7 0
 1998 152  6  1  5  6  5.100 122.35    -6.5 0    -0.1 0    -0.3 0     0.1 0   416.2 0   303.0 0   302.4 0   453.1 0   300.0 0   299.9 0     0.0 0     0.0 0     0.0 0   -36.9 0   -36.9 0    27.0 0    49.3 1     1.3 0   216.2 0  1002.7 0
 1998 152  6  1  5  9  5.150 122.50    -6.4 0    -0.1 0    -0.2 0     0.1 0   416.3 0   303.0 0   302.4 0   452.9 0   300.0 0   299.8 0     0.0 0     0.1 0     0.0 0   -36.5 0   -36.5 0    27.0 0    49.5 1     1.6 0   220.8 0  1002.7 0
 1998 152  6  1  5 12  5.200 122.64    -6.5 0    -0.2 0    -0.2 0     0.0 0   417.2 0   303.0 0   302.3 0   453.7 0   300.0 0   299.8 0     0.0 0     0.1 0     0.0 0   -36.4 0   -36.4 0    27.0 0    49.7 1     2.2 0   206.6 0  1002.9 0
 1998 152  6  1  5 15  5.250 122.77    -6.5 0    -0.2 0    -0.2 0     0.1 0   417.0 0   302.9 0   302.3 0   453.5 0   299.9 0   299.8 0     0.0 0     0.0 0     0.0 0   -36.6 0   -36.6 0    27.0 0    49.7 1     1.6 0   216.7 0  1002.7 0
 1998 152  6  1  5 18  5.300 122.90    -6.3 0    -0.2 0    -0.1 0     0.1 0   416.6 0   302.9 0   302.3 0   453.3 0   299.9 0   299.8 0     0.0 0     0.1 0     0.0 0   -36.7 0   -36.7 0    26.9 0    49.9 1     1.6 0   210.2 0  1002.7 0
 1998 152  6  1  5 21  5.350 123.01    -6.3 0    -0.1 0    -0.2 0     0.1 0   416.5 0   302.9 0   302.3 0   453.2 0   299.9 0   299.8 0     0.0 0     0.0 0     0.0 0   -36.7 0   -36.7 0    27.0 0    50.0 1     1.7 0   213.2 0  1002.8 0
 1998 152  6  1  5 24  5.400 123.12    -6.5 0    -0.2 0    -0.1 0    -0.1 0   416.1 0   302.9 0   302.2 0   453.2 0   299.9 0   299.8 0     0.0 0     0.1 0     0.0 0   -37.1 0   -37.1 0    26.9 0    50.1 1     1.7 0   224.7 0  1002.8 0
 1998 152  6  1  5 27  5.450 123.22    -6.6 0    -0.1 0     0.0 0     0.0 0   415.1 0   302.8 0   302.2 0   453.0 0   299.9 0   299.7 0     0.0 0     0.1 0     0.0 0   -37.9 0   -37.9 0    26.9 0    50.2 1     1.6 0   216.1 0  1002.8 0
 1998 152  6  1  5 30  5.500 123.31    -6.6 0    -0.2 0     0.1 0     0.0 0   414.8 0   302.8 0   302.2 0   453.1 0   299.9 0   299.7 0     0.0 0     0.1 0     0.0 0   -38.3 0   -38.3 0    26.9 0    50.3 1     1.7 0   214.3 0  1002.4 0
 1998 152  6  1  5 33  5.550 123.39    -6.6 0    -0.1 0     0.0 0    -0.1 0   414.5 0   302.8 0   302.2 0   452.4 0   299.8 0   299.7 0     0.0 0     0.1 0     0.0 0   -37.9 0   -37.9 0    26.9 0    50.4 1     1.6 0   224.5 0  1002.1 0
 1998 152  6  1  5 36  5.600 123.46    -6.6 0    -0.1 0    -0.1 0     0.1 0   413.8 0   302.8 0   302.2 0   451.9 0   299.8 0   299.7 0     0.0 0     0.0 0     0.0 0   -38.1 0   -38.1 0    26.9 0    50.5 1     1.4 0   221.4 0  1002.6 0
 1998 152  6  1  5 39  5.650 123.53    -6.4 0    -0.1 0    -0.1 0     0.0 0   413.7 0   302.8 0   302.2 0   451.4 0   299.8 0   299.6 0     0.0 0     0.1 0     0.0 0   -37.6 0   -37.6 0    26.9 0    50.6 1     1.4 0   215.8 0  1002.5 0
 1998 152  6  1  5 42  5.700 123.58    -6.5 0    -0.2 0     0.0 0     0.0 0   413.9 0   302.8 0   302.2 0   451.9 0   299.8 0   299.6 0     0.0 0     0.0 0     0.0 0   -38.0 0   -38.0 0    26.9 0    50.7 1     1.5 0   215.6 0  1002.3 0
 1998 152  6  1  5 45  5.750 123.63    -6.4 0    -0.2 0    -0.1 0     0.1 0   413.2 0   302.7 0   302.1 0   451.4 0   299.8 0   299.6 0     0.0 0     0.1 0     0.0 0   -38.2 0   -38.2 0    26.9 0    50.8 1     1.4 0   212.8 0  1002.4 0
 1998 152  6  1  5 48  5.800 123.66    -6.5 0    -0.2 0    -0.1 0    -0.1 0   413.3 0   302.7 0   302.1 0   451.8 0   299.7 0   299.6 0     0.0 0     0.1 0     0.0 0   -38.5 0   -38.5 0    26.8 0    50.9 1     1.6 0   207.5 0  1002.0 0
 1998 152  6  1  5 51  5.850 123.69    -6.5 0    -0.2 0     0.0 0     0.0 0   412.9 0   302.7 0   302.1 0   452.0 0   299.7 0   299.6 0     0.0 0     0.1 0     0.0 0   -39.1 0   -39.1 0    26.8 0    51.0 1     1.7 0   209.6 0  1002.1 0
 1998 152  6  1  5 54  5.900 123.71    -6.5 0    -0.2 0     0.0 0    -0.1 0   412.7 0   302.7 0   302.1 0   451.9 0   299.7 0   299.6 0     0.0 0     0.1 0     0.0 0   -39.2 0   -39.2 0    26.8 0    51.0 1     1.6 0   207.1 0  1002.1 0
 1998 152  6  1  5 57  5.950 123.72    -6.5 0    -0.2 0     0.0 0    -0.1 0   412.4 0   302.7 0   302.0 0   452.1 0   299.7 0   299.6 0     0.0 0     0.0 0     0.0 0   -39.7 0   -39.7 0    26.9 0    51.0 1     1.7 0   207.0 0  1001.3 0
 1998 152  6  1  6  0  6.000 123.72    -6.5 0    -0.2 0    -0.1 0    -0.1 0   411.6 0   302.6 0   302.0 0   451.5 0   299.7 0   299.6 0     0.0 0     0.1 0     0.0 0   -40.0 0   -40.0 0    26.8 0    51.1 1     1.3 0   206.5 0  1002.0 0
 1998 152  6  1  6  3  6.050 123.71    -6.6 0    -0.2 0     0.0 0    -0.4 0   411.4 0   302.6 0   302.0 0   451.6 0   299.7 0   299.5 0     0.0 0     0.1 0     0.0 0   -40.2 0   -40.2 0    26.8 0    51.2 1     1.7 0   213.9 0  1001.5 0
 1998 152  6  1  6  6  6.100 123.69    -6.6 0    -0.2 0     0.0 0    -0.1 0   410.5 0   302.6 0   302.0 0   450.9 0   299.7 0   299.5 0     0.0 0     0.1 0     0.0 0   -40.5 0   -40.5 0    26.8 0    51.3 1     1.5 0   214.6 0  1001.9 0
 1998 152  6  1  6  9  6.150 123.67    -6.6 0    -0.2 0     0.0 0    -0.1 0   410.3 0   302.6 0   302.0 0   450.6 0   299.6 0   299.5 0     0.0 0     0.1 0     0.0 0   -40.4 0   -40.4 0    26.8 0    51.4 1     1.6 0   213.5 0  1002.3 0
 1998 152  6  1  6 12  6.200 123.63    -6.6 0    -0.2 0     0.0 0    -0.1 0   410.4 0   302.6 0   302.0 0   450.1 0   299.6 0   299.5 0     0.0 0     0.1 0     0.0 0   -39.7 0   -39.7 0    26.8 0    51.5 1     1.3 0   217.6 0  1001.6 0
 1998 152  6  1  6 15  6.250 123.59    -6.7 0    -0.2 0     0.1 0    -0.2 0   410.7 0   302.6 0   302.0 0   450.5 0   299.6 0   299.5 0     0.0 0     0.1 0     0.0 0   -39.8 0   -39.8 0    26.7 0    51.7 1     1.4 0   222.1 0  1001.5 0
 1998 152  6  1  6 18  6.300 123.53    -6.7 0    -0.1 0    -0.1 0    -0.1 0   410.4 0   302.6 0   302.0 0   449.4 0   299.6 0   299.4 0     0.0 0     0.1 0     0.0 0   -38.9 0   -38.9 0    26.7 0    51.9 1     1.2 0   225.8 0  1001.7 0
 1998 152  6  1  6 21  6.350 123.47    -6.5 0    -0.2 0    -0.2 0     0.0 0   410.3 0   302.6 0   302.0 0   448.6 0   299.5 0   299.4 0     0.0 0     0.0 0     0.0 0   -38.3 0   -38.3 0    26.7 0    52.2 1     1.1 0   222.2 0  1002.0 0
 1998 152  6  1  6 24  6.400 123.40    -6.3 0    -0.2 0    -0.3 0     0.1 0   410.2 0   302.5 0   301.9 0   448.2 0   299.5 0   299.4 0     0.0 0     0.1 0     0.0 0   -37.9 0   -37.9 0    26.6 0    52.4 1     1.2 0   210.9 0  1001.8 0
 1998 152  6  1  6 27  6.450 123.32    -6.3 0    -0.2 0    -0.3 0     0.2 0   410.4 0   302.5 0   301.9 0   447.8 0   299.5 0   299.3 0     0.0 0     0.1 0     0.0 0   -37.4 0   -37.4 0    26.6 0    52.6 1     1.0 0   214.2 0  1001.7 0
 1998 152  6  1  6 30  6.500 123.23    -6.2 0    -0.2 0    -0.4 0     0.2 0   410.3 0   302.5 0   301.9 0   447.7 0   299.4 0   299.3 0     0.0 0     0.0 0     0.0 0   -37.3 0   -37.3 0    26.6 0    52.8 1     1.2 0   212.7 0  1001.1 0
 1998 152  6  1  6 33  6.550 123.13    -6.2 0    -0.3 0    -0.3 0     0.2 0   410.2 0   302.4 0   301.8 0   447.8 0   299.4 0   299.3 0     0.0 0     0.1 0     0.0 0   -37.6 0   -37.6 0    26.6 0    53.0 1     1.3 0   204.8 0  1001.7 0
 1998 152  6  1  6 36  6.600 123.02    -6.2 0    -0.3 0    -0.2 0     0.1 0   410.1 0   302.4 0   301.8 0   447.9 0   299.4 0   299.2 0     0.0 0     0.1 0     0.0 0   -37.9 0   -37.9 0    26.5 0    53.2 1     1.1 0   203.3 0  1001.1 0
 1998 152  6  1  6 39  6.650 122.91    -6.1 0    -0.2 0    -0.1 0     0.1 0   409.9 0   302.4 0   301.8 0   447.1 0   299.3 0   299.2 0     0.0 0     0.1 0     0.0 0   -37.2 0   -37.2 0    26.5 0    53.4 1     1.0 0   197.5 0  1001.0 0
 1998 152  6  1  6 42  6.700 122.78    -6.1 0    -0.2 0    -0.2 0     0.2 0   409.5 0   302.3 0   301.7 0   446.6 0   299.3 0   299.2 0     0.0 0     0.1 0     0.0 0   -37.2 0   -37.2 0    26.5 0    53.6 1     0.9 0   192.1 0  1001.4 0
 1998 152  6  1  6 45  6.750 122.65    -6.0 0    -0.2 0    -0.3 0     0.3 0   409.6 0   302.3 0   301.7 0   446.3 0   299.3 0   299.1 0     0.0 0     0.1 0     0.0 0   -36.6 0   -36.6 0    26.5 0    53.9 1     0.9 0   193.1 0  1002.0 0
 1998 152  6  1  6 48  6.800 122.51    -5.9 0    -0.2 0    -0.4 0     0.3 0   409.9 0   302.2 0   301.6 0   446.4 0   299.2 0   299.1 0     0.0 0     0.1 0     0.0 0   -36.5 0   -36.5 0    26.4 0    54.1 1     0.9 0   195.9 0  1001.6 0
 1998 152  6  1  6 51  6.850 122.36    -5.9 0    -0.3 0    -0.4 0     0.5 0   409.6 0   302.2 0   301.5 0   445.9 0   299.2 0   299.0 0     0.0 0     0.0 0     0.0 0   -36.3 0   -36.3 0    26.4 0    54.4 1     1.0 0   201.8 0  1001.4 0
 1998 152  6  1  6 54  6.900 122.20    -5.8 0    -0.3 0    -0.3 0     0.1 0   410.4 0   302.1 0   301.5 0   445.8 0   299.1 0   299.0 0     0.0 0     0.1 0     0.0 0   -35.4 0   -35.4 0    26.4 0    54.7 1     1.0 0   207.4 0  1001.5 0
 1998 152  6  1  6 57  6.950 122.03    -5.9 0    -0.4 0    -0.2 0     0.3 0   410.2 0   302.1 0   301.5 0   445.9 0   299.1 0   299.0 0     0.0 0     0.0 0     0.0 0   -35.8 0   -35.8 0    26.4 0    54.9 1     1.0 0   210.9 0  1001.5 0
 1998 152  6  1  7  0  7.000 121.86    -5.9 0    -0.4 0    -0.2 0     0.1 0   410.5 0   302.0 0   301.4 0   445.8 0   299.1 0   298.9 0     0.0 0     0.1 0     0.0 0   -35.3 0   -35.3 0    26.4 0    55.1 1     1.0 0   208.8 0  1001.7 0
 1998 152  6  1  7  3  7.050 121.68    -5.9 0    -0.4 0    -0.1 0     0.0 0   410.3 0   302.0 0   301.4 0   445.8 0   299.1 0   298.9 0     0.0 0     0.1 0     0.0 0   -35.5 0   -35.5 0    26.3 0    55.3 1     1.1 0   210.5 0  1001.2 0
 1998 152  6  1  7  6  7.100 121.48    -5.9 0    -0.4 0    -0.2 0     0.1 0   410.2 0   301.9 0   301.4 0   445.7 0   299.0 0   298.9 0     0.0 0     0.1 0     0.0 0   -35.5 0   -35.5 0    26.3 0    55.4 1     1.2 0   211.1 0  1001.3 0
 1998 152  6  1  7  9  7.150 121.28    -5.9 0    -0.4 0    -0.1 0     0.1 0   410.1 0   301.9 0   301.4 0   445.4 0   299.0 0   298.9 0     0.0 0     0.1 0     0.0 0   -35.3 0   -35.3 0    26.3 0    55.5 1     0.8 0   215.7 0  1001.0 0
 1998 152  6  1  7 12  7.200 121.08    -5.9 0    -0.2 0    -0.3 0     0.2 0   409.9 0   301.9 0   301.3 0   444.2 0   299.0 0   298.8 0     0.0 0     0.1 0     0.0 0   -34.4 0   -34.4 0    26.3 0    55.6 1     0.3 0   238.2 0  1000.3 0
 1998 152  6  1  7 15  7.250 120.86    -5.9 0    -0.2 0    -0.4 0     0.5 0   409.8 0   301.8 0   301.2 0   443.6 0   298.9 0   298.8 0     0.0 0     0.1 0     0.0 0   -33.8 0   -33.8 0    26.3 0    55.7 1     0.6 0   228.4 0  1000.7 0
 1998 152  6  1  7 18  7.300 120.64    -5.8 0    -0.4 0    -0.3 0     0.3 0   409.9 0   301.8 0   301.2 0   444.1 0   298.9 0   298.8 0     0.0 0     0.1 0     0.0 0   -34.3 0   -34.3 0    26.2 0    55.9 1     0.9 0   217.6 0  1001.4 0
 1998 152  6  1  7 21  7.350 120.41    -5.7 0    -0.4 0    -0.3 0     0.3 0   409.9 0   301.7 0   301.1 0   443.5 0   298.9 0   298.7 0     0.0 0     0.1 0     0.0 0   -33.6 0   -33.6 0    26.2 0    56.1 1     0.7 0   235.9 0  1000.9 0
 1998 152  6  1  7 24  7.400 120.17    -5.7 0    -0.4 0    -0.4 0     0.4 0   409.5 0   301.7 0   301.1 0   443.8 0   298.9 0   298.7 0     0.0 0     0.0 0     0.0 0   -34.3 0   -34.3 0    26.2 0    56.3 1     1.1 0   211.7 0  1000.2 0
 1998 152  6  1  7 27  7.450 119.93    -5.8 0    -0.7 0    -0.3 0     0.4 0   412.5 0   301.6 0   301.0 0   445.1 0   298.8 0   298.7 0     0.0 0     0.1 0     0.0 0   -32.6 0   -32.6 0    26.2 0    56.6 1     1.3 0   216.3 0  1001.4 0
 1998 152  6  1  7 30  7.500 119.67    -5.9 0    -0.5 0    -0.1 0     0.2 0   418.7 0   301.6 0   301.0 0   444.9 0   298.8 0   298.7 0     0.0 0     0.1 0     0.0 0   -26.2 0   -26.2 0    26.2 0    56.8 1     1.0 0   225.1 0  1001.4 0
 1998 152  6  1  7 33  7.550 119.41    -5.8 0    -0.4 0    -0.1 0     0.3 0   421.7 0   301.5 0   301.0 0   445.6 0   298.8 0   298.7 0     0.0 0     0.2 0     0.0 0   -23.9 0   -23.9 0    26.1 0    56.9 1     1.4 0   214.7 0  1001.8 0
 1998 152  6  1  7 36  7.600 119.14    -5.8 0    -0.6 0     0.3 0     0.2 0   426.0 0   301.5 0   301.0 0   447.0 0   298.8 0   298.7 0     0.0 0     0.1 0     0.0 0   -21.0 0   -21.0 0    26.2 0    57.1 1     1.4 0   226.2 0  1001.9 0
 1998 152  6  1  7 39  7.650 118.87    -5.6 0    -0.3 0     0.0 0     0.3 0   429.3 0   301.5 0   301.0 0   447.6 0   298.8 0   298.7 0     0.0 0     0.0 0     0.0 0   -18.2 0   -18.2 0    26.2 0    57.1 1     1.2 0   233.0 0  1002.3 0
 1998 152  6  1  7 42  7.700 118.59    -5.5 0    -0.2 0     0.1 0     0.2 0   428.1 0   301.5 0   301.0 0   448.1 0   298.8 0   298.7 0     0.0 0     0.1 0     0.0 0   -20.0 0   -20.0 0    26.1 0    57.2 1     0.7 0   235.3 0  1002.0 0
 1998 152  6  1  7 45  7.750 118.30    -5.6 0    -0.2 0     0.1 0     0.2 0   422.6 0   301.5 0   301.0 0   447.9 0   298.8 0   298.7 0     0.0 0     0.1 0     0.0 0   -25.3 0   -25.3 0    26.1 0    57.3 1     0.5 0   239.1 0  1001.8 0
 1998 152  6  1  7 48  7.800 118.00    -5.6 0    -0.2 0    -0.2 0     0.4 0   418.1 0   301.5 0   301.0 0   446.6 0   298.8 0   298.6 0     0.0 0     0.1 0     0.0 0   -28.4 0   -28.4 0    26.1 0    57.4 1     0.7 0   232.5 0  1001.1 0
 1998 152  6  1  7 51  7.850 117.70    -5.7 0    -0.2 0    -0.3 0     0.4 0   414.8 0   301.5 0   300.9 0   445.7 0   298.8 0   298.6 0     0.0 0     0.1 0     0.0 0   -31.0 0   -31.0 0    26.1 0    57.5 1     0.6 0   224.9 0  1001.9 0
 1998 152  6  1  7 54  7.900 117.39    -5.8 0    -0.3 0    -0.1 0     0.2 0   412.5 0   301.5 0   300.9 0   445.3 0   298.8 0   298.6 0     0.0 0     0.0 0     0.0 0   -32.7 0   -32.7 0    26.1 0    57.6 1     0.9 0   235.1 0  1001.5 0
 1998 152  6  1  7 57  7.950 117.08    -5.9 0    -0.8 0     0.2 0    -0.1 0   415.3 0   301.5 0   300.9 0   448.5 0   298.8 0   298.7 0     0.0 0     0.1 0     0.0 0   -33.1 0   -33.1 0    26.1 0    57.7 1     1.6 0   241.9 0  1001.6 0
 1998 152  6  1  8  0  8.000 116.76    -5.9 0    -0.2 0    -0.1 0     0.1 0   414.7 0   301.5 0   300.9 0   447.9 0   298.8 0   298.6 0     0.0 0     0.1 0     0.0 0   -33.2 0   -33.2 0    26.1 0    57.5 1     0.6 0   275.4 0  1002.1 0
 1998 152  6  1  8  3  8.050 116.43    -6.0 0     0.1 0    -0.5 0     0.4 0   413.1 0   301.4 0   300.8 0   445.9 0   298.8 0   298.6 0     0.0 0     0.1 0     0.0 0   -32.8 0   -32.8 0    26.1 0    57.5 1     0.8 0   292.8 0  1002.0 0
 1998 152  6  1  8  6  8.100 116.09    -6.1 0     0.0 0    -0.4 0     0.3 0   411.4 0   301.4 0   300.8 0   444.0 0   298.7 0   298.6 0     0.0 0     0.1 0     0.0 0   -32.6 0   -32.6 0    26.0 0    57.6 1     0.9 0   302.2 0  1001.3 0
 1998 152  6  1  8  9  8.150 115.75    -6.1 0    -0.2 0    -0.8 0     0.7 0   410.5 0   301.3 0   300.6 0   443.4 0   298.7 0   298.5 0     0.0 0     0.1 0     0.0 0   -32.9 0   -32.9 0    25.9 0    57.8 1     1.2 0   292.6 0  1002.2 0
 1998 152  6  1  8 12  8.200 115.41    -6.1 0    -0.2 0    -0.9 0     0.7 0   408.8 0   301.2 0   300.6 0   442.5 0   298.6 0   298.5 0     0.0 0     0.1 0     0.0 0   -33.7 0   -33.7 0    25.9 0    58.0 1     1.0 0   272.7 0  1001.5 0
 1998 152  6  1  8 15  8.250 115.05    -6.1 0     0.0 0    -0.5 0     0.7 0   409.5 0   301.2 0   300.5 0   442.3 0   298.6 0   298.4 0     0.0 0     0.1 0     0.0 0   -32.8 0   -32.8 0    25.8 0    58.2 1     1.1 0   319.0 0  1002.0 0
 1998 152  6  1  8 18  8.300 114.69    -6.1 0    -0.6 0    -0.4 0     0.3 0   410.4 0   301.1 0   300.5 0   444.0 0   298.5 0   298.4 0     0.0 0     0.0 0     0.0 0   -33.6 0   -33.6 0    25.8 0    58.8 1     1.0 0   248.3 0  1001.5 0
 1998 152  6  1  8 21  8.350 114.33    -6.0 0    -0.5 0     0.0 0     0.3 0   409.4 0   301.0 0   300.5 0   443.3 0   298.5 0   298.4 0     0.0 0     0.0 0     0.0 0   -33.9 0   -33.9 0    25.8 0    59.1 1     1.3 0   264.9 0  1001.5 0
 1998 152  6  1  8 24  8.400 113.96    -5.9 0    -0.8 0     0.1 0     0.1 0   408.8 0   301.0 0   300.4 0   445.2 0   298.5 0   298.4 0     0.0 0     0.0 0     0.0 0   -36.4 0   -36.4 0    25.8 0    59.4 1     1.7 0   246.8 0  1002.0 0
 1998 152  6  1  8 27  8.450 113.58    -6.1 0    -0.8 0     0.9 0    -0.3 0   408.4 0   301.0 0   300.5 0   446.2 0   298.5 0   298.4 0     0.0 0     0.1 0     0.0 0   -37.7 0   -37.7 0    25.8 0    59.5 1     1.7 0   248.5 0  1001.6 0
 1998 152  6  1  8 30  8.500 113.20    -6.3 0    -0.8 0     1.3 0    -0.5 0   410.0 0   301.0 0   300.5 0   448.8 0   298.6 0   298.4 0     0.0 0     0.1 0     0.0 0   -38.8 0   -38.8 0    25.9 0    59.6 1     2.0 0   247.3 0  1000.3 0
 1998 152  6  1  8 33  8.550 112.82    -6.6 0    -0.6 0     1.3 0    -0.6 0   408.7 0   301.1 0   300.6 0   449.6 0   298.6 0   298.5 0     0.0 0     0.0 0     0.0 0   -40.8 0   -40.8 0    25.9 0    59.6 1     2.1 0   243.3 0  1001.6 0
 1998 152  6  1  8 36  8.600 112.43    -6.8 0    -0.5 0     0.9 0    -0.7 0   407.8 0   301.2 0   300.6 0   449.9 0   298.6 0   298.5 0     0.0 0     0.0 0     0.0 0   -42.1 0   -42.1 0    26.0 0    59.6 1     2.2 0   239.8 0  1002.0 0
 1998 152  6  1  8 39  8.650 112.03    -6.8 0    -0.2 0     0.4 0    -0.7 0   407.2 0   301.2 0   300.7 0   449.9 0   298.6 0   298.5 0     0.0 0     0.1 0     0.0 0   -42.7 0   -42.7 0    26.0 0    59.5 1     1.9 0   244.9 0  1000.2 0
 1998 152  6  1  8 42  8.700 111.63    -6.9 0    -0.1 0     0.2 0    -0.7 0   407.3 0   301.3 0   300.7 0   449.5 0   298.7 0   298.5 0     0.0 0     0.1 0     0.0 0   -42.2 0   -42.2 0    26.0 0    59.5 1     1.6 0   247.3 0  1000.4 0
 1998 152  6  1  8 45  8.750 111.22    -6.9 0    -0.2 0     0.3 0    -0.6 0   406.9 0   301.4 0   300.8 0   449.9 0   298.7 0   298.6 0     0.0 0     0.1 0     0.0 0   -43.0 0   -43.0 0    26.0 0    59.5 1     1.7 0   243.4 0  1000.1 0
 1998 152  6  1  8 48  8.800 110.81    -6.8 0    -0.1 0     0.2 0    -0.5 0   406.5 0   301.4 0   300.9 0   449.4 0   298.7 0   298.6 0     0.0 0     0.0 0     0.0 0   -42.9 0   -42.9 0    26.0 0    59.4 1     1.5 0   241.4 0  1000.0 0
 1998 152  6  1  8 51  8.850 110.39    -6.8 0     0.0 0     0.1 0    -0.4 0   406.7 0   301.5 0   300.9 0   449.1 0   298.7 0   298.6 0     0.0 0     0.1 0     0.0 0   -42.4 0   -42.4 0    26.0 0    59.4 1     1.6 0   253.4 0  1000.2 0
 1998 152  6  1  8 54  8.900 109.97    -6.9 0     0.0 0     0.4 0    -0.6 0   407.0 0   301.5 0   301.0 0   449.0 0   298.7 0   298.6 0     0.0 0     0.1 0     0.0 0   -42.0 0   -42.0 0    26.0 0    59.3 1     1.0 0   265.5 0  1000.5 0
 1998 152  6  1  8 57  8.950 109.55    -6.9 0     0.1 0     0.0 0    -0.6 0   408.0 0   301.6 0   301.0 0   447.5 0   298.7 0   298.5 0     0.0 0     0.2 0     0.0 0   -39.6 0   -39.6 0    25.9 0    59.4 1     1.4 0   265.0 0   999.8 0
 1998 152  6  1  9  0  9.000 109.12    -6.9 0     0.2 0    -0.2 0     0.0 0   406.4 0   301.6 0   301.0 0   446.2 0   298.7 0   298.5 0     0.0 0     0.0 0     0.0 0   -39.8 0   -39.8 0    25.9 0    59.3 1     1.1 0   272.5 0  1000.5 0
 1998 152  6  1  9  3  9.050 108.68    -6.8 0     0.3 0    -0.2 0    -0.3 0   408.3 0   301.6 0   301.0 0   444.8 0   298.6 0   298.5 0     0.0 0     0.1 0     0.0 0   -36.5 0   -36.5 0    25.8 0    59.4 1     1.1 0   261.4 0  1000.5 0
 1998 152  6  1  9  6  9.100 108.24    -6.7 0    -0.1 0     0.0 0     0.0 0   406.9 0   301.6 0   301.0 0   445.6 0   298.6 0   298.5 0     0.0 0     0.0 0     0.0 0   -38.7 0   -38.7 0    25.9 0    59.5 1     1.5 0   254.3 0   999.8 0
 1998 152  6  1  9  9  9.150 107.80    -6.6 0    -0.2 0     0.0 0     0.4 0   406.1 0   301.6 0   301.0 0   445.9 0   298.6 0   298.4 0     0.0 0     0.0 0     0.0 0   -39.8 0   -39.8 0    25.8 0    59.6 1     1.3 0   251.5 0  1000.1 0
 1998 152  6  1  9 12  9.200 107.35    -6.7 0    -0.3 0     0.4 0     0.1 0   408.0 0   301.6 0   300.9 0   445.4 0   298.6 0   298.4 0     0.0 0     0.0 0     0.0 0   -37.5 0   -37.5 0    25.8 0    59.7 1     1.3 0   258.5 0  1000.2 0
 1998 152  6  1  9 15  9.250 106.90    -6.7 0    -0.2 0     0.1 0     0.0 0   409.3 0   301.5 0   300.9 0   445.7 0   298.6 0   298.4 0     0.0 0     0.1 0     0.0 0   -36.4 0   -36.4 0    25.8 0    59.8 1     1.1 0   276.9 0  1000.2 0
 1998 152  6  1  9 18  9.300 106.44    -6.6 0    -0.1 0     0.0 0     0.0 0   409.3 0   301.5 0   300.9 0   446.3 0   298.5 0   298.4 0     0.0 0     0.1 0     0.0 0   -37.0 0   -37.0 0    25.8 0    59.8 1     1.5 0   270.7 0  1000.1 0
 1998 152  6  1  9 21  9.350 105.98    -6.6 0    -0.1 0     0.0 0     0.3 0   408.7 0   301.5 0   300.9 0   446.0 0   298.5 0   298.4 0     0.0 0     0.0 0     0.0 0   -37.3 0   -37.3 0    25.7 0    59.9 1     1.3 0   273.1 0  1000.1 0
 1998 152  6  1  9 24  9.400 105.52    -6.5 0     0.1 0    -0.2 0    -0.3 0   411.5 0   301.5 0   300.8 0   445.4 0   298.5 0   298.3 0     0.0 0     0.1 0     0.0 0   -33.9 0   -33.9 0    25.6 0    60.0 1     1.3 0   278.6 0  1000.7 0
 1998 152  6  1  9 27  9.450 105.05    -6.5 0    -0.1 0    -0.1 0    -0.1 0   410.0 0   301.5 0   300.9 0   444.9 0   298.4 0   298.3 0     0.0 0     0.2 0     0.0 0   -34.9 0   -34.9 0    25.6 0    60.1 1     1.3 0   264.2 0  1000.4 0
 1998 152  6  1  9 30  9.500 104.58    -6.4 0    -0.2 0    -0.1 0     0.3 0   408.3 0   301.4 0   300.8 0   443.7 0   298.4 0   298.3 0     0.0 0     0.0 0     0.0 0   -35.4 0   -35.4 0    25.6 0    60.3 1     1.1 0   267.9 0  1000.2 0
 1998 152  6  1  9 33  9.550 104.11    -6.3 0    -0.2 0    -0.1 0     0.1 0   409.3 0   301.4 0   300.8 0   443.2 0   298.4 0   298.2 0     0.0 0     0.2 0     0.0 0   -33.8 0   -33.8 0    25.6 0    60.4 1     0.8 0   284.1 0  1001.0 0
 1998 152  6  1  9 36  9.600 103.63    -6.1 0    -0.2 0    -0.1 0     0.1 0   409.4 0   301.4 0   300.8 0   442.9 0   298.4 0   298.2 0     0.0 0     0.1 0     0.0 0   -33.5 0   -33.5 0    25.5 0    60.5 1     0.7 0   270.8 0  1001.5 0
 1998 152  6  1  9 39  9.650 103.15    -6.0 0    -0.3 0     0.1 0     0.2 0   409.0 0   301.4 0   300.8 0   442.6 0   298.3 0   298.2 0     0.0 0    -0.2 0     0.0 0   -33.6 0   -33.6 0    25.5 0    60.7 1     0.6 0   243.8 0  1001.7 0
 1998 152  6  1  9 42  9.700 102.66    -6.0 0    -0.2 0     0.2 0     0.7 0   407.4 0   301.4 0   300.8 0   442.3 0   298.3 0   298.2 0     0.0 0    -0.1 0     0.0 0   -34.9 0   -34.9 0    25.5 0    60.8 1     0.1 0   232.1 0  1001.0 0
 1998 152  6  1  9 45  9.750 102.17    -6.2 0    -0.2 0    -0.1 0     0.8 0   407.2 0   301.3 0   300.7 0   442.0 0   298.3 0   298.1 0     0.0 0    -0.1 0     0.0 0   -34.7 0   -34.7 0    25.5 0    60.9 1     0.6 0   292.0 0  1001.1 0
 1998 152  6  1  9 48  9.800 101.68    -6.1 0    -0.4 0     0.0 0     0.0 0   409.5 0   301.3 0   300.7 0   442.1 0   298.3 0   298.1 0     0.0 0     0.1 0     0.0 0   -32.6 0   -32.6 0    25.5 0    61.0 1     0.7 0   273.0 0  1000.7 0
 1998 152  6  1  9 51  9.850 101.18    -6.1 0    -0.3 0     0.0 0     0.3 0   408.3 0   301.3 0   300.7 0   441.8 0   298.2 0   298.1 0     0.0 0     0.0 0     0.0 0   -33.5 0   -33.5 0    25.4 0    61.0 1     0.7 0   284.4 0  1001.7 0
 1998 152  6  1  9 54  9.900 100.68    -6.1 0    -0.5 0    -0.1 0     0.1 0   408.7 0   301.3 0   300.7 0   441.6 0   298.2 0   298.1 0     0.0 0     0.0 0     0.0 0   -33.0 0   -33.0 0    25.4 0    61.2 1     0.9 0   267.5 0  1001.0 0
 1998 152  6  1  9 57  9.950 100.18    -6.1 0    -0.3 0    -0.4 0     0.2 0   409.2 0   301.3 0   300.7 0   441.9 0   298.2 0   298.1 0     0.0 0     0.1 0     0.0 0   -32.7 0   -32.7 0    25.4 0    61.2 1     0.8 0   319.0 0  1000.6 0
 1998 152  6  1 10  0 10.000  99.68    -6.2 0    -0.3 0    -0.8 0     0.7 0   408.7 0   301.2 0   300.6 0   441.9 0   298.2 0   298.0 0     0.0 0    -0.2 0     0.0 0   -33.3 0   -33.3 0    25.4 0    61.4 1     0.9 0   309.9 0  1000.5 0
 1998 152  6  1 10  3 10.050  99.17    -6.2 0    -0.3 0     0.2 0     0.1 0   411.9 0   301.2 0   300.6 0   441.6 0   298.2 0   298.0 0     0.0 0     0.1 0     0.0 0   -29.7 0   -29.7 0    25.3 0    61.6 1     0.8 0   295.4 0  1000.7 0
 1998 152  6  1 10  6 10.100  98.66    -6.0 0    -0.1 0    -0.7 0     0.6 0   412.0 0   301.1 0   300.5 0   441.4 0   298.1 0   298.0 0     0.0 0     0.1 0     0.0 0   -29.4 0   -29.4 0    25.3 0    61.6 1     0.5 0   357.0 0  1000.7 0
 1998 152  6  1 10  9 10.150  98.14    -6.0 0     0.0 0    -1.6 0     1.1 0   411.3 0   301.0 0   300.4 0   440.7 0   298.1 0   297.9 0     0.0 0     0.1 0     0.0 0   -29.5 0   -29.5 0    25.2 0    61.6 1     0.6 0   344.0 0  1000.9 0
 1998 152  6  1 10 12 10.200  97.63    -6.0 0     0.0 0    -0.6 0     0.5 0   410.2 0   300.9 0   300.3 0   440.2 0   298.0 0   297.9 0     0.0 0     0.1 0     0.0 0   -30.0 0   -30.0 0    25.2 0    61.7 1     0.6 0   338.7 0  1000.7 0
 1998 152  6  1 10 15 10.250  97.11    -5.8 0     0.0 0    -0.4 0     0.3 0   409.1 0   300.9 0   300.3 0   439.8 0   298.0 0   297.8 0     0.0 0     0.0 0     0.0 0   -30.7 0   -30.7 0    25.1 0    61.7 1     0.5 0   324.7 0  1000.6 0
 1998 152  6  1 10 18 10.300  96.59    -5.8 0    -0.1 0    -0.3 0     0.9 0   405.6 0   300.8 0   300.2 0   439.3 0   297.9 0   297.8 0     0.0 0     0.2 0     0.0 0   -33.7 0   -33.7 0    25.1 0    61.8 1     0.8 0   314.7 0  1000.4 0
 1998 152  6  1 10 21 10.350  96.06    -5.6 0    -0.1 0    -0.2 0     0.8 0   406.4 0   300.7 0   300.2 0   438.9 0   297.9 0   297.7 0     0.0 0    -0.1 0     0.0 0   -32.5 0   -32.5 0    25.1 0    61.9 1     0.5 0     5.9 0  1000.6 0
 1998 152  6  1 10 24 10.400  95.53    -5.7 0     0.0 0    -0.4 0     0.7 0   407.8 0   300.7 0   300.1 0   439.6 0   297.8 0   297.7 0     0.0 0    -0.1 0     0.7 0   -31.8 0   -31.1 0    25.0 0    61.9 1     0.8 0   353.5 0  1000.7 0
 1998 152  6  1 10 27 10.450  95.00    -5.7 0    -0.3 0     0.2 0    -0.1 0   408.0 0   300.6 0   300.1 0   440.1 0   297.8 0   297.7 0     0.0 0     0.2 0     0.0 0   -32.1 0   -32.1 0    25.0 0    62.0 1     0.7 0   321.5 0  1000.8 0
 1998 152  6  1 10 30 10.500  94.47    -5.6 0     0.0 0    -0.3 0     0.4 0   407.1 0   300.6 0   300.0 0   439.4 0   297.8 0   297.7 0     0.0 0     0.1 0     0.4 0   -32.3 0   -31.9 0    25.0 0    62.0 1     0.9 0   354.3 0  1001.0 0
 1998 152  6  1 10 33 10.550  93.94    -5.6 0     0.0 0     0.0 0     0.8 0   405.6 0   300.5 0   300.0 0   440.7 0   297.8 0   297.6 0     0.0 0     0.0 0     0.7 0   -35.2 0   -34.4 0    24.9 0    61.9 1     1.5 0   355.5 0  1000.7 0
 1998 152  6  1 10 36 10.600  93.40    -5.4 0     0.4 0     0.1 0    -0.1 0   409.3 0   300.5 0   300.0 0   441.7 0   297.7 0   297.6 0     0.0 0     0.3 0     0.0 0   -32.4 0   -32.4 0    24.8 0    61.7 1     1.6 0   357.8 0  1000.7 0
 1998 152  6  1 10 39 10.650  92.86    -5.2 0     0.6 0     0.3 0     0.8 0   405.8 0   300.5 0   300.0 0   443.2 0   297.7 0   297.6 0     0.0 0     0.4 0     0.2 0   -37.4 0   -37.2 0    24.7 0    61.4 1     1.8 0   358.1 0  1000.8 0
 1998 152  6  1 10 42 10.700  92.32    -4.9 0     0.8 0     0.5 0     0.9 0   407.4 0   300.5 0   300.0 0   444.0 0   297.7 0   297.6 0     0.0 0     0.8 0     0.0 0   -36.6 0   -36.6 0    24.7 0    60.9 1     2.1 0   359.9 0  1001.5 0
 1998 152  6  1 10 45 10.750  91.77    -4.3 0     1.1 0     0.7 0     1.4 0   406.8 0   300.5 0   300.0 0   444.3 0   297.7 0   297.6 0     0.0 0     1.1 0     0.2 0   -37.5 0   -37.3 0    24.8 0    60.2 1     1.6 0    10.0 0  1001.6 0
 1998 152  6  1 10 48 10.800  91.23    -3.7 0     1.2 0     0.8 0     2.2 0   406.4 0   300.6 0   300.0 0   444.9 0   297.7 0   297.6 0     0.0 0     1.4 0     1.0 0   -38.5 0   -37.5 0    24.8 0    59.4 1     2.2 0    12.2 0  1001.7 0
 1998 152  6  1 10 51 10.850  89.94    -2.5 0     1.1 0     0.8 0     2.9 0   406.9 0   300.6 0   300.1 0   444.9 0   297.7 0   297.7 0     0.3 0     2.2 0     1.7 0   -38.0 0   -36.3 0    24.8 0    58.8 1     2.3 0    12.9 0  1002.3 0
 1998 152  6  1 10 54 10.900  89.54    -1.3 0     1.3 0     0.7 0     4.3 0   405.7 0   300.7 0   300.2 0   444.4 0   297.8 0   297.7 0     0.3 0     2.8 0     3.0 0   -38.8 0   -35.8 0    24.9 0    58.2 1     1.8 0    17.6 0  1002.1 0
 1998 152  6  1 10 57 10.950  89.09     0.3 0     1.6 0     0.7 0     6.1 0   406.3 0   300.7 0   300.2 0   444.7 0   297.8 0   297.7 0     0.4 0     3.6 0     4.5 0   -38.3 0   -33.8 0    24.9 0    57.6 1     1.9 0    16.7 0  1002.7 0
 1998 152  6  1 11  0 11.000  88.62     2.3 0     1.9 0     0.9 0     8.0 0   406.6 0   300.8 0   300.2 0   445.2 0   297.8 0   297.7 0     0.6 0     4.5 0     6.1 0   -38.6 0   -32.5 0    24.9 0    57.0 1     2.3 0    18.6 0  1000.7 0
 1998 152  6  1 11  3 11.050  88.12     4.5 0     2.2 0     1.2 0    10.2 0   405.8 0   300.8 0   300.3 0   445.2 0   297.8 0   297.8 0     0.6 0     5.4 0     8.0 0   -39.3 0   -31.3 0    25.0 0    56.4 1     1.9 0    19.3 0  1001.2 0
 1998 152  6  1 11  6 11.100  87.61     5.4 0     2.2 0     2.0 0    10.9 0   406.5 0   300.9 0   300.3 0   445.4 0   297.9 0   297.8 0     0.8 0     6.1 0     8.8 0   -39.0 0   -30.1 0    25.0 0    55.8 1     2.2 0    19.9 0  1002.7 0
 1998 152  6  1 11  9 11.150  87.09     8.5 0     2.9 0     2.1 0    13.6 0   406.8 0   300.9 0   300.4 0   445.4 0   297.9 0   297.8 0     0.9 0     7.7 0    10.8 0   -38.5 0   -27.8 0    25.0 0    55.3 1     1.8 0    26.1 0  1002.8 0
 1998 152  6  1 11 12 11.200  86.55    13.2 0     4.0 0    11.1 0    18.1 0   405.7 0   300.9 0   300.4 0   445.3 0   297.9 0   297.8 0     1.0 0     9.5 0    14.7 0   -39.6 0   -24.9 0    25.1 0    54.9 1     1.8 0    25.9 0  1003.2 0
 1998 152  6  1 11 15 11.250  86.01    16.5 0     4.5 0    19.5 0    21.1 0   405.6 0   301.0 0   300.5 0   445.6 0   298.0 0   297.9 0     1.1 0    11.0 0    18.0 0   -40.1 0   -22.1 0    25.2 0    54.5 1     2.2 0    21.8 0  1001.6 0
 1998 152  6  1 11 18 11.300  85.47    18.7 0     4.8 0     3.6 0    23.8 0   405.4 0   301.0 0   300.5 0   445.8 0   298.0 0   297.9 0     1.3 0    12.6 0    19.3 0   -40.4 0   -21.1 0    25.1 0    54.2 1     2.0 0    22.7 0  1002.9 0
 1998 152  6  1 11 21 11.350  84.92    22.6 0     5.7 0     0.9 0    27.7 0   405.5 0   301.1 0   300.5 0   446.2 0   298.0 0   297.9 0     1.5 0    14.2 0    22.1 0   -40.7 0   -18.6 0    25.0 0    54.1 1     2.4 0    26.1 0  1002.9 0
 1998 152  6  1 11 24 11.400  84.36    26.0 0     6.3 0     4.3 0    30.6 0   405.4 0   301.1 0   300.6 0   446.4 0   298.1 0   298.0 0     1.8 0    15.6 0    24.7 0   -41.1 0   -16.4 0    25.1 0    53.6 1     2.8 0    21.5 0  1003.4 0
 1998 152  6  1 11 27 11.450  83.80    27.8 0     6.7 0     5.4 0    32.4 0   404.3 0   301.1 0   300.6 0   446.5 0   298.1 0   298.0 0     2.0 0    16.7 0    26.3 0   -42.3 0   -16.0 0    25.2 0    53.4 1     2.3 0    28.2 0  1003.5 0
 1998 152  6  1 11 30 11.500  83.24    26.6 0     6.2 0     5.7 0    31.3 0   403.7 0   301.2 0   300.7 0   446.4 0   298.2 0   298.1 0     2.3 0    16.5 0    25.8 0   -42.8 0   -17.0 0    25.2 0    53.1 1     2.1 0    28.2 0  1002.6 0
 1998 152  6  1 11 33 11.550  82.67    26.6 0     5.8 0     3.1 0    30.9 0   403.5 0   301.2 0   300.7 0   446.4 0   298.2 0   298.1 0     2.6 0    16.8 0    25.6 0   -42.9 0   -17.3 0    25.1 0    53.0 1     1.8 0    30.1 0  1002.8 0
 1998 152  6  1 11 36 11.600  82.10    30.8 0     6.5 0     0.6 0    35.4 0   403.4 0   301.2 0   300.7 0   446.5 0   298.2 0   298.1 0     2.9 0    18.8 0    29.0 0   -43.1 0   -14.1 0    25.1 0    52.8 1     1.8 0    27.3 0  1002.2 0
 1998 152  6  1 11 39 11.650  81.53    37.6 0     7.9 0     0.6 0    42.0 0   404.7 0   301.3 0   300.8 0   446.9 0   298.2 0   298.1 0     3.2 0    21.2 0    34.1 0   -42.2 0    -8.1 0    25.1 0    52.8 1     1.9 0    32.1 0  1002.7 0
 1998 152  6  1 11 42 11.700  80.96    39.4 0     8.5 0     4.5 0    43.7 0   406.2 0   301.3 0   300.8 0   447.2 0   298.2 0   298.1 0     3.5 0    21.6 0    35.8 0   -41.0 0    -5.2 0    25.1 0    52.7 1     1.4 0    41.0 0  1002.9 0
 1998 152  6  1 11 45 11.750  80.38    37.1 0     7.8 0     6.5 0    40.8 0   405.7 0   301.3 0   300.9 0   447.5 0   298.2 0   298.1 0     3.8 0    20.9 0    34.0 0   -41.8 0    -7.8 0    25.1 0    52.7 1     1.3 0    38.8 0  1003.7 0
 1998 152  6  1 11 48 11.800  79.81    48.3 0    12.3 0    68.6 0    42.9 0   403.7 0   301.4 0   301.0 0   447.7 0   298.2 0   298.1 0     4.3 0    24.1 0    42.7 0   -44.0 0    -1.3 0    25.1 0    52.6 1     1.5 0    40.4 0  1003.0 0
 1998 152  6  1 11 51 11.850  79.23    53.3 0    13.3 0    66.2 0    47.7 0   402.1 0   301.4 0   301.1 0   448.1 0   298.3 0   298.2 0     4.8 0    26.7 0    46.8 0   -46.0 0     0.9 0    25.2 0    52.6 1     1.5 0    41.4 0  1001.8 0
 1998 152  6  1 11 54 11.900  78.65    65.3 0    16.4 0    79.0 0    56.2 0   400.8 0   301.5 0   301.2 0   448.6 0   298.3 0   298.2 0     5.4 0    31.8 0    55.4 0   -47.8 0     7.5 0    25.2 0    52.4 1     1.9 0    50.1 0  1002.4 0
 1998 152  6  1 11 57 11.950  78.06    74.6 0    18.5 0    85.9 0    62.6 0   399.9 0   301.6 0   301.3 0   449.3 0   298.3 0   298.3 0     6.0 0    36.6 0    61.9 0   -49.4 0    12.4 0    25.2 0    52.3 1     1.3 0    46.8 0  1002.2 0
 1998 152  6  1 12  0 12.000  77.48    87.3 0    22.3 0   127.3 0    66.6 0   398.5 0   301.7 0   301.5 0   450.3 0   298.4 0   298.4 0     6.7 0    42.0 0    71.9 0   -51.9 0    20.0 0    25.3 0    52.2 1     1.7 0    42.9 0  1002.4 0
 1998 152  6  1 12  3 12.050  76.89    80.2 0    17.7 0    69.3 0    69.9 0   398.0 0   301.8 0   301.6 0   450.9 0   298.5 0   298.4 0     7.3 0    42.6 0    67.9 0   -52.9 0    15.0 0    25.4 0    52.0 1     1.3 0    37.7 0  1002.9 0
 1998 152  6  1 12  6 12.100  76.31    94.1 0    21.3 0    96.2 0    76.7 0   398.1 0   301.9 0   301.6 0   451.1 0   298.5 0   298.5 0     7.9 0    48.3 0    78.2 0   -53.1 0    25.1 0    25.4 0    51.9 1     1.4 0    28.5 0  1002.5 0
 1998 152  6  1 12  9 12.150  75.72   122.2 0    30.7 0   184.3 0    83.9 0   397.2 0   302.1 0   301.9 0   452.9 0   298.6 0   298.6 0     8.6 0    57.4 0    98.6 0   -55.7 0    42.9 0    25.5 0    51.8 1     1.2 0    25.3 0  1002.6 0
 1998 152  6  1 12 12 12.200  75.13   134.3 0    33.3 0   199.3 0    90.4 0   396.9 0   302.3 0   302.1 0   454.1 0   298.7 0   298.7 0     9.3 0    62.6 0   108.2 0   -57.1 0    51.1 0    25.6 0    51.6 1     1.5 0    26.1 0  1003.6 0
 1998 152  6  1 12 15 12.250  74.54   144.9 0    35.8 0   216.3 0    94.6 0   396.1 0   302.5 0   302.4 0   455.1 0   298.8 0   298.9 0    10.0 0    67.3 0   116.4 0   -59.0 0    57.4 0    25.7 0    51.3 1     1.5 0    35.6 0  1004.0 0
 1998 152  6  1 12 18 12.300  73.94   153.5 0    38.5 0   239.0 0    94.7 0   395.8 0   302.7 0   302.6 0   455.8 0   299.0 0   299.0 0    10.8 0    70.4 0   122.3 0   -60.0 0    62.3 0    25.8 0    51.0 1     1.4 0    46.7 0  1002.9 0
 1998 152  6  1 12 21 12.350  73.35   138.1 0    32.8 0   182.2 0    91.7 0   395.6 0   302.9 0   302.7 0   455.9 0   299.1 0   299.1 0    11.6 0    66.5 0   111.1 0   -60.3 0    50.9 0    25.9 0    50.7 1     1.8 0    60.3 0  1002.3 0
 1998 152  6  1 12 24 12.400  72.75   145.1 0    34.0 0   187.4 0    95.0 0   395.9 0   303.0 0   302.8 0   455.4 0   299.2 0   299.2 0    12.6 0    71.0 0   116.5 0   -59.5 0    57.0 0    25.9 0    50.2 1     1.6 0    49.1 0  1002.7 0
 1998 152  6  1 12 27 12.450  72.16   176.5 0    43.5 0   277.1 0    98.1 0   393.2 0   303.2 0   303.1 0   457.2 0   299.4 0   299.4 0    13.6 0    81.8 0   139.5 0   -64.0 0    75.5 0    26.0 0    49.9 1     1.6 0    63.6 0  1002.9 0
 1998 152  6  1 12 30 12.500  71.56   190.2 0    46.8 0   306.0 0   100.2 0   392.6 0   303.4 0   303.3 0   458.3 0   299.5 0   299.5 0    14.7 0    88.3 0   150.2 0   -65.7 0    84.5 0    26.1 0    49.4 1     1.7 0    50.9 0  1002.4 0
 1998 152  6  1 12 33 12.550  70.96   203.5 0    50.0 0   328.6 0   102.8 0   392.4 0   303.6 0   303.5 0   458.3 0   299.6 0   299.6 0    15.8 0    94.5 0   160.0 0   -65.9 0    94.2 0    26.2 0    48.4 1     2.3 0    58.7 0  1003.1 0
 1998 152  6  1 12 36 12.600  70.36   217.2 0    52.9 0   348.8 0   106.4 0   391.9 0   303.8 0   303.7 0   458.6 0   299.7 0   299.8 0    16.9 0   101.0 0   170.8 0   -66.6 0   104.2 0    26.2 0    47.1 1     2.6 0    54.8 0  1003.0 0
 1998 152  6  1 12 39 12.650  69.76   225.8 0    55.1 0   352.4 0   109.7 0   392.2 0   304.0 0   303.8 0   455.7 0   299.9 0   299.9 0    18.1 0   104.7 0   176.5 0   -63.4 0   113.1 0    26.2 0    43.8 1     3.3 0    53.7 0  1002.9 0
 1998 152  6  1 12 42 12.700  69.16   233.2 0    56.5 0   355.8 0   111.9 0   391.2 0   304.1 0   304.0 0   456.0 0   300.0 0   300.0 0    19.2 0   107.9 0   181.9 0   -64.8 0   117.1 0    26.3 0    40.9 1     3.0 0    50.9 0  1002.9 0
 1998 152  6  1 12 45 12.750  68.55   244.1 0    59.1 0   367.0 0   114.7 0   391.3 0   304.3 0   304.1 0   455.4 0   300.1 0   300.1 0    20.5 0   112.8 0   189.8 0   -64.0 0   125.7 0    26.4 0    38.5 1     3.9 0    56.4 0  1002.6 0
 1998 152  6  1 12 48 12.800  67.95   253.9 0    61.3 0   379.5 0   115.6 0   390.5 0   304.4 0   304.3 0   455.7 0   300.2 0   300.2 0    21.7 0   117.1 0   196.7 0   -65.2 0   131.5 0    26.4 0    36.4 1     3.0 0    54.0 0  1002.9 0
 1998 152  6  1 12 51 12.850  67.35   260.6 0    62.9 0   388.7 0   114.5 0   389.7 0   304.5 0   304.4 0   455.7 0   300.3 0   300.3 0    23.0 0   119.5 0   201.2 0   -65.9 0   135.3 0    26.4 0    34.8 1     3.5 0    46.8 0  1002.7 0
 1998 152  6  1 12 54 12.900  66.74   272.9 0    66.0 0   409.7 0   114.4 0   389.7 0   304.6 0   304.4 0   454.4 0   300.3 0   300.4 0    24.4 0   125.1 0   210.1 0   -64.7 0   145.4 0    26.5 0    32.2 1     4.4 0    61.7 0  1003.9 0
 1998 152  6  1 12 57 12.950  66.13   288.5 0    69.2 0   434.4 0   115.5 0   388.4 0   304.7 0   304.6 0   455.7 0   300.4 0   300.4 0    25.9 0   132.5 0   222.1 0   -67.3 0   154.8 0    26.5 0    30.5 1     2.9 0    55.1 0  1004.0 0
 1998 152  6  1 13  0 13.000  65.53   299.0 0    71.1 0   444.7 0   117.0 0   388.6 0   304.8 0   304.6 0   456.2 0   300.4 0   300.5 0    27.4 0   136.9 0   230.2 0   -67.6 0   162.6 0    26.5 0    29.2 1     4.3 0    63.3 0  1003.9 0
 1998 152  6  1 13  3 13.050  64.92   310.3 0    73.9 0   455.4 0   118.6 0   389.8 0   304.9 0   304.6 0   455.3 0   300.4 0   300.5 0    28.9 0   142.2 0   237.7 0   -65.5 0   172.2 0    26.5 0    27.7 1     4.2 0    51.3 0  1004.2 0
 1998 152  6  1 13  6 13.100  64.31   320.4 0    75.3 0   463.5 0   120.4 0   388.0 0   304.9 0   304.8 0   457.3 0   300.5 0   300.5 0    30.5 0   146.3 0   246.0 0   -69.4 0   176.6 0    26.5 0    27.4 1     3.6 0    51.0 0  1003.7 0
 1998 152  6  1 13  9 13.150  63.70   330.0 0    76.9 0   467.6 0   122.9 0   388.1 0   305.0 0   304.9 0   458.3 0   300.5 0   300.5 0    32.1 0   150.1 0   253.2 0   -70.2 0   182.9 0    26.4 0    27.0 1     3.8 0    53.9 0  1004.0 0
 1998 152  6  1 13 12 13.200  63.09   338.2 0    78.3 0   467.7 0   125.6 0   388.7 0   305.0 0   304.9 0   459.1 0   300.5 0   300.6 0    33.7 0   153.3 0   259.0 0   -70.4 0   188.6 0    26.5 0    26.8 1     3.9 0    52.4 0  1003.4 0
 1998 152  6  1 13 15 13.250  62.48   346.2 0    79.7 0   470.1 0   127.2 0   388.4 0   305.1 0   305.0 0   460.2 0   300.6 0   300.6 0    35.3 0   156.4 0   264.8 0   -71.8 0   193.0 0    26.5 0    26.7 1     4.1 0    48.6 0  1003.2 0
 1998 152  6  1 13 18 13.300  61.87   359.8 0    82.0 0   484.5 0   128.9 0   387.9 0   305.2 0   305.1 0   461.6 0   300.6 0   300.7 0    37.2 0   162.6 0   275.3 0   -73.7 0   201.7 0    26.4 0    26.8 1     3.0 0    55.7 0  1003.0 0
 1998 152  6  1 13 21 13.350  61.25   369.4 0    82.8 0   489.2 0   130.9 0   386.9 0   305.2 0   305.3 0   464.9 0   300.7 0   300.8 0    38.9 0   166.1 0   283.3 0   -78.0 0   205.3 0    26.5 0    26.9 1     2.3 0    48.9 0  1002.8 0
 1998 152  6  1 13 24 13.400  60.64   364.0 0    83.4 0   488.6 0   132.3 0   387.2 0   305.3 0   305.4 0   465.3 0   300.8 0   300.9 0    39.9 0   168.3 0   288.4 0   -78.2 0   210.3 0    26.6 0    26.6 1     3.1 0    41.9 0  1003.7 0
 1998 152  6  1 13 27 13.450  60.03   390.7 0    85.5 0   494.1 0   141.3 0   387.5 0   305.4 0   305.4 0   463.5 0   300.9 0   300.9 0    43.0 0   172.8 0   302.7 0   -76.1 0   226.6 0    26.6 0    26.1 1     3.3 0    53.7 0  1003.7 0
 1998 152  6  1 13 30 13.500  59.41   403.7 0    87.3 0   506.1 0   145.8 0   387.3 0   305.5 0   305.5 0   463.8 0   300.9 0   301.0 0    45.2 0   178.4 0   316.0 0   -76.6 0   239.4 0    26.6 0    26.0 1     3.9 0    60.1 0  1003.0 0
 1998 152  6  1 13 33 13.550  58.80   417.0 0    89.4 0   516.1 0   148.1 0   387.1 0   305.6 0   305.6 0   464.8 0   301.0 0   301.1 0    47.4 0   184.0 0   326.0 0   -77.7 0   248.3 0    26.6 0    26.0 1     3.1 0    60.3 0  1003.1 0
 1998 152  6  1 13 36 13.600  58.18   425.3 0    90.2 0   515.8 0   151.6 0   386.3 0   305.6 0   305.8 0   467.1 0   301.0 0   301.1 0    49.4 0   187.2 0   333.4 0   -80.8 0   252.6 0    26.6 0    26.2 1     3.4 0    46.5 0  1003.8 0
 1998 152  6  1 13 39 13.650  57.57   435.5 0    91.6 0   519.0 0   154.2 0   387.4 0   305.7 0   305.8 0   466.4 0   301.1 0   301.2 0    51.6 0   191.2 0   340.9 0   -78.9 0   262.0 0    26.7 0    25.9 1     3.1 0    56.7 0  1003.4 0
 1998 152  6  1 13 42 13.700  56.95   447.0 0    92.6 0   526.3 0   156.4 0   386.7 0   305.8 0   305.9 0   470.2 0   301.2 0   301.3 0    53.9 0   196.0 0   350.8 0   -83.5 0   267.3 0    26.7 0    26.2 1     2.4 0    66.2 0  1003.1 0
 1998 152  6  1 13 45 13.750  56.33   456.5 0    93.8 0   530.5 0   157.6 0   387.0 0   305.9 0   306.0 0   469.1 0   301.3 0   301.4 0    56.1 0   199.7 0   357.8 0   -82.0 0   275.8 0    26.8 0    25.8 1     3.3 0    64.5 0  1003.0 0
 1998 152  6  1 13 48 13.800  55.72   468.7 0    95.4 0   540.4 0   158.2 0   386.9 0   305.9 0   306.1 0   470.7 0   301.4 0   301.5 0    58.6 0   204.9 0   367.1 0   -83.8 0   283.3 0    26.8 0    25.8 1     2.4 0    57.9 0  1003.2 0
 1998 152  6  1 13 51 13.850  55.10   481.1 0    97.3 0   547.4 0   160.7 0   387.2 0   306.0 0   306.2 0   469.9 0   301.5 0   301.6 0    61.2 0   209.9 0   376.6 0   -82.7 0   293.9 0    26.9 0    25.4 1     3.4 0    67.3 0  1003.0 0
 1998 152  6  1 13 54 13.900  54.48   488.9 0    97.6 0   542.5 0   166.4 0   387.0 0   306.1 0   306.4 0   474.8 0   301.6 0   301.7 0    63.3 0   212.8 0   384.0 0   -87.8 0   296.2 0    27.0 0    25.6 1     2.4 0    34.7 0  1003.7 0
 1998 152  6  1 13 57 13.950  53.86   490.0 0    96.9 0   528.8 0   170.7 0   387.4 0   306.2 0   306.5 0   476.1 0   301.7 0   301.8 0    65.0 0   212.2 0   385.7 0   -88.7 0   296.9 0    27.1 0    25.6 1     2.0 0    38.0 0  1003.4 0
 1998 152  6  1 14  0 14.000  53.25   505.9 0    98.4 0   537.5 0   176.4 0   386.3 0   306.4 0   306.7 0   481.2 0   301.8 0   301.9 0    67.7 0   219.2 0   399.6 0   -94.9 0   304.6 0    27.2 0    25.6 1     1.6 0    34.1 0  1004.0 0
 1998 152  6  1 14  3 14.050  52.63   514.4 0    99.8 0   531.4 0   182.9 0   388.0 0   306.5 0   306.8 0   480.2 0   302.0 0   302.1 0    70.1 0   222.5 0   405.7 0   -92.2 0   313.5 0    27.3 0    25.2 1     2.7 0    30.9 0  1003.6 0
 1998 152  6  1 14  6 14.100  52.01   521.4 0   100.4 0   527.3 0   187.6 0   387.7 0   306.7 0   307.0 0   484.6 0   302.1 0   302.2 0    72.4 0   225.1 0   411.7 0   -96.8 0   314.9 0    27.3 0    25.4 1     1.8 0    35.6 0  1003.5 0
 1998 152  6  1 14  9 14.150  51.39   536.5 0   103.3 0   537.0 0   190.0 0   388.7 0   306.8 0   307.0 0   481.0 0   302.2 0   302.3 0    75.5 0   231.6 0   421.8 0   -92.3 0   329.5 0    27.2 0    24.3 1     3.3 0    44.4 0  1004.1 0
 1998 152  6  1 14 12 14.200  50.77   545.1 0   104.7 0   535.7 0   193.4 0   389.1 0   306.8 0   307.0 0   482.5 0   302.2 0   302.3 0    78.0 0   234.8 0   427.5 0   -93.5 0   334.0 0    27.1 0    24.1 1     2.9 0    39.5 0  1003.8 0
 1998 152  6  1 14 15 14.250  50.15   554.4 0   105.5 0   534.8 0   198.9 0   389.4 0   306.9 0   307.1 0   485.2 0   302.3 0   302.3 0    80.4 0   238.5 0   436.2 0   -95.8 0   340.3 0    27.1 0    24.0 1     2.7 0    34.7 0  1003.8 0
 1998 152  6  1 14 18 14.300  49.53   564.9 0   106.8 0   532.5 0   206.0 0   390.2 0   306.9 0   307.2 0   487.5 0   302.3 0   302.4 0    83.1 0   242.6 0   444.8 0   -97.4 0   347.4 0    27.2 0    23.9 1     2.6 0    42.6 0  1003.4 0
 1998 152  6  1 14 21 14.350  48.91   568.6 0   107.6 0   523.7 0   209.6 0   390.8 0   307.0 0   307.2 0   485.3 0   302.4 0   302.5 0    85.3 0   243.4 0   446.2 0   -94.5 0   351.7 0    27.1 0    23.6 1     3.1 0    57.2 0  1003.8 0
 1998 152  6  1 14 24 14.400  48.29   579.7 0   109.5 0   534.0 0   208.8 0   391.8 0   307.0 0   307.2 0   486.8 0   302.4 0   302.5 0    88.3 0   248.0 0   454.6 0   -95.0 0   359.6 0    27.2 0    23.4 1     3.5 0    37.9 0  1003.4 0
 1998 152  6  1 14 27 14.450  47.67   592.0 0   110.3 0   541.7 0   210.5 0   389.6 0   307.0 0   307.4 0   491.1 0   302.4 0   302.5 0    91.4 0   252.8 0   465.0 0  -101.5 0   363.5 0    27.2 0    23.5 1     2.3 0    53.5 0  1003.9 0
 1998 152  6  1 14 30 14.500  47.05   600.8 0   110.3 0   545.1 0   213.0 0   388.8 0   307.1 0   307.6 0   496.4 0   302.5 0   302.6 0    94.3 0   256.1 0   474.1 0  -107.5 0   366.6 0    27.3 0    24.0 1     1.7 0    35.8 0  1004.2 0
 1998 152  6  1 14 33 14.550  46.43   614.5 0   112.0 0   556.8 0   213.3 0   388.6 0   307.2 0   307.8 0   497.7 0   302.6 0   302.8 0    97.6 0   261.5 0   485.0 0  -109.0 0   376.0 0    27.4 0    23.5 1     1.8 0    27.0 0  1004.2 0
 1998 152  6  1 14 36 14.600  45.81   627.1 0   113.9 0   561.2 0   216.5 0   389.2 0   307.4 0   307.9 0   497.2 0   302.8 0   302.9 0   100.7 0   266.4 0   493.7 0  -108.0 0   385.7 0    27.6 0    22.6 1     2.7 0    52.9 0  1003.6 0
 1998 152  6  1 14 39 14.650  45.19   628.3 0   115.5 0   540.7 0   226.7 0   391.6 0   307.5 0   307.8 0   493.6 0   302.9 0   303.0 0   102.7 0   266.3 0   492.2 0  -102.0 0   390.2 0    27.5 0    21.6 1     3.0 0    71.1 0  1003.4 0
 1998 152  6  1 14 42 14.700  44.58   630.4 0   116.1 0   531.1 0   231.4 0   391.7 0   307.5 0   307.8 0   493.6 0   302.9 0   303.1 0   104.8 0   266.8 0   493.7 0  -101.9 0   391.8 0    27.3 0    21.5 1     2.9 0    87.5 0  1003.4 0
 1998 152  6  1 14 45 14.750  43.96   648.9 0   118.2 0   560.0 0   223.6 0   391.0 0   307.6 0   308.0 0   500.7 0   303.0 0   303.1 0   108.8 0   274.4 0   508.5 0  -109.7 0   398.8 0    27.5 0    22.2 1     2.1 0    83.9 0  1003.4 0
 1998 152  6  1 14 48 14.800  43.34   666.1 0   120.5 0   580.5 0   218.5 0   391.2 0   307.6 0   308.1 0   501.0 0   303.1 0   303.3 0   113.0 0   281.6 0   520.2 0  -109.9 0   410.4 0    27.6 0    21.6 1     2.8 0    99.7 0  1003.3 0
 1998 152  6  1 14 51 14.850  42.72   668.3 0   121.1 0   578.9 0   216.3 0   392.3 0   307.7 0   308.1 0   500.4 0   303.2 0   303.3 0   115.4 0   281.9 0   520.6 0  -108.2 0   412.4 0    27.6 0    21.7 1     2.7 0    71.9 0  1004.0 0
 1998 152  6  1 14 54 14.900  42.10   678.9 0   122.5 0   589.5 0   213.0 0   393.3 0   307.7 0   308.0 0   499.3 0   303.2 0   303.4 0   118.8 0   286.5 0   527.8 0  -105.9 0   421.9 0    27.5 0    21.2 1     2.9 0    60.5 0  1003.2 0
 1998 152  6  1 14 57 14.950  41.48   689.3 0   123.5 0   595.4 0   213.4 0   393.2 0   307.7 0   308.0 0   500.3 0   303.2 0   303.4 0   122.3 0   290.6 0   535.9 0  -107.1 0   428.8 0    27.4 0    20.9 1     3.0 0    60.8 0  1003.5 0
 1998 152  6  1 15  0 15.000  40.87   698.5 0   123.6 0   599.7 0   215.7 0   391.9 0   307.7 0   308.3 0   505.5 0   303.3 0   303.4 0   125.5 0   294.3 0   545.7 0  -113.7 0   432.0 0    27.7 0    21.2 1     2.4 0    50.8 0  1003.8 0
 1998 152  6  1 15  3 15.050  40.25   706.7 0   124.3 0   594.4 0   222.8 0   393.2 0   307.7 0   308.3 0   506.3 0   303.3 0   303.5 0   128.5 0   297.3 0   552.2 0  -113.1 0   439.1 0    27.7 0    21.2 1     2.5 0    39.7 0  1003.9 0
 1998 152  6  1 15  6 15.100  39.63   705.8 0   123.4 0   579.6 0   230.0 0   393.9 0   307.8 0   308.4 0   508.3 0   303.4 0   303.5 0   130.3 0   296.1 0   553.0 0  -114.4 0   438.5 0    27.8 0    21.3 1     2.1 0    56.1 0  1004.2 0
 1998 152  6  1 15  9 15.150  39.02   716.4 0   124.1 0   586.7 0   229.7 0   394.9 0   307.9 0   308.5 0   510.6 0   303.6 0   303.8 0   133.6 0   300.3 0   561.4 0  -115.7 0   445.7 0    28.0 0    21.4 1     2.4 0    48.5 0  1003.8 0
 1998 152  6  1 15 12 15.200  38.40   726.2 0   126.1 0   596.1 0   226.9 0   395.5 0   307.9 0   308.5 0   511.1 0   303.7 0   303.9 0   137.1 0   304.4 0   567.9 0  -115.6 0   452.3 0    28.1 0    21.2 1     2.3 0    66.9 0  1003.7 0
 1998 152  6  1 15 15 15.250  37.79   736.3 0   127.1 0   604.5 0   225.2 0   395.5 0   308.0 0   308.7 0   511.5 0   303.8 0   304.0 0   140.7 0   308.5 0   575.8 0  -116.0 0   459.8 0    28.1 0    21.4 1     2.7 0    49.5 0  1003.9 0
 1998 152  6  1 15 18 15.300  37.17   743.6 0   128.1 0   610.9 0   221.7 0   396.0 0   308.1 0   308.8 0   511.6 0   303.9 0   304.1 0   143.8 0   311.1 0   580.3 0  -115.6 0   464.7 0    28.1 0    21.1 1     2.0 0    67.0 0  1002.9 0
 1998 152  6  1 15 21 15.350  36.56   754.9 0   128.0 0   622.1 0   218.7 0   396.0 0   308.2 0   309.0 0   516.9 0   304.1 0   304.2 0   147.6 0   315.7 0   590.3 0  -120.9 0   469.5 0    28.3 0    21.4 1     1.9 0    66.1 0  1003.0 0
 1998 152  6  1 15 24 15.400  35.95   758.3 0   129.1 0   619.3 0   220.6 0   396.5 0   308.4 0   309.1 0   513.6 0   304.2 0   304.4 0   149.9 0   316.3 0   592.9 0  -117.2 0   475.7 0    28.3 0    20.8 1     2.2 0    55.2 0  1003.2 0
 1998 152  6  1 15 27 15.450  35.34   766.0 0   129.6 0   620.3 0   222.6 0   398.5 0   308.5 0   309.2 0   516.7 0   304.4 0   304.5 0   152.9 0   319.5 0   599.0 0  -118.3 0   480.8 0    28.4 0    21.3 1     2.2 0    66.6 0  1003.6 0
 1998 152  6  1 15 30 15.500  34.73   767.0 0   129.7 0   614.7 0   223.7 0   398.7 0   308.6 0   309.3 0   516.2 0   304.5 0   304.7 0   155.0 0   319.1 0   599.2 0  -117.6 0   481.6 0    28.3 0    20.8 1     1.9 0    62.0 0  1003.5 0
 1998 152  6  1 15 33 15.550  34.12   783.0 0   131.8 0   633.7 0   217.9 0   399.9 0   308.7 0   309.3 0   516.1 0   304.6 0   304.8 0   159.5 0   326.1 0   610.8 0  -116.1 0   494.6 0    28.5 0    20.6 1     2.3 0    67.2 0  1003.7 0
 1998 152  6  1 15 36 15.600  33.51   791.8 0   132.5 0   643.2 0   212.8 0   399.8 0   308.7 0   309.4 0   520.3 0   304.7 0   304.9 0   163.0 0   329.4 0   616.6 0  -120.5 0   496.1 0    28.5 0    20.3 1     1.5 0    79.1 0  1004.5 0
 1998 152  6  1 15 39 15.650  32.91   799.5 0   132.3 0   649.0 0   212.1 0   398.9 0   308.8 0   309.6 0   523.2 0   304.9 0   305.1 0   166.3 0   332.2 0   624.7 0  -124.2 0   500.4 0    28.6 0    20.3 1     1.2 0    72.9 0  1004.7 0
 1998 152  6  1 15 42 15.700  32.30   799.7 0   132.7 0   643.2 0   213.2 0   400.7 0   308.9 0   309.7 0   520.6 0   305.1 0   305.3 0   168.0 0   331.2 0   624.2 0  -119.9 0   504.3 0    28.7 0    19.8 1     2.3 0   115.5 0  1004.2 0
 1998 152  6  1 15 45 15.750  31.70   814.0 0   135.3 0   652.4 0   213.4 0   402.2 0   309.0 0   309.7 0   522.2 0   305.3 0   305.5 0   172.4 0   337.6 0   633.2 0  -120.1 0   513.1 0    28.8 0    20.1 1     1.5 0    77.4 0  1003.2 0
 1998 152  6  1 15 48 15.800  31.10   814.8 0   134.4 0   648.1 0   215.9 0   401.7 0   309.1 0   310.0 0   524.9 0   305.4 0   305.6 0   174.2 0   337.3 0   636.5 0  -123.2 0   513.3 0    28.9 0    19.5 1     1.8 0    90.7 0  1003.8 0
 1998 152  6  1 15 51 15.850  30.50   823.2 0   135.3 0   651.1 0   217.1 0   403.8 0   309.2 0   310.1 0   525.5 0   305.6 0   305.8 0   177.4 0   340.8 0   642.8 0  -121.7 0   521.1 0    29.0 0    19.1 1     1.8 0    41.7 0  1004.2 0
 1998 152  6  1 15 54 15.900  29.90   828.4 0   135.8 0   650.1 0   218.5 0   404.9 0   309.3 0   310.1 0   525.1 0   305.7 0   305.9 0   180.0 0   342.7 0   646.2 0  -120.3 0   525.9 0    29.1 0    18.9 1     2.2 0    94.8 0  1004.0 0
 1998 152  6  1 15 57 15.950  29.31   837.9 0   137.8 0   656.6 0   215.9 0   408.1 0   309.4 0   310.1 0   525.5 0   305.8 0   305.9 0   183.5 0   346.5 0   650.7 0  -117.4 0   533.2 0    29.1 0    19.3 1     2.3 0    71.2 0  1003.4 0
 1998 152  6  1 16  0 16.000  28.71   842.3 0   138.5 0   661.5 0   212.0 0   408.5 0   309.4 0   310.2 0   523.7 0   305.8 0   306.0 0   186.3 0   348.0 0   653.7 0  -115.2 0   538.5 0    29.0 0    18.6 1     2.7 0    56.5 0  1003.5 0
 1998 152  6  1 16  3 16.050  28.12   850.6 0   139.8 0   667.8 0   210.9 0   410.1 0   309.5 0   310.2 0   523.7 0   305.8 0   306.0 0   189.6 0   351.5 0   660.1 0  -113.6 0   546.5 0    29.0 0    18.6 1     2.7 0    61.1 0  1003.2 0
 1998 152  6  1 16  6 16.100  27.53   855.8 0   141.1 0   668.7 0   210.4 0   410.5 0   309.5 0   310.2 0   523.6 0   305.8 0   305.9 0   192.2 0   353.2 0   662.2 0  -113.1 0   549.1 0    29.0 0    18.7 1     2.8 0    96.5 0  1004.3 0
 1998 152  6  1 16  9 16.150  26.95   859.5 0   141.0 0   671.4 0   208.3 0   410.4 0   309.5 0   310.3 0   527.6 0   305.7 0   306.0 0   194.3 0   354.3 0   665.8 0  -117.2 0   548.6 0    29.1 0    18.6 1     1.9 0    85.3 0  1003.7 0
 1998 152  6  1 16 12 16.200  26.37   867.6 0   140.1 0   677.5 0   208.7 0   410.4 0   309.5 0   310.4 0   530.9 0   305.8 0   306.0 0   197.3 0   357.2 0   675.6 0  -120.5 0   555.1 0    29.3 0    18.8 1     1.8 0    44.2 0  1004.6 0
 1998 152  6  1 16 15 16.250  25.79   873.2 0   140.1 0   677.4 0   210.9 0   411.6 0   309.6 0   310.5 0   529.9 0   306.0 0   306.1 0   200.0 0   359.2 0   680.7 0  -118.2 0   562.4 0    29.4 0    18.6 1     2.3 0    57.6 0  1004.3 0
 1998 152  6  1 16 18 16.300  25.21   879.8 0   139.8 0   679.2 0   212.3 0   411.1 0   309.7 0   310.6 0   533.1 0   306.1 0   306.3 0   202.8 0   361.7 0   687.1 0  -122.0 0   565.1 0    29.5 0    18.6 1     0.7 0    81.5 0  1004.3 0
 1998 152  6  1 16 21 16.350  24.64   888.3 0   141.7 0   682.2 0   213.2 0   413.2 0   309.8 0   310.6 0   530.0 0   306.3 0   306.5 0   206.1 0   365.0 0   691.6 0  -116.8 0   574.8 0    29.7 0    18.0 1     2.7 0   116.6 0  1003.4 0
 1998 152  6  1 16 24 16.400  24.07   889.3 0   144.1 0   676.5 0   215.6 0   414.2 0   309.8 0   310.7 0   530.2 0   306.4 0   306.6 0   207.5 0   364.8 0   689.2 0  -116.0 0   573.2 0    29.6 0    17.5 1     2.2 0   124.3 0  1002.8 0
 1998 152  6  1 16 27 16.450  23.51   891.2 0   143.8 0   673.3 0   219.3 0   414.5 0   309.9 0   310.9 0   534.6 0   306.6 0   306.7 0   209.1 0   365.1 0   693.0 0  -120.1 0   572.9 0    29.7 0    17.9 1     1.8 0   115.5 0  1002.7 0
 1998 152  6  1 16 30 16.500  22.95   896.6 0   143.3 0   675.2 0   219.3 0   414.6 0   310.1 0   311.0 0   536.7 0   306.7 0   306.9 0   211.6 0   366.9 0   697.8 0  -122.1 0   575.6 0    29.9 0    18.0 1     1.3 0   132.6 0  1003.0 0
 1998 152  6  1 16 33 16.550  22.40   902.8 0   142.7 0   680.5 0   217.8 0   414.6 0   310.2 0   311.2 0   538.5 0   307.0 0   307.2 0   214.3 0   369.0 0   704.3 0  -124.0 0   580.3 0    30.0 0    17.5 1     1.3 0    93.5 0  1003.3 0
 1998 152  6  1 16 36 16.600  21.85   907.9 0   144.1 0   680.5 0   217.7 0   418.1 0   310.3 0   311.1 0   534.7 0   307.2 0   307.3 0   216.7 0   371.0 0   705.3 0  -116.6 0   588.6 0    30.0 0    17.3 1     2.0 0    95.8 0  1004.4 0
 1998 152  6  1 16 39 16.650  21.30   914.6 0   145.2 0   687.4 0   216.3 0   418.4 0   310.3 0   311.3 0   537.2 0   307.3 0   307.4 0   219.4 0   373.9 0   711.6 0  -118.8 0   592.8 0    30.1 0    17.5 1     1.5 0   119.4 0  1003.6 0
 1998 152  6  1 16 42 16.700  20.77   921.4 0   145.9 0   695.3 0   213.2 0   417.5 0   310.4 0   311.5 0   538.2 0   307.4 0   307.5 0   222.3 0   376.2 0   717.4 0  -120.7 0   596.7 0    30.3 0    17.3 1     2.0 0   117.3 0  1003.1 0
 1998 152  6  1 16 45 16.750  20.24   922.4 0   146.2 0   692.9 0   212.2 0   419.2 0   310.5 0   311.5 0   536.2 0   307.5 0   307.6 0   223.5 0   376.3 0   716.1 0  -117.0 0   599.1 0    30.2 0    16.8 1     2.2 0    95.1 0  1003.0 0
 1998 152  6  1 16 48 16.800  19.72   928.2 0   147.2 0   696.8 0   211.7 0   421.3 0   310.6 0   311.4 0   537.2 0   307.5 0   307.7 0   225.9 0   378.7 0   720.5 0  -115.9 0   604.5 0    30.3 0    16.8 1     2.0 0    87.5 0  1003.7 0
 1998 152  6  1 16 51 16.850  19.21   931.1 0   145.9 0   702.9 0   208.0 0   420.9 0   310.6 0   311.6 0   541.3 0   307.6 0   307.7 0   227.9 0   304.9 0   725.8 0  -120.4 0   605.4 0    30.3 0    16.9 1     1.4 0    51.6 0  1003.6 0
 1998 152  6  1 16 54 16.900  18.70   938.4 0   146.2 0   712.0 0   205.1 0   423.1 0   310.6 0   311.6 0   542.3 0   307.6 0   307.7 0   215.1 0   331.1 0   733.4 0  -119.2 0   614.1 0    30.5 0    17.1 1     1.7 0    14.3 0  1002.7 0
 1998 152  6  1 16 57 16.950  18.21   940.0 0   146.6 0   711.1 0   203.9 0   423.0 0   310.7 0   311.7 0   539.6 0   307.7 0   307.8 0   227.1 0   383.2 0   732.8 0  -116.6 0   616.2 0    30.6 0    17.1 1     2.3 0    81.4 0  1002.9 0
 1998 152  6  1 17  0 17.000  17.72   944.6 0   149.4 0   713.6 0   200.8 0   424.1 0   310.7 0   311.6 0   536.2 0   307.7 0   307.8 0   234.2 0   384.9 0   731.2 0  -112.0 0   619.1 0    30.4 0    16.9 1     2.5 0   122.8 0  1002.9 0
 1998 152  6  1 17  3 17.050  17.25   946.3 0   148.7 0   716.5 0   199.7 0   422.6 0   310.8 0   311.9 0   542.5 0   307.8 0   307.9 0   231.9 0   385.2 0   735.2 0  -119.9 0   615.3 0    30.4 0    16.9 1     0.9 0    99.4 0  1003.0 0
 1998 152  6  1 17  6 17.100  16.79   950.1 0   145.9 0   721.4 0   199.5 0   421.6 0   310.9 0   312.2 0   546.6 0   308.0 0   308.2 0   236.1 0   386.5 0   744.2 0  -124.9 0   619.2 0    30.8 0    17.3 1     1.0 0   144.6 0  1002.4 0
 1998 152  6  1 17  9 17.150  16.34   951.9 0   149.0 0   717.9 0   199.7 0   425.2 0   311.1 0   312.1 0   538.4 0   308.2 0   308.1 0   238.3 0   386.8 0   739.6 0  -113.2 0   626.4 0    30.8 0    16.6 1     2.8 0   158.6 0  1003.3 0
 1998 152  6  1 17 12 17.200  15.91   952.5 0   151.2 0   713.4 0   200.2 0   426.4 0   311.2 0   312.1 0   538.7 0   308.1 0   308.1 0   239.1 0   387.0 0   735.0 0  -112.4 0   622.7 0    30.7 0    16.4 1     2.5 0   155.8 0  1003.4 0
 1998 152  6  1 17 15 17.250  15.49   958.0 0   150.9 0   719.2 0   200.7 0   427.1 0   311.2 0   312.2 0   543.1 0   308.1 0   308.2 0   241.2 0   389.5 0   742.8 0  -116.0 0   626.8 0    30.7 0    16.8 1     1.7 0   144.1 0  1003.8 0
 1998 152  6  1 17 18 17.300  15.09   957.7 0   149.6 0   718.2 0   201.9 0   425.4 0   311.3 0   312.3 0   541.3 0   308.1 0   308.3 0   241.7 0   388.8 0   745.7 0  -115.8 0   629.9 0    30.8 0    16.5 1     2.1 0   197.8 0  1003.7 0
 1998 152  6  1 17 21 17.350  14.71   959.1 0   150.9 0   718.9 0   201.9 0   426.9 0   311.4 0   312.3 0   541.2 0   308.1 0   308.2 0   242.9 0   390.1 0   746.4 0  -114.3 0   632.1 0    30.7 0    16.4 1     2.0 0   214.7 0  1003.6 0
 1998 152  6  1 17 24 17.400  14.35   959.3 0   149.4 0   719.3 0   201.3 0   428.5 0   311.4 0   312.4 0   542.9 0   308.2 0   308.4 0   243.6 0   390.0 0   748.7 0  -114.4 0   634.3 0    30.7 0    16.4 1     1.5 0   268.1 0  1004.2 0
 1998 152  6  1 17 27 17.450  14.01   961.7 0   148.9 0   720.6 0   202.3 0   428.3 0   311.5 0   312.5 0   544.8 0   308.3 0   308.5 0   245.0 0   391.3 0   752.5 0  -116.5 0   636.0 0    31.0 0    16.4 1     1.1 0   258.6 0  1004.0 0
 1998 152  6  1 17 30 17.500  13.70   962.6 0   149.7 0   713.4 0   205.0 0   429.4 0   311.5 0   312.5 0   542.3 0   308.5 0   308.5 0   245.5 0   391.1 0   748.4 0  -112.9 0   635.5 0    31.0 0    16.6 1     2.7 0   168.0 0  1003.8 0
 1998 152  6  1 17 33 17.550  13.41   959.7 0   151.2 0   705.6 0   206.6 0   429.3 0   311.5 0   312.5 0   541.6 0   308.4 0   308.5 0   244.7 0   389.3 0   741.7 0  -112.3 0   629.4 0    30.9 0    16.7 1     2.2 0   163.8 0  1003.5 0
 1998 152  6  1 17 36 17.600  13.14   964.5 0   149.4 0   714.5 0   206.5 0   429.5 0   311.6 0   312.6 0   544.5 0   308.4 0   308.6 0   246.2 0   391.5 0   752.8 0  -114.9 0   637.9 0    30.8 0    16.3 1     0.9 0   219.6 0  1003.4 0
 1998 152  6  1 17 39 17.650  12.90   967.0 0   147.8 0   716.1 0   207.7 0   432.7 0   311.6 0   312.6 0   546.5 0   308.6 0   308.8 0   247.7 0   392.9 0   757.8 0  -113.7 0   644.1 0    31.0 0    16.3 1     1.3 0   352.0 0  1002.6 0
 1998 152  6  1 17 42 17.700  12.70   965.8 0   148.6 0   714.3 0   208.0 0   430.9 0   311.7 0   312.7 0   547.2 0   308.7 0   308.8 0   247.6 0   391.9 0   756.3 0  -116.3 0   640.0 0    31.2 0    17.0 1     1.8 0   210.7 0  1003.1 0
 1998 152  6  1 17 45 17.750  12.52   965.8 0   149.4 0   712.8 0   207.3 0   431.1 0   311.8 0   312.8 0   545.3 0   308.8 0   308.9 0   247.5 0   391.4 0   753.7 0  -114.3 0   639.4 0    31.2 0    16.5 1     2.1 0   159.6 0  1003.1 0
 1998 152  6  1 17 48 17.800  12.38   969.3 0   151.5 0   715.4 0   205.3 0   431.3 0   311.8 0   312.8 0   544.1 0   308.8 0   308.9 0   248.5 0   392.7 0   752.6 0  -112.9 0   639.7 0    31.2 0    16.5 1     2.3 0   170.5 0  1003.0 0
 1998 152  6  1 17 51 17.850  12.27   972.2 0   150.6 0   723.5 0   201.9 0   429.8 0   311.9 0   312.9 0   547.2 0   308.8 0   309.0 0   249.4 0   393.9 0   758.1 0  -117.3 0   640.8 0    31.1 0    16.4 1     1.3 0   162.8 0  1002.6 0
 1998 152  6  1 17 54 17.900  12.19   972.9 0   149.1 0   728.1 0   199.1 0   430.0 0   312.0 0   313.1 0   550.8 0   309.0 0   309.1 0   249.6 0   394.0 0   761.8 0  -120.8 0   641.0 0    31.3 0    16.8 1     1.1 0   161.9 0  1002.8 0
 1998 152  6  1 17 57 17.950  12.16   971.9 0   148.4 0   729.3 0   198.6 0   429.2 0   312.1 0   313.2 0   549.5 0   309.2 0   309.3 0   249.6 0   393.3 0   763.2 0  -120.3 0   642.9 0    31.4 0    16.4 1     1.3 0   214.4 0  1003.0 0
 1998 152  6  1 18  0 18.000  12.15   968.7 0   149.7 0   723.7 0   197.6 0   430.7 0   312.2 0   313.1 0   544.8 0   309.3 0   309.4 0   248.8 0   391.8 0   755.4 0  -114.1 0   641.3 0    31.5 0    16.3 1     2.2 0   182.4 0  1003.0 0
 1998 152  6  1 18  3 18.050  12.18   971.1 0   151.6 0   729.0 0   194.0 0   430.2 0   312.2 0   313.2 0   544.2 0   309.3 0   309.3 0   249.4 0   393.0 0   754.9 0  -114.0 0   641.0 0    31.4 0    16.2 1     2.0 0   196.3 0  1002.2 0
 1998 152  6  1 18  6 18.100  12.25   972.5 0   150.0 0   736.2 0   191.2 0   428.7 0   312.3 0   313.3 0   547.5 0   309.3 0   309.5 0   250.0 0   393.8 0   760.6 0  -118.8 0   641.8 0    31.4 0    16.0 1     1.0 0   201.6 0  1001.8 0
 1998 152  6  1 18  9 18.150  12.35   973.7 0   149.3 0   738.1 0   190.0 0   428.8 0   312.4 0   313.5 0   549.6 0   309.4 0   309.5 0   250.2 0   393.9 0   761.8 0  -120.9 0   640.9 0    31.5 0    16.3 1     1.7 0   191.7 0  1002.2 0
 1998 152  6  1 18 12 18.200  12.49   974.0 0   150.6 0   738.6 0   188.6 0   429.2 0   312.4 0   313.4 0   546.9 0   309.5 0   309.6 0   250.2 0   394.1 0   759.1 0  -117.7 0   641.4 0    31.5 0    16.1 1     1.9 0   196.7 0  1002.2 0
 1998 152  6  1 18 15 18.250  12.66   974.4 0   150.1 0   743.2 0   186.1 0   430.0 0   312.5 0   313.5 0   548.5 0   309.5 0   309.7 0   250.3 0   394.4 0   761.1 0  -118.5 0   642.6 0    31.5 0    16.4 1     1.4 0   177.3 0  1002.6 0
 1998 152  6  1 18 18 18.300  12.86   973.7 0   149.2 0   747.6 0   182.6 0   430.6 0   312.6 0   313.6 0   548.9 0   309.7 0   309.8 0   250.0 0   394.0 0   762.2 0  -118.3 0   643.9 0    31.6 0    16.0 1     1.8 0   127.4 0  1003.4 0
 1998 152  6  1 18 21 18.350  13.09   972.9 0   151.5 0   748.3 0   180.1 0   432.9 0   312.5 0   313.4 0   547.4 0   309.7 0   309.8 0   249.6 0   394.0 0   757.5 0  -114.5 0   642.9 0    31.5 0    16.3 1     2.1 0   105.6 0  1003.0 0
 1998 152  6  1 18 24 18.400  13.35   970.4 0   149.2 0   749.1 0   179.3 0   429.6 0   312.5 0   313.5 0   552.9 0   309.7 0   309.7 0   248.6 0   392.9 0   759.0 0  -123.3 0   635.7 0    31.6 0    16.5 1     0.7 0   109.0 0  1003.1 0
 1998 152  6  1 18 27 18.450  13.63   971.5 0   148.5 0   749.2 0   178.3 0   429.7 0   312.5 0   313.5 0   548.1 0   309.8 0   309.8 0   248.2 0   393.5 0   757.8 0  -118.5 0   639.3 0    31.7 0    16.2 1     2.3 0   158.5 0  1002.7 0
 1998 152  6  1 18 30 18.500  13.94   971.1 0   150.8 0   750.7 0   176.3 0   431.4 0   312.5 0   313.3 0   546.3 0   309.7 0   309.7 0   247.7 0   393.5 0   754.2 0  -114.9 0   639.2 0    31.7 0    16.1 1     2.4 0   153.5 0  1002.6 0
 1998 152  6  1 18 33 18.550  14.28   967.0 0   149.7 0   750.8 0   175.1 0   429.0 0   312.5 0   313.4 0   549.0 0   309.7 0   309.8 0   246.2 0   391.4 0   753.0 0  -120.0 0   633.0 0    31.7 0    16.1 1     1.5 0   148.5 0  1002.1 0
 1998 152  6  1 18 36 18.600  14.64   967.8 0   149.0 0   755.2 0   173.7 0   427.7 0   312.5 0   313.6 0   549.8 0   309.7 0   309.8 0   246.0 0   391.9 0   755.4 0  -122.0 0   633.4 0    31.7 0    16.0 1     1.3 0   147.2 0  1001.5 0
 1998 152  6  1 18 39 18.650  15.01   966.5 0   149.1 0   755.7 0   172.9 0   429.2 0   312.5 0   313.5 0   548.2 0   309.8 0   309.9 0   245.3 0   391.7 0   753.7 0  -119.0 0   634.7 0    31.7 0    16.0 1     1.8 0    94.0 0  1001.9 0
 1998 152  6  1 18 42 18.700  15.41   963.8 0   149.1 0   753.7 0   173.8 0   430.6 0   312.5 0   313.4 0   548.8 0   309.8 0   309.9 0   244.1 0   391.2 0   751.3 0  -118.2 0   633.1 0    31.8 0    16.3 1     2.2 0   105.0 0  1002.4 0
 1998 152  6  1 18 45 18.750  15.82   958.5 0   149.1 0   751.3 0   173.1 0   429.2 0   312.5 0   313.4 0   547.7 0   309.8 0   309.9 0   242.1 0   389.1 0   746.8 0  -118.5 0   628.3 0    31.7 0    16.4 1     1.6 0   115.9 0  1002.0 0
 1998 152  6  1 18 48 18.800  16.25   957.7 0   148.7 0   754.0 0   171.7 0   428.4 0   312.4 0   313.4 0   549.4 0   309.8 0   309.9 0   241.3 0   389.0 0   746.9 0  -121.0 0   625.9 0    31.8 0    16.4 1     1.6 0   115.1 0  1002.5 0
 1998 152  6  1 18 51 18.850  16.69   955.4 0   147.5 0   754.1 0   171.4 0   428.3 0   312.4 0   313.5 0   552.2 0   309.9 0   309.9 0   239.9 0   388.4 0   746.3 0  -123.9 0   622.5 0    31.9 0    16.8 1     1.4 0   120.1 0  1001.4 0
 1998 152  6  1 18 54 18.900  17.15   952.2 0   148.0 0   749.8 0   172.3 0   426.9 0   312.4 0   313.4 0   547.8 0   309.9 0   309.9 0   238.2 0   386.8 0   740.7 0  -120.9 0   619.9 0    32.1 0    16.8 1     2.5 0   165.8 0  1002.1 0
 1998 152  6  1 18 57 18.950  17.62   944.9 0   148.2 0   742.1 0   173.2 0   425.7 0   312.5 0   313.4 0   545.1 0   309.8 0   309.9 0   235.4 0   383.7 0   732.3 0  -119.5 0   612.9 0    31.9 0    16.4 1     2.0 0   193.8 0  1002.3 0
 1998 152  6  1 19  0 19.000  18.10   938.8 0   146.5 0   740.9 0   174.4 0   427.4 0   312.6 0   313.5 0   547.8 0   309.7 0   309.8 0   233.1 0   381.6 0   732.1 0  -120.4 0   611.7 0    32.0 0    16.6 1     1.4 0   240.8 0  1001.6 0
 1998 152  6  1 19  3 19.050  18.60   938.3 0   146.0 0   745.7 0   174.0 0   426.0 0   312.6 0   313.6 0   550.4 0   309.8 0   309.8 0   232.3 0   382.6 0   734.7 0  -124.4 0   610.3 0    32.1 0    16.5 1     1.3 0   256.5 0  1002.6 0
 1998 152  6  1 19  6 19.100  19.10   933.7 0   144.6 0   742.3 0   174.5 0   424.3 0   312.7 0   313.8 0   551.6 0   309.9 0   310.0 0   230.0 0   380.3 0   731.3 0  -127.3 0   604.0 0    32.3 0    16.8 1     1.5 0   194.8 0  1001.6 0
 1998 152  6  1 19  9 19.150  19.61   931.3 0   145.7 0   739.6 0   174.9 0   423.6 0   312.8 0   313.8 0   547.6 0   309.9 0   310.0 0   228.0 0   378.9 0   726.0 0  -124.0 0   602.0 0    32.3 0    16.3 1     1.8 0   212.0 0  1001.6 0
 1998 152  6  1 19 12 19.200  20.13   929.5 0   145.8 0   742.1 0   173.9 0   423.6 0   312.9 0   313.9 0   547.9 0   310.0 0   310.1 0   226.8 0   378.7 0   724.9 0  -124.3 0   600.6 0    32.3 0    16.5 1     2.0 0   195.2 0  1001.8 0
 1998 152  6  1 19 15 19.250  20.66   926.6 0   145.7 0   741.2 0   173.7 0   423.4 0   313.0 0   313.9 0   547.6 0   310.0 0   310.1 0   224.7 0   377.9 0   721.6 0  -124.3 0   597.3 0    32.2 0    16.4 1     1.8 0   186.5 0  1001.9 0
 1998 152  6  1 19 18 19.300  21.19   921.6 0   145.2 0   738.6 0   173.5 0   422.6 0   313.1 0   314.0 0   548.0 0   310.0 0   310.1 0   222.2 0   375.7 0   717.0 0  -125.4 0   591.6 0    32.2 0    16.6 1     1.7 0   170.7 0  1001.9 0
 1998 152  6  1 19 21 19.350  21.73   918.7 0   144.0 0   739.3 0   173.5 0   421.5 0   313.2 0   314.2 0   549.2 0   310.1 0   310.2 0   220.6 0   374.7 0   716.3 0  -127.7 0   588.5 0    32.2 0    16.3 1     1.4 0   181.5 0  1001.7 0
 1998 152  6  1 19 24 19.400  22.28   912.5 0   142.3 0   736.9 0   173.3 0   420.5 0   313.4 0   314.4 0   548.6 0   310.3 0   310.4 0   218.0 0   372.6 0   712.9 0  -128.1 0   584.8 0    32.3 0    16.4 1     1.2 0   205.1 0  1001.9 0
 1998 152  6  1 19 27 19.450  22.83   905.4 0   141.7 0   735.9 0   173.5 0   423.8 0   313.5 0   314.3 0   547.8 0   310.4 0   310.5 0   215.5 0   370.4 0   710.0 0  -124.0 0   586.1 0    32.4 0    16.3 1     1.0 0   271.6 0  1000.9 0
 1998 152  6  1 19 30 19.500  23.39   900.2 0   139.0 0   735.1 0   172.9 0   421.6 0   313.5 0   314.5 0   550.9 0   310.6 0   310.7 0   213.3 0   368.6 0   708.6 0  -129.2 0   579.3 0    32.7 0    16.2 1     0.5 0   107.1 0  1001.4 0
 1998 152  6  1 19 33 19.550  23.95   897.7 0   139.7 0   733.0 0   172.4 0   422.5 0   313.6 0   314.4 0   549.9 0   310.8 0   310.8 0   211.5 0   367.6 0   702.7 0  -127.5 0   575.2 0    32.7 0    16.2 1     1.2 0   136.7 0  1001.3 0
 1998 152  6  1 19 36 19.600  24.52   891.8 0   139.3 0   732.2 0   172.4 0   420.6 0   313.6 0   314.6 0   551.3 0   310.9 0   311.0 0   208.8 0   365.4 0   699.2 0  -130.7 0   568.5 0    32.8 0    16.5 1     0.9 0   143.3 0  1002.0 0
 1998 152  6  1 19 39 19.650  25.09   885.4 0   137.9 0   729.1 0   172.9 0   420.7 0   313.7 0   314.7 0   552.1 0   311.1 0   311.1 0   205.8 0   363.0 0   695.3 0  -131.4 0   563.9 0    32.9 0    16.5 1     0.9 0   117.3 0  1001.0 0
 1998 152  6  1 19 42 19.700  25.66   879.6 0   137.8 0   723.3 0   175.2 0   421.6 0   313.8 0   314.6 0   551.0 0   311.2 0   311.2 0   202.9 0   360.6 0   689.3 0  -129.4 0   559.9 0    33.0 0    16.5 1     1.2 0   140.3 0  1001.0 0
 1998 152  6  1 19 45 19.750  26.24   872.1 0   140.7 0   713.4 0   177.5 0   424.1 0   313.8 0   314.5 0   545.2 0   311.2 0   311.1 0   199.2 0   357.9 0   676.6 0  -121.1 0   555.5 0    32.9 0    16.5 1     2.5 0   178.2 0  1000.9 0
 1998 152  6  1 19 48 19.800  26.82   862.7 0   140.9 0   706.2 0   179.3 0   422.5 0   313.8 0   314.5 0   545.3 0   311.0 0   311.0 0   195.4 0   354.7 0   668.7 0  -122.8 0   545.9 0    32.8 0    16.7 1     2.1 0   189.3 0  1001.2 0
 1998 152  6  1 19 51 19.850  27.41   854.4 0   140.9 0   699.2 0   180.4 0   421.2 0   313.9 0   314.5 0   540.9 0   310.8 0   310.8 0   191.1 0   350.9 0   660.3 0  -119.7 0   540.6 0    32.7 0    16.5 1     2.8 0   184.4 0  1001.4 0
 1998 152  6  1 19 54 19.900  28.00   849.1 0   140.7 0   697.3 0   180.1 0   420.2 0   313.9 0   314.5 0   540.8 0   310.5 0   310.5 0   187.7 0   348.8 0   655.1 0  -120.7 0   534.4 0    32.4 0    16.3 1     2.4 0   197.2 0  1000.7 0
 1998 152  6  1 19 57 19.950  28.59   850.1 0   139.4 0   703.9 0   179.9 0   419.7 0   313.9 0   314.6 0   543.9 0   310.3 0   310.4 0   187.1 0   350.4 0   658.7 0  -124.2 0   534.4 0    32.4 0    16.4 1     1.7 0   218.0 0  1000.6 0
 1998 152  6  1 20  0 20.000  29.18   847.2 0   136.2 0   709.9 0   180.1 0   418.3 0   314.0 0   314.7 0   546.2 0   310.4 0   310.5 0   185.8 0   349.7 0   663.7 0  -127.9 0   535.8 0    32.6 0    16.3 1     0.5 0   262.2 0  1000.3 0
 1998 152  6  1 20  3 20.050  29.77   841.5 0   134.1 0   709.6 0   179.1 0   421.6 0   314.0 0   314.6 0   547.6 0   310.6 0   310.7 0   183.4 0   347.8 0   660.9 0  -126.1 0   534.9 0    32.9 0    16.2 1     1.3 0   284.5 0  1000.5 0
 1998 152  6  1 20  6 20.100  30.37   835.2 0   133.8 0   706.0 0   181.6 0   421.4 0   314.0 0   314.6 0   547.2 0   310.7 0   310.8 0   180.6 0   345.9 0   656.9 0  -125.7 0   531.2 0    33.0 0    16.1 1     1.1 0   303.5 0  1000.7 0
 1998 152  6  1 20  9 20.150  30.97   829.4 0   132.7 0   698.5 0   184.9 0   417.7 0   314.0 0   314.9 0   548.6 0   310.8 0   310.9 0   177.5 0   343.4 0   651.1 0  -131.0 0   520.2 0    33.2 0    16.6 1     1.1 0   119.6 0  1000.4 0
 1998 152  6  1 20 12 20.200  31.57   816.1 0   131.7 0   680.6 0   189.4 0   418.0 0   314.2 0   314.9 0   544.3 0   310.9 0   311.0 0   172.5 0   337.1 0   637.5 0  -126.3 0   511.2 0    33.1 0    16.2 1     1.3 0   172.1 0  1000.6 0
 1998 152  6  1 20 15 20.250  32.17   801.4 0   129.5 0   667.6 0   194.5 0   418.5 0   314.3 0   315.1 0   546.7 0   311.0 0   311.1 0   167.4 0   330.9 0   630.1 0  -128.2 0   501.8 0    33.1 0    16.1 1     0.6 0    90.6 0  1000.4 0
 1998 152  6  1 20 18 20.300  32.78   803.3 0   131.3 0   664.4 0   201.1 0   421.4 0   314.4 0   315.1 0   545.9 0   311.1 0   311.1 0   165.3 0   332.3 0   628.4 0  -124.4 0   503.9 0    33.1 0    16.7 1     2.1 0   149.4 0  1000.0 0
 1998 152  6  1 20 21 20.350  33.38   761.1 0   128.8 0   597.6 0   218.3 0   421.9 0   314.4 0   315.0 0   539.5 0   311.0 0   310.9 0   156.1 0   314.5 0   588.6 0  -117.5 0   471.0 0    33.0 0    17.0 1     2.5 0   180.9 0   999.6 0
 1998 152  6  1 20 24 20.400  33.99   795.2 0   136.2 0   634.7 0   224.8 0   423.6 0   314.5 0   315.0 0   540.3 0   310.8 0   310.9 0   155.9 0   328.1 0   614.9 0  -116.7 0   498.2 0    32.8 0    17.1 1     2.1 0   181.6 0   999.5 0
 1998 152  6  1 20 27 20.450  34.60   816.2 0   138.5 0   656.1 0   231.8 0   423.0 0   314.6 0   315.2 0   543.2 0   310.7 0   310.8 0   156.9 0   338.1 0   633.4 0  -120.3 0   513.1 0    32.8 0    17.4 1     1.7 0   182.7 0   999.7 0
 1998 152  6  1 20 30 20.500  35.21   812.8 0   137.0 0   651.7 0   239.5 0   425.5 0   314.7 0   315.2 0   544.4 0   310.7 0   310.8 0   154.5 0   336.9 0   634.9 0  -118.9 0   516.1 0    32.9 0    17.5 1     1.7 0   269.3 0   999.4 0
 1998 152  6  1 20 33 20.550  35.82   792.2 0   135.7 0   599.4 0   269.5 0   429.2 0   314.7 0   315.2 0   546.3 0   310.7 0   310.8 0   147.9 0   326.2 0   619.9 0  -117.1 0   502.7 0    33.1 0    17.5 1     1.2 0   246.4 0   999.9 0
 1998 152  6  1 20 36 20.600  36.43   829.2 0   138.9 0   643.9 0   274.5 0   428.1 0   314.7 0   315.4 0   547.9 0   310.8 0   310.9 0   151.0 0   341.9 0   653.7 0  -119.8 0   533.9 0    33.2 0    16.8 1     1.2 0   204.5 0  1000.3 0
 1998 152  6  1 20 39 20.650  37.04   833.6 0   139.4 0   665.7 0   264.4 0   427.6 0   314.8 0   315.7 0   550.7 0   310.9 0   311.0 0   151.9 0   345.3 0   656.3 0  -123.1 0   533.2 0    33.3 0    17.4 1     1.1 0   204.6 0   999.8 0
 1998 152  6  1 20 42 20.700  37.65   815.6 0   135.9 0   665.5 0   250.4 0   426.1 0   315.0 0   315.9 0   550.9 0   311.1 0   311.1 0   148.3 0   337.9 0   641.4 0  -124.9 0   516.5 0    33.5 0    17.2 1     0.9 0   197.0 0   998.8 0
 1998 152  6  1 20 45 20.750  38.27   783.5 0   131.9 0   664.7 0   223.8 0   424.1 0   315.1 0   315.9 0   547.6 0   311.2 0   311.2 0   143.2 0   325.8 0   613.7 0  -123.5 0   490.2 0    33.5 0    17.0 1     1.5 0   198.2 0   999.2 0
 1998 152  6  1 20 48 20.800  38.88   751.6 0   128.0 0   657.7 0   202.5 0   423.2 0   315.3 0   315.9 0   544.8 0   311.2 0   311.2 0   137.9 0   313.4 0   586.5 0  -121.6 0   464.9 0    33.7 0    17.3 1     1.7 0   246.3 0   999.1 0
 1998 152  6  1 20 51 20.850  39.50   736.4 0   129.5 0   653.7 0   195.8 0   425.9 0   315.3 0   315.6 0   535.7 0   311.1 0   311.1 0   134.4 0   308.7 0   570.7 0  -109.7 0   460.9 0    33.5 0    16.5 1     3.4 0   270.1 0   999.2 0
 1998 152  6  1 20 54 20.900  40.11   727.0 0   130.1 0   644.6 0   197.8 0   426.5 0   315.2 0   315.4 0   535.6 0   310.7 0   310.7 0   130.9 0   305.6 0   560.7 0  -109.1 0   451.6 0    33.3 0    16.9 1     2.9 0   254.3 0   998.9 0
 1998 152  6  1 20 57 20.950  40.73   720.6 0   130.2 0   644.8 0   198.4 0   427.1 0   315.0 0   315.2 0   533.3 0   310.4 0   310.4 0   127.9 0   303.5 0   556.9 0  -106.2 0   450.7 0    33.2 0    16.7 1     3.2 0   265.0 0   999.3 0
 1998 152  6  1 21  0 21.000  41.35   698.1 0   126.4 0   631.0 0   193.4 0   426.3 0   314.8 0   315.0 0   532.7 0   310.0 0   310.1 0   122.4 0   293.4 0   540.7 0  -106.3 0   434.4 0    33.1 0    16.7 1     3.0 0   271.9 0   999.3 0
 1998 152  6  1 21  3 21.050  41.97   684.0 0   123.4 0   626.3 0   188.7 0   424.3 0   314.6 0   314.9 0   533.6 0   309.8 0   309.9 0   118.6 0   287.7 0   531.1 0  -109.3 0   421.7 0    33.2 0    16.5 1     2.5 0   267.2 0   998.8 0
 1998 152  6  1 21  6 21.100  42.58   674.2 0   120.6 0   621.1 0   186.0 0   420.8 0   314.5 0   314.9 0   534.0 0   309.7 0   309.8 0   115.4 0   283.9 0   522.8 0  -113.2 0   409.5 0    33.1 0    16.6 1     2.4 0   216.9 0   999.1 0
 1998 152  6  1 21  9 21.150  43.20   665.1 0   120.7 0   610.8 0   188.6 0   421.5 0   314.4 0   314.7 0   531.5 0   309.5 0   309.6 0   112.1 0   279.9 0   513.1 0  -109.9 0   403.1 0    33.0 0    17.0 1     3.3 0   226.1 0   999.3 0
 1998 152  6  1 21 12 21.200  43.82   646.2 0   119.4 0   586.3 0   195.2 0   422.8 0   314.3 0   314.5 0   529.6 0   309.3 0   309.4 0   107.3 0   270.6 0   498.8 0  -106.8 0   392.0 0    32.9 0    17.2 1     3.2 0   235.3 0   999.6 0
 1998 152  6  1 21 15 21.250  44.44   650.6 0   119.9 0   599.3 0   197.0 0   423.8 0   314.2 0   314.5 0   531.1 0   309.2 0   309.3 0   105.5 0   274.3 0   505.0 0  -107.3 0   397.7 0    32.9 0    17.2 1     2.6 0   255.4 0   999.7 0
 1998 152  6  1 21 18 21.300  45.06   647.1 0   117.3 0   609.6 0   190.5 0   421.6 0   314.1 0   314.5 0   536.4 0   309.2 0   309.4 0   103.6 0   274.2 0   503.8 0  -114.7 0   389.1 0    33.0 0    17.9 1     1.6 0   250.9 0   999.4 0
 1998 152  6  1 21 21 21.350  45.68   634.4 0   116.1 0   601.6 0   188.5 0   423.7 0   314.1 0   314.3 0   529.6 0   309.3 0   309.3 0    99.7 0   269.0 0   492.7 0  -105.9 0   386.8 0    33.1 0    17.3 1     3.3 0   255.9 0   999.3 0
 1998 152  6  1 21 24 21.400  46.30   622.1 0   114.0 0   598.3 0   185.3 0   423.9 0   314.0 0   314.2 0   532.3 0   309.2 0   309.3 0    97.5 0   264.8 0   484.7 0  -108.4 0   376.3 0    33.1 0    17.2 1     1.9 0   263.2 0  1000.0 0
 1998 152  6  1 21 27 21.450  46.92   604.4 0   110.8 0   582.5 0   184.7 0   424.0 0   313.9 0   314.2 0   530.7 0   309.2 0   309.3 0    93.9 0   256.7 0   471.8 0  -106.7 0   365.1 0    33.2 0    17.4 1     2.4 0   275.0 0   999.1 0
 1998 152  6  1 21 30 21.500  47.54   582.4 0   108.7 0   556.6 0   187.6 0   426.7 0   313.9 0   313.9 0   525.9 0   309.1 0   309.2 0    89.4 0   246.5 0   454.7 0   -99.1 0   355.5 0    33.2 0    17.0 1     2.6 0   275.7 0   999.3 0
 1998 152  6  1 21 33 21.550  48.15   589.0 0   108.8 0   575.9 0   185.6 0   425.0 0   313.8 0   314.0 0   531.0 0   309.1 0   309.2 0    88.0 0   251.1 0   461.1 0  -106.0 0   355.1 0    33.2 0    17.2 1     1.7 0   275.6 0   999.9 0
 1998 152  6  1 21 36 21.600  48.77   580.1 0   106.9 0   575.7 0   180.9 0   423.6 0   313.8 0   314.0 0   531.7 0   309.1 0   309.2 0    85.4 0   247.8 0   453.4 0  -108.1 0   345.2 0    33.3 0    17.5 1     1.9 0   246.9 0   999.5 0
 1998 152  6  1 21 39 21.650  49.39   570.7 0   107.1 0   571.9 0   179.1 0   424.7 0   313.8 0   313.9 0   526.9 0   309.1 0   309.2 0    82.7 0   244.1 0   444.2 0  -102.2 0   342.0 0    33.2 0    17.3 1     3.0 0   257.8 0   999.7 0
 1998 152  6  1 21 42 21.700  50.01   562.5 0   106.4 0   570.9 0   177.5 0   423.6 0   313.7 0   313.9 0   528.6 0   309.1 0   309.2 0    80.4 0   241.0 0   438.0 0  -105.0 0   332.9 0    33.2 0    17.4 1     1.8 0   259.4 0   999.5 0
 1998 152  6  1 21 45 21.750  50.63   551.9 0   104.1 0   565.4 0   177.4 0   424.4 0   313.7 0   313.9 0   528.3 0   309.1 0   309.2 0    77.4 0   236.2 0   432.0 0  -103.9 0   328.1 0    33.3 0    17.2 1     1.8 0   258.0 0   999.6 0
 1998 152  6  1 21 48 21.800  51.25   540.8 0   102.7 0   555.3 0   178.2 0   424.8 0   313.7 0   313.9 0   527.4 0   309.1 0   309.2 0    74.5 0   231.3 0   423.0 0  -102.6 0   320.5 0    33.3 0    17.2 1     2.3 0   261.8 0   999.4 0
 1998 152  6  1 21 51 21.850  51.87   531.7 0   102.0 0   545.9 0   179.9 0   425.0 0   313.7 0   313.9 0   527.4 0   309.1 0   309.2 0    71.5 0   227.1 0   414.9 0  -102.4 0   312.6 0    33.3 0    17.7 1     2.0 0   234.1 0   999.5 0
 1998 152  6  1 21 54 21.900  52.49   310.3 0    58.4 0   217.8 0   172.6 0   429.8 0   313.7 0   313.4 0   514.9 0   309.1 0   309.0 0    59.0 0   140.1 0   246.9 0   -85.2 0   161.7 0    33.2 0    17.7 1     2.6 0   232.0 0   999.8 0
 1998 152  6  1 21 57 21.950  53.11   151.8 0    26.4 0     0.3 0   161.4 0   439.0 0   313.4 0   312.5 0   500.2 0   308.8 0   308.5 0    48.0 0    80.8 0   135.2 0   -61.3 0    73.9 0    33.0 0    17.6 1     2.8 0   238.5 0   999.4 0
 1998 152  6  1 22  0 22.000  53.72   226.8 0    42.4 0    63.3 0   195.5 0   440.3 0   313.0 0   312.3 0   501.4 0   308.4 0   308.2 0    48.2 0   108.5 0   190.5 0   -61.1 0   129.5 0    32.7 0    18.2 1     2.5 0   232.3 0   999.5 0
 1998 152  6  1 22  3 22.050  54.34   361.5 0    70.8 0   256.3 0   213.5 0   436.3 0   312.7 0   312.4 0   509.0 0   308.1 0   308.0 0    52.4 0   158.9 0   292.1 0   -72.7 0   219.4 0    32.5 0    18.6 1     2.4 0   226.8 0   999.9 0
 1998 152  6  1 22  6 22.100  54.96   503.9 0   101.3 0   477.8 0   221.8 0   430.5 0   312.6 0   312.7 0   520.3 0   307.9 0   308.0 0    56.8 0   210.8 0   394.8 0   -89.7 0   305.1 0    32.4 0    19.3 1     2.1 0   225.2 0   999.7 0
 1998 152  6  1 22  9 22.150  55.58   486.4 0    96.6 0   493.4 0   198.5 0   426.3 0   312.6 0   312.8 0   519.9 0   308.0 0   308.0 0    56.3 0   206.7 0   380.8 0   -93.6 0   287.2 0    32.5 0    19.2 1     2.3 0   216.3 0   999.8 0
 1998 152  6  1 22 12 22.200  56.19   339.1 0    66.4 0   273.3 0   182.2 0   427.3 0   312.7 0   312.6 0   515.9 0   308.0 0   308.0 0    50.9 0   153.7 0   267.8 0   -88.7 0   179.1 0    32.6 0    19.2 1     2.3 0   219.1 0   999.7 0
 1998 152  6  1 22 15 22.250  56.81   418.7 0    84.8 0   442.5 0   173.3 0   429.0 0   312.6 0   312.4 0   511.8 0   307.9 0   307.9 0    50.7 0   182.4 0   330.8 0   -82.8 0   248.0 0    32.6 0    18.8 1     3.2 0   234.0 0   999.7 0
 1998 152  6  1 22 18 22.300  57.43   437.6 0    89.8 0   491.2 0   166.5 0   425.8 0   312.6 0   312.6 0   514.1 0   307.8 0   307.9 0    49.9 0   188.9 0   341.2 0   -88.3 0   252.9 0    32.6 0    18.9 1     3.3 0   232.8 0   999.8 0
 1998 152  6  1 22 21 22.350  58.04   422.1 0    87.2 0   480.3 0   162.9 0   426.6 0   312.6 0   312.6 0   514.4 0   307.8 0   307.8 0    47.7 0   182.3 0   329.9 0   -87.7 0   242.1 0    32.6 0    19.5 1     2.9 0   242.2 0   999.4 0
 1998 152  6  1 22 24 22.400  58.66   406.9 0    84.7 0   465.9 0   160.9 0   427.7 0   312.6 0   312.5 0   513.5 0   307.7 0   307.8 0    45.3 0   175.7 0   318.6 0   -85.8 0   232.7 0    32.6 0    19.7 1     3.0 0   232.2 0   999.5 0
 1998 152  6  1 22 27 22.450  59.27   398.2 0    83.2 0   463.6 0   158.5 0   427.4 0   312.6 0   312.5 0   513.0 0   307.7 0   307.7 0    43.3 0   172.3 0   312.2 0   -85.6 0   226.5 0    32.6 0    19.8 1     3.3 0   236.4 0   999.1 0
 1998 152  6  1 22 30 22.500  59.88   385.0 0    81.0 0   453.8 0   154.9 0   428.5 0   312.5 0   312.4 0   512.5 0   307.6 0   307.7 0    41.1 0   166.7 0   301.6 0   -84.0 0   217.6 0    32.5 0    19.9 1     2.6 0   225.9 0  1000.0 0
 1998 152  6  1 22 33 22.550  60.50   383.7 0    80.5 0   463.4 0   153.6 0   427.3 0   312.5 0   312.5 0   512.3 0   307.6 0   307.6 0    39.5 0   166.6 0   301.4 0   -85.0 0   216.4 0    32.6 0    20.1 1     3.1 0   228.9 0  1000.4 0
 1998 152  6  1 22 36 22.600  61.11   249.3 0    51.6 0   213.5 0   148.0 0   430.9 0   312.5 0   312.1 0   505.5 0   307.6 0   307.5 0    35.4 0   116.8 0   199.5 0   -74.6 0   124.9 0    32.5 0    19.9 1     3.3 0   219.9 0  1000.1 0
 1998 152  6  1 22 39 22.650  61.72   343.1 0    74.3 0   413.5 0   149.0 0   429.5 0   312.4 0   312.1 0   505.3 0   307.4 0   307.3 0    35.0 0   149.8 0   270.6 0   -75.9 0   194.7 0    32.4 0    19.7 1     3.8 0   230.7 0   999.1 0
 1998 152  6  1 22 42 22.700  62.33   347.0 0    75.7 0   439.1 0   143.5 0   427.5 0   312.3 0   312.1 0   506.5 0   307.3 0   307.3 0    33.9 0   151.1 0   271.7 0   -79.1 0   192.7 0    32.4 0    19.3 1     3.4 0   235.1 0   998.5 0
 1998 152  6  1 22 45 22.750  62.95   332.5 0    72.5 0   422.6 0   142.1 0   427.9 0   312.3 0   312.1 0   507.0 0   307.2 0   307.2 0    32.2 0   144.9 0   261.8 0   -79.2 0   182.7 0    32.4 0    19.5 1     3.1 0   229.2 0   999.7 0
 1998 152  6  1 22 48 22.800  63.56   319.9 0    70.3 0   403.8 0   143.4 0   428.9 0   312.2 0   312.0 0   506.3 0   307.2 0   307.2 0    30.3 0   139.6 0   252.9 0   -77.4 0   175.5 0    32.4 0    19.5 1     3.0 0   248.1 0   999.3 0
 1998 152  6  1 22 51 22.850  64.16   317.8 0    69.8 0   410.0 0   143.2 0   428.5 0   312.1 0   311.9 0   506.9 0   307.2 0   307.2 0    28.7 0   139.6 0   252.1 0   -78.4 0   173.7 0    32.4 0    19.7 1     2.6 0   241.3 0   999.6 0
 1998 152  6  1 22 54 22.900  64.77   307.1 0    67.7 0   411.8 0   136.4 0   428.1 0   312.1 0   311.9 0   507.3 0   307.2 0   307.2 0    27.5 0   135.1 0   244.2 0   -79.3 0   165.0 0    32.5 0    20.0 1     2.6 0   235.1 0   999.3 0
 1998 152  6  1 22 57 22.950  65.38   297.1 0    66.2 0   411.6 0   131.1 0   428.2 0   312.1 0   311.9 0   506.1 0   307.1 0   307.1 0    26.4 0   131.2 0   236.3 0   -78.0 0   158.4 0    32.5 0    20.2 1     2.5 0   224.5 0   999.3 0
 1998 152  6  1 23  0 23.000  65.99   290.1 0    64.8 0   413.5 0   127.9 0   427.8 0   312.1 0   311.9 0   505.8 0   307.1 0   307.1 0    25.3 0   128.3 0   231.4 0   -78.0 0   153.4 0    32.4 0    20.2 1     2.6 0   218.3 0   999.1 0
 1998 152  6  1 23  3 23.050  66.59   276.0 0    62.5 0   398.1 0   124.7 0   429.1 0   312.1 0   311.8 0   504.4 0   307.1 0   307.1 0    23.9 0   121.9 0   220.3 0   -75.3 0   145.1 0    32.4 0    20.2 1     2.5 0   230.3 0   999.3 0
 1998 152  6  1 23  6 23.100  67.20   267.0 0    60.6 0   395.4 0   121.6 0   428.4 0   312.0 0   311.8 0   505.1 0   307.1 0   307.1 0    22.6 0   118.4 0   214.2 0   -76.7 0   137.5 0    32.5 0    20.8 1     2.1 0   217.8 0   998.8 0
 1998 152  6  1 23  9 23.150  67.80   257.0 0    59.0 0   388.6 0   118.5 0   428.9 0   312.0 0   311.7 0   503.3 0   307.1 0   307.1 0    21.4 0   114.4 0   206.3 0   -74.4 0   131.9 0    32.4 0    20.9 1     2.5 0   221.9 0   999.9 0
 1998 152  6  1 23 12 23.200  68.41   247.9 0    57.4 0   384.4 0   115.5 0   429.0 0   312.0 0   311.7 0   502.5 0   307.1 0   307.0 0    20.2 0   110.8 0   199.5 0   -73.6 0   125.9 0    32.4 0    20.5 1     2.5 0   224.0 0   999.3 0
 1998 152  6  1 23 15 23.250  69.01   237.9 0    56.2 0   379.3 0   111.6 0   429.8 0   312.0 0   311.6 0   500.6 0   307.0 0   307.0 0    19.0 0   106.7 0   191.3 0   -70.8 0   120.5 0    32.4 0    20.8 1     3.3 0   230.3 0   999.0 0
 1998 152  6  1 23 18 23.300  69.61   231.1 0    55.2 0   384.2 0   107.7 0   429.5 0   311.9 0   311.6 0   500.6 0   306.9 0   306.9 0    17.9 0   104.4 0   186.4 0   -71.1 0   115.3 0    32.3 0    21.1 1     2.6 0   228.7 0   998.3 0
 1998 152  6  1 23 21 23.350  70.21   225.3 0    53.5 0   387.4 0   105.2 0   428.7 0   311.9 0   311.6 0   502.0 0   306.9 0   306.9 0    16.8 0   102.1 0   182.8 0   -73.3 0   109.6 0    32.3 0    21.7 1     1.6 0   221.7 0   998.6 0
 1998 152  6  1 23 24 23.400  70.81   215.0 0    51.2 0   381.3 0   101.3 0   428.9 0   311.9 0   311.6 0   500.9 0   306.9 0   306.9 0    15.8 0    97.5 0   175.4 0   -72.0 0   103.4 0    32.4 0    22.2 1     2.0 0   215.1 0   998.9 0
 1998 152  6  1 23 27 23.450  71.41   206.4 0    50.3 0   377.0 0    98.2 0   429.8 0   311.8 0   311.4 0   498.3 0   306.9 0   306.8 0    14.8 0    94.1 0   168.1 0   -68.5 0    99.6 0    32.3 0    21.4 1     2.8 0   218.7 0   999.3 0
 1998 152  6  1 23 30 23.500  72.01   191.2 0    47.2 0   353.8 0    94.7 0   429.4 0   311.8 0   311.4 0   498.0 0   306.8 0   306.8 0    13.8 0    87.2 0   156.8 0   -68.6 0    88.2 0    32.3 0    21.9 1     1.8 0   214.3 0   998.6 0
 1998 152  6  1 23 33 23.550  72.61   178.4 0    44.6 0   335.6 0    91.4 0   430.1 0   311.7 0   311.3 0   496.3 0   306.8 0   306.7 0    12.8 0    81.3 0   147.1 0   -66.2 0    81.0 0    32.3 0    22.0 1     2.7 0   230.7 0   998.3 0
 1998 152  6  1 23 36 23.600  73.20   169.3 0    43.1 0   327.1 0    88.7 0   429.5 0   311.7 0   311.2 0   495.5 0   306.7 0   306.6 0    11.9 0    77.7 0   140.1 0   -66.0 0    74.1 0    32.2 0    22.3 1     2.1 0   215.2 0   998.5 0
 1998 152  6  1 23 39 23.650  73.80   164.9 0    42.0 0   330.4 0    86.7 0   429.7 0   311.6 0   311.1 0   494.9 0   306.6 0   306.6 0    11.1 0    76.1 0   136.9 0   -65.2 0    71.7 0    32.2 0    22.5 1     1.9 0   216.9 0   998.6 0
 1998 152  6  1 23 42 23.700  74.39   157.9 0    40.3 0   326.7 0    84.3 0   430.1 0   311.5 0   311.0 0   494.5 0   306.6 0   306.5 0    10.4 0    73.4 0   131.9 0   -64.4 0    67.5 0    32.1 0    22.6 1     2.2 0   213.7 0   999.1 0
 1998 152  6  1 23 45 23.750  74.98   148.3 0    38.5 0   314.0 0    81.5 0   430.4 0   311.4 0   310.8 0   492.9 0   306.5 0   306.4 0     9.6 0    69.2 0   124.4 0   -62.4 0    62.0 0    32.1 0    22.7 1     2.5 0   202.8 0   999.8 0
 1998 152  6  1 23 48 23.800  75.57   136.0 0    35.8 0   288.7 0    78.4 0   430.8 0   311.3 0   310.7 0   492.3 0   306.4 0   306.3 0     8.8 0    63.3 0   114.5 0   -61.4 0    53.1 0    32.1 0    23.1 1     2.3 0   206.8 0   999.9 0
 1998 152  6  1 23 51 23.850  76.16   123.7 0    32.8 0   262.1 0    75.2 0   430.8 0   311.2 0   310.6 0   491.0 0   306.4 0   306.3 0     8.1 0    57.5 0   105.1 0   -60.2 0    44.9 0    32.0 0    23.5 1     2.0 0   204.8 0  1000.2 0
 1998 152  6  1 23 54 23.900  76.75   113.0 0    30.4 0   239.6 0    72.0 0   431.3 0   311.1 0   310.4 0   489.6 0   306.3 0   306.1 0     7.5 0    52.7 0    96.5 0   -58.3 0    38.3 0    31.9 0    23.7 1     2.7 0   199.8 0  1000.1 0
 1998 152  6  1 23 57 23.950  77.33   106.9 0    29.1 0   233.0 0    69.9 0   430.8 0   310.9 0   310.2 0   488.4 0   306.2 0   306.0 0     6.9 0    50.3 0    91.9 0   -57.7 0    34.3 0    31.9 0    24.1 1     2.3 0   201.6 0   999.4 0
