 Goodwin Creek
   34.25  -89.87   98 m version 1
 1997 202  7 21  0  0  0.000  77.11   107.3 0    28.3 0   120.2 0    88.9 0   427.9 0   310.5 0   309.8 0   485.2 0   306.6 0   306.5 0     6.1 0    50.0 0    87.5 0   -57.4 0    30.2 0    32.2 0    58.6 1     0.7 0   293.6 0  1005.9 0
 1997 202  7 21  0  3  0.050  77.70    92.2 0    23.3 0    88.1 0    81.6 0   427.5 0   310.2 0   309.6 0   484.2 0   306.5 0   306.4 0     5.5 0    44.9 0    77.1 0   -56.6 0    20.5 0    32.1 0    60.3 1     0.6 0   298.0 0  1006.8 0
 1997 202  7 21  0  6  0.100  78.29    83.0 0    21.4 0    89.5 0    72.6 0   428.0 0   310.0 0   309.4 0   483.9 0   306.4 0   306.2 0     5.0 0    39.5 0    69.3 0   -55.8 0    13.5 0    31.8 0    60.5 1     0.7 0   327.9 0  1008.1 0
 1997 202  7 21  0  9  0.150  78.88    74.2 0    19.4 0    91.7 0    63.9 0   428.2 0   309.9 0   309.2 0   482.4 0   306.2 0   306.1 0     4.5 0    34.4 0    62.2 0   -54.2 0     8.0 0    31.6 0    60.5 1     0.4 0   306.1 0  1009.4 0
 1997 202  7 21  0 12  0.200  79.46    68.5 0    17.5 0    76.6 0    61.7 0   428.4 0   309.7 0   309.0 0   481.2 0   306.1 0   305.9 0     4.1 0    32.2 0    58.2 0   -52.8 0     5.4 0    31.6 0    60.6 1     0.6 0   310.2 0  1008.1 0
 1997 202  7 21  0 15  0.250  80.05    61.0 0    15.1 0    52.2 0    58.9 0   428.9 0   309.4 0   308.7 0   480.4 0   305.9 0   305.8 0     3.7 0    30.6 0    52.8 0   -51.5 0     1.3 0    31.3 0    60.8 1     0.6 0   327.9 0  1008.8 0
 1997 202  7 21  0 18  0.300  80.63    61.3 0    16.2 0    79.4 0    55.8 0   427.4 0   309.2 0   308.6 0   480.2 0   305.8 0   305.6 0     3.3 0    28.5 0    52.6 0   -52.8 0    -0.2 0    31.2 0    61.3 1     0.8 0   354.9 0  1008.0 0
 1997 202  7 21  0 21  0.350  81.21    59.0 0    15.6 0    72.4 0    55.3 0   426.9 0   309.0 0   308.4 0   479.1 0   305.6 0   305.4 0     3.0 0    27.7 0    50.8 0   -52.2 0    -1.4 0    31.0 0    61.6 1     0.7 0   337.2 0  1007.0 0
 1997 202  7 21  0 24  0.400  81.79    55.9 0    14.9 0    68.9 0    53.2 0   428.1 0   308.8 0   308.1 0   478.6 0   305.4 0   305.3 0     2.6 0    26.3 0    48.1 0   -50.5 0    -2.4 0    30.9 0    61.6 1     0.7 0   341.0 0  1008.4 0
 1997 202  7 21  0 27  0.450  82.37    49.5 0    13.1 0    60.5 0    48.5 0   427.3 0   308.6 0   308.0 0   477.5 0   305.3 0   305.1 0     2.4 0    23.6 0    43.4 0   -50.1 0    -6.7 0    30.8 0    62.1 1     0.5 0   318.5 0  1006.9 0
 1997 202  7 21  0 30  0.500  82.95    44.6 0    11.9 0    53.1 0    44.9 0   427.3 0   308.5 0   307.8 0   476.8 0   305.1 0   305.0 0     2.1 0    21.6 0    39.5 0   -49.6 0   -10.0 0    30.7 0    62.1 1     0.6 0   319.9 0  1007.6 0
 1997 202  7 21  0 33  0.550  83.52    39.9 0    10.5 0    45.6 0    41.6 0   426.7 0   308.3 0   307.6 0   476.1 0   305.0 0   304.8 0     1.8 0    19.6 0    36.3 0   -49.4 0   -13.1 0    30.8 0    62.2 1     0.4 0   323.0 0  1008.1 0
 1997 202  7 21  0 36  0.600  84.09    34.9 0     9.5 0    38.3 0    37.7 0   426.3 0   308.1 0   307.4 0   475.2 0   304.8 0   304.7 0     1.6 0    17.6 0    32.2 0   -48.9 0   -16.8 0    30.7 0    62.2 1     0.6 0   319.0 0  1006.8 0
 1997 202  7 21  0 39  0.650  84.65    29.9 0     8.4 0    31.1 0    33.5 0   426.3 0   307.9 0   307.2 0   474.1 0   304.7 0   304.5 0     1.4 0    15.6 0    28.1 0   -47.8 0   -19.7 0    30.6 0    62.2 1     0.6 0   322.2 0  1007.5 0
 1997 202  7 21  0 42  0.700  85.21    24.0 0     6.3 0     8.2 0    29.4 0   426.0 0   307.8 0   307.1 0   472.9 0   304.6 0   304.4 0     1.2 0    13.7 0    23.8 0   -46.9 0   -23.1 0    30.3 0    62.5 1     0.3 0   312.0 0  1008.5 0
 1997 202  7 21  0 45  0.750  85.77    18.4 0     4.4 0     8.9 0    23.5 0   425.3 0   307.6 0   306.9 0   472.0 0   304.4 0   304.3 0     1.0 0    11.4 0    19.8 0   -46.7 0   -26.9 0    30.3 0    62.8 1     0.0 0   317.5 0  1008.9 0
 1997 202  7 21  0 48  0.800  86.32    12.2 0     2.7 0     6.0 0    17.5 0   425.1 0   307.4 0   306.7 0   471.1 0   304.3 0   304.1 0     0.9 0     8.7 0    15.2 0   -46.0 0   -30.8 0    30.0 0    63.3 1     0.3 0   358.2 0  1009.4 0
 1997 202  7 21  0 51  0.850  86.87     8.8 0     2.0 0     2.7 0    14.6 0   425.1 0   307.2 0   306.5 0   469.9 0   304.1 0   304.0 0     0.8 0     7.1 0    12.8 0   -44.9 0   -32.1 0    30.0 0    63.9 1     0.4 0   344.2 0  1008.5 0
 1997 202  7 21  0 54  0.900  87.40     5.7 0     1.3 0     6.9 0    11.9 0   425.2 0   307.0 0   306.2 0   469.0 0   304.0 0   303.8 0     0.7 0     5.6 0    10.9 0   -43.9 0   -33.0 0    29.8 0    64.3 1     0.3 0   334.1 0  1009.4 0
 1997 202  7 21  0 57  0.950  87.93     5.0 0     1.2 0     2.4 0    11.0 0   425.0 0   306.7 0   306.0 0   468.1 0   303.8 0   303.7 0     0.6 0     4.8 0     9.9 0   -43.2 0   -33.3 0    29.7 0    64.8 1     0.1 0   334.0 0  1008.4 0
 1997 202  7 21  1  0  1.000  88.44     3.1 0     0.8 0    -0.6 0     9.3 0   424.8 0   306.5 0   305.8 0   467.1 0   303.7 0   303.6 0     0.5 0     4.0 0     8.5 0   -42.3 0   -33.8 0    29.7 0    65.2 1 -9999.9 1 -9999.9 1  1008.9 0
 1997 202  7 21  1  3  1.050  88.93     1.1 0     0.6 0    -0.2 0     7.1 0   425.0 0   306.4 0   305.6 0   466.4 0   303.6 0   303.4 0     0.4 0     3.1 0     6.5 0   -41.4 0   -34.8 0    29.5 0    65.8 1     0.0 0   333.9 0  1008.8 0
 1997 202  7 21  1  6  1.100  89.39     0.0 0     0.6 0    -1.4 0     5.8 0   424.6 0   306.2 0   305.4 0   465.5 0   303.4 0   303.3 0     0.3 0     2.4 0     5.2 0   -41.0 0   -35.7 0    29.4 0    66.8 1     0.4 0   333.9 0  1008.7 0
 1997 202  7 21  1  9  1.150  89.81    -1.2 0     0.4 0    -1.5 0     4.2 0   423.9 0   306.0 0   305.3 0   464.8 0   303.3 0   303.1 0     0.2 0     1.9 0     3.8 0   -40.8 0   -37.0 0    29.3 0    67.3 1     0.4 0   334.0 0  1009.5 0
 1997 202  7 21  1 12  1.200  91.06    -2.2 0     0.2 0    -1.4 0     3.4 0   423.4 0   305.8 0   305.1 0   464.0 0   303.1 0   303.0 0     0.0 0     1.4 0     3.3 0   -40.6 0   -37.4 0    29.3 0    67.6 1     0.4 0   334.0 0  1009.8 0
 1997 202  7 21  1 15  1.250  91.62    -2.8 0     0.1 0    -1.5 0     2.7 0   423.8 0   305.6 0   304.9 0   463.1 0   303.0 0   302.8 0     0.0 0     1.0 0     2.6 0   -39.3 0   -36.7 0    29.1 0    68.1 1     0.3 0   334.0 0  1007.4 0
 1997 202  7 21  1 18  1.300  92.17    -4.0 0    -0.2 0    -1.7 0     1.7 0   423.1 0   305.4 0   304.7 0   462.4 0   302.9 0   302.7 0     0.0 0     0.6 0     1.7 0   -39.3 0   -37.6 0    29.0 0    69.0 1     0.1 0   333.9 0  1006.7 0
 1997 202  7 21  1 21  1.350  92.72    -4.5 0    -0.4 0    -1.6 0     1.5 0   421.9 0   305.3 0   304.6 0   461.4 0   302.7 0   302.6 0     0.0 0     0.3 0     1.5 0   -39.6 0   -38.1 0    29.0 0    70.6 1 -9999.9 1 -9999.9 1  1006.9 0
 1997 202  7 21  1 24  1.400  93.27    -4.8 0    -0.6 0    -1.0 0     0.9 0   421.8 0   305.1 0   304.4 0   460.8 0   302.6 0   302.4 0     0.0 0     0.1 0     0.9 0   -39.0 0   -38.1 0    28.8 0    72.4 1 -9999.9 1 -9999.9 1  1006.8 0
 1997 202  7 21  1 27  1.450  93.82    -5.0 0    -0.6 0    -1.1 0     0.7 0   422.1 0   304.9 0   304.2 0   460.5 0   302.4 0   302.3 0     0.0 0     0.0 0     0.7 0   -38.4 0   -37.7 0    28.6 0    73.3 1 -9999.9 1 -9999.9 1  1006.7 0
 1997 202  7 21  1 30  1.500  94.37    -5.1 0    -0.6 0    -1.1 0     0.7 0   421.5 0   304.7 0   304.1 0   460.4 0   302.3 0   302.2 0     0.0 0     0.0 0     0.7 0   -38.8 0   -38.1 0    28.4 0    73.6 1     0.0 0   334.0 0  1007.0 0
 1997 202  7 21  1 33  1.550  94.91    -5.2 0    -0.5 0    -1.1 0     0.5 0   420.9 0   304.6 0   303.9 0   459.8 0   302.2 0   302.0 0     0.0 0     0.0 0     0.5 0   -38.9 0   -38.4 0    28.4 0    74.6 1     0.1 0   333.9 0  1007.2 0
 1997 202  7 21  1 36  1.600  95.45    -5.2 0    -0.5 0    -1.0 0     0.3 0   420.3 0   304.4 0   303.8 0   458.9 0   302.0 0   301.9 0     0.0 0     0.0 0     0.3 0   -38.5 0   -38.2 0    28.2 0    75.6 1 -9999.9 1 -9999.9 1  1007.5 0
 1997 202  7 21  1 39  1.650  95.99    -5.1 0    -0.5 0    -0.9 0     0.2 0   420.2 0   304.3 0   303.6 0   458.7 0   301.9 0   301.7 0     0.0 0     0.0 0     0.2 0   -38.4 0   -38.2 0    28.0 0    76.1 1 -9999.9 1 -9999.9 1  1008.0 0
 1997 202  7 21  1 42  1.700  96.53    -5.2 0    -0.4 0    -0.9 0     0.2 0   419.4 0   304.1 0   303.5 0   457.9 0   301.8 0   301.6 0     0.0 0    -0.1 0     0.0 0   -38.6 0   -38.6 0    27.8 0    76.4 1 -9999.9 1 -9999.9 1  1009.8 0
 1997 202  7 21  1 45  1.750  97.06    -5.2 0    -0.4 0    -1.0 0     0.4 0   417.8 0   304.0 0   303.3 0   457.4 0   301.6 0   301.5 0     0.0 0     0.0 0     0.0 0   -39.6 0   -39.6 0    27.9 0    76.9 1 -9999.9 1 -9999.9 1  1009.9 0
 1997 202  7 21  1 48  1.800  97.60    -5.2 0    -0.3 0    -0.8 0     0.3 0   417.6 0   303.8 0   303.2 0   457.1 0   301.5 0   301.4 0     0.0 0    -0.1 0     0.0 0   -39.5 0   -39.5 0    27.7 0    77.5 1 -9999.9 1 -9999.9 1  1009.6 0
 1997 202  7 21  1 51  1.850  98.13    -5.1 0    -0.3 0    -0.9 0     0.4 0   416.9 0   303.7 0   303.1 0   456.6 0   301.4 0   301.2 0     0.0 0     0.0 0     0.0 0   -39.7 0   -39.7 0    27.6 0    78.0 1     0.0 0   334.1 0  1009.7 0
 1997 202  7 21  1 54  1.900  98.65    -5.2 0    -0.2 0    -0.9 0     0.3 0   417.8 0   303.6 0   302.9 0   456.9 0   301.2 0   301.1 0     0.0 0     0.0 0     0.0 0   -39.1 0   -39.1 0    27.4 0    78.2 1     0.4 0   334.2 0  1008.0 0
 1997 202  7 21  1 57  1.950  99.18    -5.1 0    -0.1 0    -0.8 0     0.3 0   417.8 0   303.4 0   302.8 0   456.8 0   301.1 0   301.0 0     0.0 0    -0.1 0     0.0 0   -39.0 0   -39.0 0    27.4 0    78.0 1     0.4 0   334.2 0  1008.0 0
 1997 202  7 21  2  0  2.000  99.70    -5.1 0    -0.1 0    -1.0 0     0.3 0   417.2 0   303.3 0   302.7 0   456.1 0   301.0 0   300.9 0     0.0 0     0.0 0     0.0 0   -39.0 0   -39.0 0    27.4 0    78.1 1     0.2 0   334.0 0  1008.2 0
 1997 202  7 21  2  3  2.050 100.22    -5.1 0    -0.1 0    -0.5 0     0.1 0   416.8 0   303.2 0   302.6 0   456.1 0   300.9 0   300.8 0     0.0 0     0.0 0     0.0 0   -39.3 0   -39.3 0    27.5 0    78.1 1 -9999.9 1 -9999.9 1  1007.8 0
 1997 202  7 21  2  6  2.100 100.73    -5.2 0    -0.2 0    -0.7 0     0.1 0   416.5 0   303.1 0   302.5 0   456.0 0   300.8 0   300.7 0     0.0 0     0.0 0     0.0 0   -39.5 0   -39.5 0    27.4 0    78.0 1 -9999.9 1 -9999.9 1  1007.4 0
 1997 202  7 21  2  9  2.150 101.24    -5.2 0    -0.1 0    -0.8 0     0.3 0   416.1 0   303.0 0   302.4 0   456.6 0   300.7 0   300.6 0     0.0 0     0.0 0     0.0 0   -40.5 0   -40.5 0    27.2 0    77.7 1 -9999.9 1 -9999.9 1  1007.3 0
 1997 202  7 21  2 12  2.200 101.75    -5.1 0    -0.1 0    -0.9 0     0.5 0   415.2 0   302.9 0   302.3 0   456.5 0   300.6 0   300.5 0     0.0 0    -0.1 0     0.0 0   -41.3 0   -41.3 0    27.3 0    77.3 1     0.0 0   334.3 0  1007.1 0
 1997 202  7 21  2 15  2.250 102.26    -5.1 0    -0.1 0    -0.5 0     0.3 0   415.4 0   302.8 0   302.2 0   455.8 0   300.6 0   300.4 0     0.0 0     0.0 0     0.0 0   -40.4 0   -40.4 0    27.4 0    77.0 1     0.0 0   334.3 0  1007.7 0
 1997 202  7 21  2 18  2.300 102.76    -5.2 0    -0.1 0    -0.4 0     0.2 0   414.7 0   302.7 0   302.2 0   455.6 0   300.5 0   300.4 0     0.0 0     0.0 0     0.0 0   -40.9 0   -40.9 0    27.4 0    76.7 1     0.2 0   334.3 0  1008.3 0
 1997 202  7 21  2 21  2.350 103.26    -5.1 0    -0.1 0    -0.5 0     0.5 0   412.7 0   302.6 0   302.1 0   454.8 0   300.4 0   300.3 0     0.0 0    -0.1 0     0.0 0   -42.1 0   -42.1 0    27.5 0    76.4 1     0.2 0   334.3 0  1008.9 0
 1997 202  7 21  2 24  2.400 103.76    -5.2 0    -0.1 0    -0.7 0     0.3 0   413.6 0   302.5 0   302.0 0   454.4 0   300.4 0   300.2 0     0.0 0     0.0 0     0.0 0   -40.8 0   -40.8 0    27.5 0    76.3 1     0.1 0   334.3 0  1008.3 0
 1997 202  7 21  2 27  2.450 104.25    -5.2 0    -0.2 0    -0.7 0     0.2 0   414.0 0   302.4 0   301.9 0   454.1 0   300.3 0   300.2 0     0.0 0     0.0 0     0.0 0   -40.1 0   -40.1 0    27.4 0    76.3 1 -9999.9 1 -9999.9 1  1008.4 0
 1997 202  7 21  2 30  2.500 104.74    -5.2 0    -0.2 0    -0.7 0     0.3 0   414.5 0   302.3 0   301.8 0   454.7 0   300.3 0   300.1 0     0.0 0     0.0 0     0.0 0   -40.2 0   -40.2 0    27.4 0    76.3 1 -9999.9 1 -9999.9 1  1008.1 0
 1997 202  7 21  2 33  2.550 105.23    -5.2 0    -0.2 0    -0.7 0     0.2 0   414.3 0   302.2 0   301.7 0   455.1 0   300.2 0   300.1 0     0.0 0     0.0 0     0.0 0   -40.9 0   -40.9 0    27.4 0    76.1 1 -9999.9 1 -9999.9 1  1007.6 0
 1997 202  7 21  2 36  2.600 105.71    -5.2 0    -0.2 0    -0.6 0     0.2 0   413.3 0   302.2 0   301.6 0   454.3 0   300.2 0   300.1 0     0.0 0     0.0 0     0.0 0   -41.0 0   -41.0 0    27.4 0    75.9 1     0.0 0   334.4 0  1007.6 0
 1997 202  7 21  2 39  2.650 106.19    -5.2 0    -0.1 0    -0.4 0     0.1 0   412.9 0   302.1 0   301.6 0   453.8 0   300.2 0   300.0 0     0.0 0     0.0 0     0.0 0   -40.9 0   -40.9 0    27.4 0    75.8 1     0.0 0   334.4 0  1008.1 0
 1997 202  7 21  2 42  2.700 106.67    -5.3 0    -0.1 0    -0.3 0     0.2 0   411.8 0   302.0 0   301.5 0   453.3 0   300.1 0   300.0 0     0.0 0     0.0 0     0.0 0   -41.5 0   -41.5 0    27.4 0    75.8 1     0.0 0   334.3 0  1008.8 0
 1997 202  7 21  2 45  2.750 107.14    -5.3 0    -0.1 0    -0.3 0     0.2 0   411.2 0   302.0 0   301.4 0   452.7 0   300.0 0   299.9 0     0.0 0     0.0 0     0.0 0   -41.5 0   -41.5 0    27.4 0    75.7 1     0.1 0   334.3 0  1008.2 0
 1997 202  7 21  2 48  2.800 107.61    -5.2 0    -0.1 0    -0.4 0     0.2 0   410.2 0   301.9 0   301.4 0   452.5 0   300.0 0   299.9 0     0.0 0     0.0 0     0.0 0   -42.3 0   -42.3 0    27.3 0    75.8 1     0.2 0   334.3 0  1007.7 0
 1997 202  7 21  2 51  2.850 108.07    -5.3 0    -0.1 0    -0.4 0     0.3 0   409.1 0   301.9 0   301.3 0   451.6 0   299.9 0   299.8 0     0.0 0     0.0 0     0.0 0   -42.6 0   -42.6 0    27.2 0    75.9 1     0.3 0   334.4 0  1008.6 0
 1997 202  7 21  2 54  2.900 108.53    -5.3 0    -0.1 0    -0.4 0     0.2 0   408.8 0   301.8 0   301.2 0   450.9 0   299.9 0   299.7 0     0.0 0     0.0 0     0.0 0   -42.1 0   -42.1 0    27.0 0    76.1 1     0.3 0   334.5 0  1008.8 0
 1997 202  7 21  2 57  2.950 108.99    -5.3 0    -0.1 0    -0.5 0     0.1 0   408.7 0   301.7 0   301.2 0   450.4 0   299.8 0   299.7 0     0.0 0     0.0 0     0.0 0   -41.8 0   -41.8 0    26.9 0    76.6 1     0.1 0   334.5 0  1010.2 0
 1997 202  7 21  3  0  3.000 109.44    -5.3 0    -0.1 0    -0.5 0     0.1 0   408.5 0   301.6 0   301.1 0   450.1 0   299.7 0   299.6 0     0.0 0     0.0 0     0.0 0   -41.7 0   -41.7 0    26.8 0    77.0 1 -9999.9 1 -9999.9 1  1010.7 0
 1997 202  7 21  3  3  3.050 109.88    -5.3 0    -0.1 0    -0.5 0     0.1 0   408.7 0   301.6 0   301.0 0   449.3 0   299.6 0   299.5 0     0.0 0     0.0 0     0.0 0   -40.6 0   -40.6 0    26.6 0    77.4 1 -9999.9 1 -9999.9 1  1010.7 0
 1997 202  7 21  3  6  3.100 110.33    -5.4 0     0.0 0    -0.6 0     0.1 0   408.0 0   301.5 0   300.9 0   448.8 0   299.6 0   299.4 0     0.0 0     0.0 0     0.0 0   -40.7 0   -40.7 0    26.6 0    77.9 1     0.1 0   334.8 0  1010.9 0
 1997 202  7 21  3  9  3.150 110.77    -5.5 0     0.0 0    -0.8 0     0.0 0   408.9 0   301.4 0   300.8 0   449.3 0   299.4 0   299.3 0     0.0 0     0.0 0     0.0 0   -40.4 0   -40.4 0    26.6 0    78.6 1     0.4 0   334.9 0  1011.5 0
 1997 202  7 21  3 12  3.200 111.20    -5.6 0     0.1 0    -0.9 0     0.0 0   409.8 0   301.4 0   300.8 0   449.3 0   299.4 0   299.2 0     0.0 0     0.0 0     0.0 0   -39.5 0   -39.5 0    26.3 0    79.0 1     0.6 0   334.8 0  1011.1 0
 1997 202  7 21  3 15  3.250 111.63    -5.5 0     0.1 0    -0.8 0     0.3 0   409.2 0   301.3 0   300.7 0   449.4 0   299.3 0   299.1 0     0.0 0     0.0 0     0.0 0   -40.2 0   -40.2 0    26.3 0    79.1 1     0.7 0   334.3 0  1011.1 0
 1997 202  7 21  3 18  3.300 112.05    -5.4 0     0.1 0    -0.6 0     0.1 0   409.4 0   301.2 0   300.7 0   449.2 0   299.2 0   299.1 0     0.0 0     0.0 0     0.0 0   -39.8 0   -39.8 0    26.1 0    79.4 1     0.8 0   337.8 0  1011.4 0
 1997 202  7 21  3 21  3.350 112.47    -5.3 0     0.2 0    -0.4 0     0.2 0   406.2 0   301.2 0   300.7 0   448.6 0   299.1 0   299.0 0     0.0 0     0.0 0     0.0 0   -42.3 0   -42.3 0    26.1 0    79.9 1     0.8 0     2.5 0  1011.8 0
 1997 202  7 21  3 24  3.400 112.89    -5.3 0     0.2 0    -0.2 0    -0.3 0   407.8 0   301.2 0   300.7 0   448.1 0   299.0 0   298.9 0     0.0 0     0.0 0     0.0 0   -40.4 0   -40.4 0    26.0 0    80.3 1     0.7 0     0.3 0  1011.4 0
 1997 202  7 21  3 27  3.450 113.30    -5.3 0     0.1 0    -0.2 0    -0.3 0   408.0 0   301.1 0   300.6 0   448.2 0   299.0 0   298.8 0     0.0 0     0.0 0     0.0 0   -40.2 0   -40.2 0    26.0 0    80.7 1     0.6 0   354.8 0  1011.0 0
 1997 202  7 21  3 30  3.500 113.70    -5.3 0     0.1 0    -0.2 0    -0.4 0   408.4 0   301.1 0   300.6 0   448.1 0   298.9 0   298.8 0     0.0 0     0.0 0     0.0 0   -39.7 0   -39.7 0    25.8 0    81.0 1     0.4 0   354.9 0  1011.0 0
 1997 202  7 21  3 33  3.550 114.10    -5.3 0     0.1 0    -0.2 0    -0.3 0   407.8 0   301.1 0   300.6 0   448.1 0   298.8 0   298.7 0     0.0 0     0.0 0     0.0 0   -40.3 0   -40.3 0    25.7 0    81.1 1     0.5 0   354.9 0  1011.6 0
 1997 202  7 21  3 36  3.600 114.50    -5.3 0     0.0 0    -0.2 0    -0.3 0   408.2 0   301.1 0   300.6 0   448.0 0   298.8 0   298.7 0     0.0 0     0.0 0     0.0 0   -39.8 0   -39.8 0    25.8 0    81.1 1     0.7 0   354.9 0  1011.3 0
 1997 202  7 21  3 39  3.650 114.89    -5.4 0     0.1 0    -0.3 0    -0.3 0   409.2 0   301.1 0   300.5 0   447.7 0   298.7 0   298.6 0     0.0 0     0.0 0     0.0 0   -38.6 0   -38.6 0    25.8 0    81.1 1     0.9 0   354.9 0  1011.6 0
 1997 202  7 21  3 42  3.700 115.27    -5.4 0     0.0 0    -0.3 0    -0.1 0   408.5 0   301.0 0   300.5 0   448.3 0   298.7 0   298.6 0     0.0 0     0.0 0     0.0 0   -39.8 0   -39.8 0    25.8 0    81.0 1     0.7 0   354.9 0  1011.4 0
 1997 202  7 21  3 45  3.750 115.65    -5.3 0     0.1 0    -0.2 0     0.0 0   408.7 0   301.0 0   300.5 0   448.3 0   298.7 0   298.6 0     0.0 0     0.0 0     0.0 0   -39.6 0   -39.6 0    25.8 0    81.0 1     0.4 0   354.9 0  1011.3 0
 1997 202  7 21  3 48  3.800 116.02    -5.2 0     0.2 0    -0.1 0     0.0 0   408.0 0   301.0 0   300.5 0   448.3 0   298.6 0   298.5 0     0.0 0     0.0 0     0.0 0   -40.3 0   -40.3 0    25.8 0    80.9 1     0.3 0   354.9 0  1011.6 0
 1997 202  7 21  3 51  3.850 116.39    -5.2 0     0.2 0     0.0 0     0.0 0   408.3 0   301.0 0   300.5 0   448.4 0   298.6 0   298.5 0     0.0 0     0.0 0     0.0 0   -40.1 0   -40.1 0    25.8 0    80.8 1     0.1 0   354.9 0  1011.5 0
 1997 202  7 21  3 54  3.900 116.75    -5.2 0     0.2 0     0.0 0     0.1 0   408.2 0   301.0 0   300.4 0   448.3 0   298.6 0   298.4 0     0.0 0     0.0 0     0.0 0   -40.1 0   -40.1 0    25.8 0    80.8 1 -9999.9 1 -9999.9 1  1011.3 0
 1997 202  7 21  3 57  3.950 117.10    -5.2 0     0.2 0    -0.1 0     0.1 0   407.7 0   300.9 0   300.4 0   448.0 0   298.5 0   298.4 0     0.0 0     0.0 0     0.0 0   -40.4 0   -40.4 0    25.7 0    80.8 1 -9999.9 1 -9999.9 1  1011.9 0
 1997 202  7 21  4  0  4.000 117.45    -5.3 0     0.2 0     0.0 0    -0.1 0   408.8 0   300.9 0   300.4 0   447.5 0   298.5 0   298.4 0     0.0 0     0.0 0     0.0 0   -38.7 0   -38.7 0    25.7 0    80.8 1 -9999.9 1 -9999.9 1  1011.5 0
 1997 202  7 21  4  3  4.050 117.80    -5.3 0     0.2 0     0.0 0     0.0 0   408.1 0   300.9 0   300.4 0   447.1 0   298.4 0   298.3 0     0.0 0     0.0 0     0.0 0   -38.9 0   -38.9 0    25.6 0    80.8 1 -9999.9 1 -9999.9 1  1011.9 0
 1997 202  7 21  4  6  4.100 118.13    -5.3 0     0.2 0    -0.1 0     0.0 0   409.4 0   300.8 0   300.3 0   447.0 0   298.4 0   298.3 0     0.0 0     0.0 0     0.0 0   -37.6 0   -37.6 0    25.6 0    80.9 1 -9999.9 1 -9999.9 1  1010.8 0
 1997 202  7 21  4  9  4.150 118.46    -5.2 0     0.0 0     0.1 0     0.4 0   405.5 0   300.8 0   300.3 0   446.9 0   298.3 0   298.2 0     0.0 0     0.0 0     0.0 0   -41.4 0   -41.4 0    25.8 0    80.9 1 -9999.9 1 -9999.9 1  1009.4 0
 1997 202  7 21  4 12  4.200 118.78    -5.2 0     0.1 0     0.0 0     0.0 0   407.9 0   300.8 0   300.3 0   446.5 0   298.3 0   298.2 0     0.0 0     0.0 0     0.0 0   -38.5 0   -38.5 0    25.4 0    81.2 1 -9999.9 1 -9999.9 1  1008.8 0
 1997 202  7 21  4 15  4.250 119.10    -5.3 0     0.1 0     0.0 0     0.0 0   408.6 0   300.8 0   300.3 0   446.2 0   298.3 0   298.1 0     0.0 0     0.0 0     0.0 0   -37.6 0   -37.6 0    25.5 0    81.3 1 -9999.9 1 -9999.9 1  1009.2 0
 1997 202  7 21  4 18  4.300 119.41    -5.3 0     0.2 0    -0.1 0     0.0 0   408.5 0   300.7 0   300.2 0   446.1 0   298.2 0   298.1 0     0.0 0     0.0 0     0.0 0   -37.6 0   -37.6 0    25.5 0    81.4 1 -9999.9 1 -9999.9 1  1009.5 0
 1997 202  7 21  4 21  4.350 119.71    -5.3 0     0.1 0    -0.2 0     0.1 0   408.3 0   300.7 0   300.2 0   446.2 0   298.2 0   298.1 0     0.0 0     0.0 0     0.0 0   -37.9 0   -37.9 0    25.4 0    81.6 1     0.1 0   354.9 0  1008.8 0
 1997 202  7 21  4 24  4.400 120.01    -5.3 0     0.1 0    -0.2 0     0.0 0   408.4 0   300.7 0   300.2 0   446.0 0   298.1 0   298.0 0     0.0 0     0.0 0     0.0 0   -37.6 0   -37.6 0    25.3 0    81.8 1     0.4 0   354.9 0  1009.1 0
 1997 202  7 21  4 27  4.450 120.30    -5.3 0     0.1 0    -0.2 0     0.0 0   408.6 0   300.6 0   300.1 0   445.9 0   298.1 0   298.0 0     0.0 0     0.0 0     0.0 0   -37.3 0   -37.3 0    25.3 0    81.9 1     0.4 0   354.9 0  1008.7 0
 1997 202  7 21  4 30  4.500 120.58    -5.2 0     0.1 0    -0.3 0     0.1 0   408.2 0   300.6 0   300.1 0   445.6 0   298.1 0   298.0 0     0.0 0     0.0 0     0.0 0   -37.4 0   -37.4 0    25.3 0    81.9 1     0.4 0    24.3 0  1009.1 0
 1997 202  7 21  4 33  4.550 120.86    -5.1 0     0.1 0    -0.2 0    -0.1 0   411.0 0   300.6 0   300.0 0   445.6 0   298.0 0   297.9 0     0.0 0     0.0 0     0.0 0   -34.6 0   -34.6 0    25.3 0    82.0 1     1.1 0    33.8 0  1010.3 0
 1997 202  7 21  4 36  4.600 121.12    -5.2 0    -0.1 0    -0.1 0     0.2 0   407.5 0   300.5 0   300.0 0   446.1 0   298.0 0   297.9 0     0.0 0     0.0 0     0.0 0   -38.6 0   -38.6 0    25.4 0    81.9 1     1.3 0    35.2 0  1009.8 0
 1997 202  7 21  4 39  4.650 121.38    -5.1 0    -0.2 0    -0.1 0     0.3 0   407.0 0   300.5 0   300.0 0   446.4 0   298.0 0   297.9 0     0.0 0     0.0 0     0.0 0   -39.4 0   -39.4 0    25.6 0    81.5 1     1.4 0    37.4 0  1010.9 0
 1997 202  7 21  4 42  4.700 121.64    -5.1 0    -0.2 0     0.0 0     0.3 0   406.8 0   300.4 0   299.9 0   446.7 0   298.1 0   298.0 0     0.0 0     0.0 0     0.0 0   -39.9 0   -39.9 0    25.9 0    81.1 1     1.5 0    34.0 0  1011.3 0
 1997 202  7 21  4 45  4.750 121.88    -5.1 0     0.0 0    -0.1 0     0.3 0   406.0 0   300.4 0   299.9 0   446.5 0   298.1 0   298.0 0     0.0 0     0.0 0     0.0 0   -40.5 0   -40.5 0    25.8 0    80.7 1     1.4 0    32.1 0  1011.2 0
 1997 202  7 21  4 48  4.800 122.12    -5.2 0     0.3 0     0.0 0    -0.2 0   408.5 0   300.4 0   299.9 0   446.0 0   298.2 0   298.1 0     0.0 0     0.0 0     0.0 0   -37.4 0   -37.4 0    25.9 0    80.4 1     1.1 0    32.5 0  1010.2 0
 1997 202  7 21  4 51  4.850 122.35    -5.2 0     0.4 0     0.1 0    -0.2 0   407.2 0   300.4 0   299.9 0   446.0 0   298.2 0   298.1 0     0.0 0     0.0 0     0.0 0   -38.9 0   -38.9 0    25.8 0    80.1 1     0.9 0    34.8 0  1010.9 0
 1997 202  7 21  4 54  4.900 122.57    -5.2 0     0.3 0     0.2 0    -0.3 0   406.1 0   300.4 0   299.9 0   446.0 0   298.2 0   298.1 0     0.0 0     0.0 0     0.0 0   -39.8 0   -39.8 0    25.9 0    79.9 1     0.9 0    33.3 0  1011.9 0
 1997 202  7 21  4 57  4.950 122.78    -5.3 0     0.3 0     0.2 0    -0.3 0   405.3 0   300.4 0   300.0 0   446.0 0   298.2 0   298.1 0     0.0 0     0.0 0     0.0 0   -40.7 0   -40.7 0    25.9 0    79.7 1     0.8 0    46.6 0  1012.1 0
 1997 202  7 21  5  0  5.000 122.99    -5.2 0     0.1 0     0.0 0    -0.2 0   406.7 0   300.4 0   299.9 0   446.4 0   298.2 0   298.1 0     0.0 0     0.0 0     0.0 0   -39.7 0   -39.7 0    25.9 0    79.6 1     0.7 0    78.3 0  1011.5 0
 1997 202  7 21  5  3  5.050 123.18    -5.3 0    -0.1 0     0.3 0    -0.2 0   406.3 0   300.4 0   299.9 0   447.2 0   298.2 0   298.1 0     0.0 0     0.0 0     0.0 0   -40.9 0   -40.9 0    25.9 0    79.4 1     0.8 0    93.9 0  1011.4 0
 1997 202  7 21  5  6  5.100 123.37    -5.3 0     0.0 0     0.0 0    -0.1 0   405.6 0   300.4 0   299.9 0   446.2 0   298.2 0   298.1 0     0.0 0     0.0 0     0.0 0   -40.6 0   -40.6 0    25.9 0    79.3 1     0.8 0    71.5 0  1010.7 0
 1997 202  7 21  5  9  5.150 123.55    -5.4 0     0.1 0     0.0 0     0.0 0   404.8 0   300.4 0   299.9 0   445.5 0   298.2 0   298.1 0     0.0 0     0.0 0     0.0 0   -40.8 0   -40.8 0    25.9 0    79.2 1     1.0 0    53.1 0  1011.0 0
 1997 202  7 21  5 12  5.200 123.72    -5.4 0     0.2 0    -0.1 0     0.1 0   404.7 0   300.4 0   299.9 0   445.0 0   298.2 0   298.1 0     0.0 0     0.0 0     0.0 0   -40.3 0   -40.3 0    25.8 0    79.2 1     0.9 0    50.7 0  1011.1 0
 1997 202  7 21  5 15  5.250 123.89    -5.4 0     0.1 0    -0.1 0     0.0 0   404.3 0   300.3 0   299.8 0   444.2 0   298.2 0   298.1 0     0.0 0     0.0 0     0.0 0   -40.0 0   -40.0 0    25.7 0    79.3 1     0.5 0    50.1 0  1011.0 0
 1997 202  7 21  5 18  5.300 124.04    -5.4 0     0.1 0    -0.2 0     0.1 0   404.2 0   300.3 0   299.8 0   443.7 0   298.2 0   298.1 0     0.0 0     0.0 0     0.0 0   -39.5 0   -39.5 0    25.6 0    79.4 1     0.4 0    46.7 0  1012.1 0
 1997 202  7 21  5 21  5.350 124.19    -5.4 0     0.1 0    -0.3 0     0.0 0   405.0 0   300.3 0   299.8 0   443.6 0   298.1 0   298.0 0     0.0 0     0.0 0     0.0 0   -38.5 0   -38.5 0    25.4 0    79.6 1     0.4 0    29.7 0  1012.2 0
 1997 202  7 21  5 24  5.400 124.32    -5.3 0     0.0 0    -0.1 0     0.1 0   403.0 0   300.3 0   299.8 0   443.5 0   298.1 0   298.0 0     0.0 0     0.0 0     0.0 0   -40.5 0   -40.5 0    25.4 0    79.8 1     0.4 0    30.0 0  1011.4 0
 1997 202  7 21  5 27  5.450 124.45    -5.3 0     0.0 0    -0.1 0     0.0 0   404.1 0   300.2 0   299.8 0   443.6 0   298.0 0   297.9 0     0.0 0     0.0 0     0.0 0   -39.5 0   -39.5 0    25.4 0    80.0 1     0.5 0    39.4 0  1011.5 0
 1997 202  7 21  5 30  5.500 124.57    -5.2 0    -0.1 0     0.0 0    -0.2 0   406.1 0   300.2 0   299.7 0   443.7 0   298.0 0   297.9 0     0.0 0     0.0 0     0.0 0   -37.6 0   -37.6 0    25.3 0    80.1 1     0.5 0    45.2 0  1011.2 0
 1997 202  7 21  5 33  5.550 124.68    -5.3 0     0.0 0     0.0 0     0.0 0   404.6 0   300.2 0   299.7 0   443.7 0   298.0 0   297.9 0     0.0 0     0.0 0     0.0 0   -39.1 0   -39.1 0    25.3 0    80.2 1     0.5 0    52.3 0  1011.1 0
 1997 202  7 21  5 36  5.600 124.78    -5.2 0    -0.1 0     0.2 0    -0.1 0   405.4 0   300.2 0   299.7 0   444.2 0   297.9 0   297.8 0     0.0 0     0.0 0     0.0 0   -38.7 0   -38.7 0    25.3 0    80.3 1     0.5 0    59.2 0  1010.9 0
 1997 202  7 21  5 39  5.650 124.88    -5.2 0     0.1 0     0.1 0    -0.3 0   406.5 0   300.2 0   299.7 0   444.3 0   297.9 0   297.8 0     0.0 0     0.0 0     0.0 0   -37.9 0   -37.9 0    25.3 0    80.3 1     0.3 0    54.7 0  1009.4 0
 1997 202  7 21  5 42  5.700 124.96    -5.2 0     0.2 0     0.1 0    -0.1 0   405.3 0   300.2 0   299.7 0   444.0 0   297.9 0   297.8 0     0.0 0     0.0 0     0.0 0   -38.6 0   -38.6 0    25.3 0    80.3 1     0.2 0    49.6 0  1008.5 0
 1997 202  7 21  5 45  5.750 125.03    -5.3 0     0.3 0     0.2 0    -0.3 0   405.7 0   300.2 0   299.7 0   443.8 0   297.9 0   297.8 0     0.0 0     0.0 0     0.0 0   -38.1 0   -38.1 0    25.3 0    80.4 1     0.2 0    47.2 0  1008.4 0
 1997 202  7 21  5 48  5.800 125.10    -5.4 0     0.3 0     0.3 0    -0.3 0   405.0 0   300.2 0   299.7 0   443.3 0   297.9 0   297.8 0     0.0 0     0.0 0     0.0 0   -38.3 0   -38.3 0    25.2 0    80.4 1     0.3 0    31.5 0  1008.1 0
 1997 202  7 21  5 51  5.850 125.15    -5.5 0     0.3 0     0.1 0    -0.1 0   404.6 0   300.2 0   299.7 0   443.6 0   297.8 0   297.7 0     0.0 0     0.0 0     0.0 0   -39.0 0   -39.0 0    25.3 0    80.4 1     0.1 0    31.7 0  1008.8 0
 1997 202  7 21  5 54  5.900 125.20    -5.4 0     0.3 0    -0.1 0    -0.1 0   405.8 0   300.2 0   299.7 0   443.6 0   297.8 0   297.7 0     0.0 0     0.0 0     0.0 0   -37.8 0   -37.8 0    25.2 0    80.5 1     0.0 0    31.8 0  1008.7 0
 1997 202  7 21  5 57  5.950 125.24    -5.3 0     0.3 0    -0.1 0     0.0 0   404.7 0   300.2 0   299.7 0   443.0 0   297.8 0   297.7 0     0.0 0     0.0 0     0.0 0   -38.3 0   -38.3 0    25.2 0    80.6 1     0.2 0    31.8 0  1008.7 0
 1997 202  7 21  6  0  6.000 125.27    -5.3 0     0.3 0    -0.2 0    -0.1 0   404.4 0   300.2 0   299.7 0   442.7 0   297.8 0   297.6 0     0.0 0     0.0 0     0.0 0   -38.2 0   -38.2 0    25.2 0    80.7 1     0.2 0    31.8 0  1008.3 0
 1997 202  7 21  6  3  6.050 125.28    -5.3 0     0.2 0    -0.2 0     0.1 0   403.7 0   300.1 0   299.6 0   442.4 0   297.7 0   297.6 0     0.0 0     0.0 0     0.0 0   -38.7 0   -38.7 0    25.1 0    80.8 1     0.3 0    31.8 0  1009.2 0
 1997 202  7 21  6  6  6.100 125.29    -5.4 0     0.1 0    -0.1 0     0.2 0   403.7 0   300.1 0   299.6 0   442.4 0   297.7 0   297.6 0     0.0 0     0.0 0     0.0 0   -38.7 0   -38.7 0    25.1 0    80.9 1     0.6 0    31.9 0  1008.8 0
 1997 202  7 21  6  9  6.150 125.29    -5.3 0     0.1 0     0.0 0     0.4 0   401.4 0   300.1 0   299.6 0   442.1 0   297.6 0   297.5 0     0.0 0     0.0 0     0.0 0   -40.7 0   -40.7 0    25.1 0    81.0 1     0.8 0    34.3 0  1008.9 0
 1997 202  7 21  6 12  6.200 125.28    -5.2 0     0.1 0    -0.1 0     0.2 0   404.2 0   300.0 0   299.5 0   442.3 0   297.6 0   297.5 0     0.0 0     0.0 0     0.0 0   -38.2 0   -38.2 0    25.1 0    81.1 1     0.8 0    38.8 0  1008.5 0
 1997 202  7 21  6 15  6.250 125.26    -5.1 0    -0.1 0     0.0 0     0.1 0   405.8 0   300.0 0   299.5 0   443.0 0   297.6 0   297.5 0     0.0 0     0.0 0     0.0 0   -37.3 0   -37.3 0    25.1 0    81.3 1     0.9 0    48.2 0  1008.8 0
 1997 202  7 21  6 18  6.300 125.24    -5.1 0    -0.2 0     0.1 0     0.1 0   405.2 0   300.0 0   299.5 0   443.3 0   297.6 0   297.5 0     0.0 0     0.0 0     0.0 0   -38.1 0   -38.1 0    25.2 0    81.2 1     0.9 0    60.1 0  1009.0 0
 1997 202  7 21  6 21  6.350 125.20    -5.1 0     0.0 0     0.1 0     0.4 0   403.2 0   300.0 0   299.5 0   443.2 0   297.7 0   297.6 0     0.0 0     0.0 0     0.0 0   -40.0 0   -40.0 0    25.4 0    81.1 1     0.9 0    33.4 0  1010.5 0
 1997 202  7 21  6 24  6.400 125.15    -5.1 0     0.0 0     0.2 0    -0.4 0   409.3 0   299.9 0   299.5 0   443.2 0   297.7 0   297.6 0     0.0 0     0.0 0     0.0 0   -33.9 0   -33.9 0    25.4 0    81.1 1     0.9 0    16.4 0  1009.0 0
 1997 202  7 21  6 27  6.450 125.10    -5.1 0     0.1 0     0.1 0     0.3 0   404.6 0   299.9 0   299.4 0   443.2 0   297.7 0   297.6 0     0.0 0     0.0 0     0.0 0   -38.6 0   -38.6 0    25.4 0    81.2 1     0.9 0    17.1 0  1008.9 0
 1997 202  7 21  6 30  6.500 125.03    -5.2 0     0.2 0     0.1 0     0.0 0   407.1 0   299.9 0   299.4 0   443.1 0   297.7 0   297.6 0     0.0 0     0.0 0     0.0 0   -36.0 0   -36.0 0    25.4 0    81.1 1     0.7 0    25.1 0  1008.9 0
 1997 202  7 21  6 33  6.550 124.96    -5.1 0     0.4 0     0.1 0    -0.2 0   410.9 0   299.9 0   299.4 0   443.1 0   297.7 0   297.6 0     0.0 0     0.0 0     0.0 0   -32.2 0   -32.2 0    25.2 0    81.0 1     0.6 0    27.0 0  1009.3 0
 1997 202  7 21  6 36  6.600 124.87    -5.0 0     0.1 0     0.1 0    -0.3 0   410.9 0   299.9 0   299.4 0   443.5 0   297.7 0   297.6 0     0.0 0     0.0 0     0.0 0   -32.6 0   -32.6 0    25.3 0    81.1 1     0.5 0    27.1 0  1009.2 0
 1997 202  7 21  6 39  6.650 124.78    -5.1 0    -0.1 0     0.3 0    -0.2 0   409.1 0   299.9 0   299.4 0   443.8 0   297.7 0   297.6 0     0.0 0     0.0 0     0.0 0   -34.7 0   -34.7 0    25.3 0    81.2 1     0.4 0    27.1 0  1009.0 0
 1997 202  7 21  6 42  6.700 124.68    -5.1 0     0.0 0     0.3 0     0.1 0   405.8 0   299.9 0   299.4 0   443.5 0   297.7 0   297.6 0     0.0 0     0.0 0     0.0 0   -37.7 0   -37.7 0    25.3 0    81.1 1     0.3 0    27.1 0  1009.1 0
 1997 202  7 21  6 45  6.750 124.57    -5.1 0     0.1 0     0.2 0    -0.2 0   408.1 0   299.9 0   299.5 0   443.4 0   297.7 0   297.6 0     0.0 0     0.0 0     0.0 0   -35.3 0   -35.3 0    25.3 0    81.2 1     0.2 0    27.1 0  1009.5 0
 1997 202  7 21  6 48  6.800 124.45    -5.2 0     0.1 0     0.4 0    -0.1 0   406.4 0   299.9 0   299.5 0   443.4 0   297.7 0   297.6 0     0.0 0     0.0 0     0.0 0   -37.0 0   -37.0 0    25.2 0    81.2 1     0.2 0    27.0 0  1010.8 0
 1997 202  7 21  6 51  6.850 124.32    -5.3 0     0.2 0     0.3 0    -0.2 0   407.3 0   299.9 0   299.5 0   443.1 0   297.6 0   297.5 0     0.0 0     0.0 0     0.0 0   -35.9 0   -35.9 0    25.3 0    81.2 1     0.2 0    27.0 0  1009.8 0
 1997 202  7 21  6 54  6.900 124.19    -5.2 0     0.2 0     0.0 0    -0.2 0   407.4 0   300.0 0   299.5 0   442.8 0   297.6 0   297.5 0     0.0 0     0.0 0     0.0 0   -35.3 0   -35.3 0    25.2 0    81.3 1     0.1 0    27.1 0  1008.7 0
 1997 202  7 21  6 57  6.950 124.04    -5.2 0     0.2 0    -0.1 0    -0.3 0   410.5 0   300.0 0   299.5 0   442.8 0   297.6 0   297.5 0     0.0 0     0.0 0     0.0 0   -32.2 0   -32.2 0    25.2 0    81.3 1     0.2 0    27.1 0  1008.3 0
 1997 202  7 21  7  0  7.000 123.89    -5.2 0    -0.1 0    -0.2 0     0.0 0   407.8 0   300.0 0   299.5 0   443.0 0   297.6 0   297.5 0     0.0 0     0.0 0     0.0 0   -35.2 0   -35.2 0    25.2 0    81.4 1     0.4 0    54.5 0  1009.4 0
 1997 202  7 21  7  3  7.050 123.72    -5.2 0    -0.1 0    -0.1 0     0.0 0   408.9 0   299.9 0   299.5 0   442.8 0   297.6 0   297.5 0     0.0 0     0.0 0     0.0 0   -33.9 0   -33.9 0    25.2 0    81.5 1     0.4 0    62.0 0  1010.0 0
 1997 202  7 21  7  6  7.100 123.55    -5.1 0     0.1 0     0.0 0     0.0 0   407.6 0   299.9 0   299.4 0   442.4 0   297.6 0   297.5 0     0.0 0     0.0 0     0.0 0   -34.8 0   -34.8 0    25.1 0    81.6 1     0.2 0    57.9 0  1009.4 0
 1997 202  7 21  7  9  7.150 123.37    -5.1 0     0.1 0     0.2 0     0.0 0   406.8 0   299.9 0   299.4 0   442.2 0   297.5 0   297.4 0     0.0 0     0.0 0     0.0 0   -35.5 0   -35.5 0    25.0 0    81.6 1     0.3 0    57.1 0  1010.0 0
 1997 202  7 21  7 12  7.200 123.18    -5.1 0     0.2 0     0.0 0     0.0 0   407.1 0   299.9 0   299.4 0   441.9 0   297.5 0   297.4 0     0.0 0     0.0 0     0.0 0   -34.8 0   -34.8 0    25.0 0    81.7 1     0.1 0    56.4 0  1009.8 0
 1997 202  7 21  7 15  7.250 122.98    -5.2 0     0.2 0     0.0 0     0.4 0   403.9 0   299.9 0   299.4 0   441.5 0   297.5 0   297.4 0     0.0 0     0.0 0     0.0 0   -37.6 0   -37.6 0    25.0 0    81.6 1     0.2 0    55.8 0  1010.4 0
 1997 202  7 21  7 18  7.300 122.78    -5.2 0     0.1 0     0.0 0     0.3 0   405.2 0   299.8 0   299.3 0   441.3 0   297.5 0   297.3 0     0.0 0     0.0 0     0.0 0   -36.1 0   -36.1 0    24.9 0    81.8 1     0.0 0    55.7 0  1009.3 0
 1997 202  7 21  7 21  7.350 122.57    -5.2 0     0.2 0     0.0 0     0.1 0   405.7 0   299.8 0   299.3 0   441.4 0   297.4 0   297.3 0     0.0 0     0.0 0     0.0 0   -35.7 0   -35.7 0    24.8 0    81.9 1     0.2 0    21.9 0  1009.1 0
 1997 202  7 21  7 24  7.400 122.35    -5.2 0     0.1 0     0.1 0     0.1 0   405.6 0   299.8 0   299.3 0   441.3 0   297.4 0   297.3 0     0.0 0     0.0 0     0.0 0   -35.6 0   -35.6 0    24.7 0    82.1 1     1.0 0     6.4 0  1009.6 0
 1997 202  7 21  7 27  7.450 122.12    -5.2 0    -0.2 0     0.0 0     0.0 0   407.6 0   299.8 0   299.3 0   441.7 0   297.4 0   297.3 0     0.0 0     0.0 0     0.0 0   -34.0 0   -34.0 0    24.9 0    82.3 1     1.2 0    23.5 0  1009.9 0
 1997 202  7 21  7 30  7.500 121.88    -5.1 0    -0.1 0     0.0 0    -0.1 0   409.5 0   299.7 0   299.3 0   441.4 0   297.4 0   297.3 0     0.0 0     0.0 0     0.0 0   -31.8 0   -31.8 0    24.8 0    82.4 1     1.1 0    33.9 0  1010.0 0
 1997 202  7 21  7 33  7.550 121.63    -5.0 0     0.0 0     0.1 0     0.1 0   408.6 0   299.7 0   299.2 0   442.2 0   297.4 0   297.3 0     0.0 0     0.0 0     0.0 0   -33.7 0   -33.7 0    24.9 0    82.3 1     0.9 0    54.5 0  1011.2 0
 1997 202  7 21  7 36  7.600 121.38    -5.0 0    -0.1 0     0.5 0     0.1 0   408.9 0   299.7 0   299.2 0   443.0 0   297.4 0   297.3 0     0.0 0     0.0 0     0.0 0   -34.1 0   -34.1 0    24.9 0    82.2 1     0.9 0    72.5 0  1010.2 0
 1997 202  7 21  7 39  7.650 121.12    -5.1 0    -0.3 0     0.8 0    -0.3 0   410.6 0   299.7 0   299.3 0   444.2 0   297.5 0   297.4 0     0.0 0     0.0 0     0.0 0   -33.6 0   -33.6 0    25.0 0    82.3 1     1.1 0    76.4 0  1010.8 0
 1997 202  7 21  7 42  7.700 120.85    -5.2 0    -0.5 0     1.3 0    -0.9 0   414.0 0   299.7 0   299.4 0   446.0 0   297.5 0   297.5 0     0.0 0     0.0 0     0.0 0   -31.9 0   -31.9 0    25.2 0    82.2 1     1.2 0    78.6 0  1011.3 0
 1997 202  7 21  7 45  7.750 120.58    -5.4 0    -0.5 0     0.8 0    -0.5 0   408.9 0   299.8 0   299.4 0   446.5 0   297.6 0   297.6 0     0.0 0     0.0 0     0.0 0   -37.6 0   -37.6 0    25.4 0    82.0 1     1.3 0    79.9 0  1011.2 0
 1997 202  7 21  7 48  7.800 120.30    -5.6 0    -0.1 0     0.9 0    -0.4 0   406.3 0   299.9 0   299.5 0   446.0 0   297.7 0   297.6 0     0.0 0     0.0 0     0.0 0   -39.7 0   -39.7 0    25.5 0    81.8 1     1.3 0    75.3 0  1010.6 0
 1997 202  7 21  7 51  7.850 120.01    -5.6 0     0.3 0     0.6 0    -0.5 0   408.6 0   300.0 0   299.6 0   446.2 0   297.7 0   297.7 0     0.0 0     0.0 0     0.0 0   -37.6 0   -37.6 0    25.5 0    81.5 1     1.3 0    72.3 0  1010.7 0
 1997 202  7 21  7 54  7.900 119.71    -5.7 0     0.3 0     0.7 0    -0.9 0   410.8 0   300.1 0   299.7 0   446.7 0   297.8 0   297.7 0     0.0 0     0.0 0     0.0 0   -35.9 0   -35.9 0    25.5 0    81.3 1     1.2 0    71.9 0  1010.7 0
 1997 202  7 21  7 57  7.950 119.41    -5.6 0     0.3 0     0.4 0    -0.8 0   411.6 0   300.2 0   299.8 0   446.0 0   297.8 0   297.7 0     0.0 0     0.0 0     0.0 0   -34.4 0   -34.4 0    25.5 0    81.1 1     1.0 0    72.2 0  1010.7 0
 1997 202  7 21  8  0  8.000 119.10    -5.5 0     0.4 0     0.0 0    -0.6 0   412.0 0   300.2 0   299.8 0   445.3 0   297.9 0   297.8 0     0.0 0     0.0 0     0.0 0   -33.3 0   -33.3 0    25.5 0    80.9 1     1.2 0    67.4 0  1009.8 0
 1997 202  7 21  8  3  8.050 118.78    -5.7 0     0.4 0     0.5 0    -0.5 0   409.3 0   300.3 0   299.9 0   445.8 0   297.9 0   297.8 0     0.0 0     0.0 0     0.0 0   -36.6 0   -36.6 0    25.6 0    80.6 1     1.2 0    53.6 0  1009.6 0
 1997 202  7 21  8  6  8.100 118.46    -5.5 0     0.3 0     0.0 0    -0.5 0   412.8 0   300.4 0   299.9 0   445.4 0   297.9 0   297.8 0     0.0 0     0.0 0     0.0 0   -32.6 0   -32.6 0    25.5 0    80.5 1     0.8 0    39.4 0  1009.7 0
 1997 202  7 21  8  9  8.150 118.13    -5.5 0     0.4 0     0.1 0    -0.1 0   411.9 0   300.4 0   300.0 0   445.3 0   297.9 0   297.8 0     0.0 0     0.0 0     0.0 0   -33.4 0   -33.4 0    25.5 0    80.3 1     0.6 0    58.0 0  1010.1 0
 1997 202  7 21  8 12  8.200 117.79    -5.5 0     0.3 0     0.4 0    -0.2 0   411.6 0   300.4 0   300.0 0   445.2 0   297.9 0   297.8 0     0.0 0     0.0 0     0.0 0   -33.6 0   -33.6 0    25.5 0    80.2 1     0.4 0    53.7 0  1010.9 0
 1997 202  7 21  8 15  8.250 117.45    -5.5 0     0.3 0     0.3 0     0.2 0   409.9 0   300.4 0   299.9 0   444.9 0   297.9 0   297.8 0     0.0 0     0.1 0     0.0 0   -35.1 0   -35.1 0    25.4 0    80.2 1     0.1 0    50.7 0  1010.3 0
 1997 202  7 21  8 18  8.300 117.10    -5.7 0     0.4 0     0.6 0     0.2 0   409.7 0   300.4 0   300.0 0   444.8 0   297.9 0   297.8 0     0.0 0     0.0 0     0.0 0   -35.0 0   -35.0 0    25.4 0    80.1 1     0.0 0    49.7 0  1009.7 0
 1997 202  7 21  8 21  8.350 116.75    -5.6 0     0.4 0     0.5 0     0.1 0   410.1 0   300.5 0   300.0 0   444.9 0   297.9 0   297.8 0     0.0 0     0.0 0     0.0 0   -34.8 0   -34.8 0    25.5 0    80.0 1     0.2 0    49.8 0  1010.1 0
 1997 202  7 21  8 24  8.400 116.39    -5.5 0     0.4 0     0.5 0     0.0 0   410.9 0   300.5 0   300.0 0   444.5 0   297.8 0   297.7 0     0.0 0     0.0 0     0.0 0   -33.7 0   -33.7 0    25.4 0    80.0 1     0.0 0    49.8 0  1009.9 0
 1997 202  7 21  8 27  8.450 116.02    -5.3 0     0.4 0     0.1 0     0.1 0   411.3 0   300.5 0   300.0 0   444.4 0   297.8 0   297.7 0     0.0 0     0.0 0     0.0 0   -33.1 0   -33.1 0    25.3 0    80.0 1 -9999.9 1 -9999.9 1  1009.2 0
 1997 202  7 21  8 30  8.500 115.65    -5.3 0     0.3 0     0.2 0     0.1 0   412.4 0   300.5 0   300.0 0   444.8 0   297.8 0   297.7 0     0.0 0     0.0 0     0.0 0   -32.4 0   -32.4 0    25.3 0    80.0 1     0.0 0    49.8 0  1009.1 0
 1997 202  7 21  8 33  8.550 115.27    -5.3 0     0.3 0     0.2 0     0.0 0   412.8 0   300.5 0   300.0 0   444.5 0   297.8 0   297.7 0     0.0 0     0.0 0     0.0 0   -31.7 0   -31.7 0    25.2 0    80.1 1 -9999.9 1 -9999.9 1  1009.4 0
 1997 202  7 21  8 36  8.600 114.88    -5.2 0     0.2 0    -0.5 0     0.5 0   409.1 0   300.5 0   299.9 0   444.3 0   297.8 0   297.6 0     0.0 0     0.0 0     0.0 0   -35.2 0   -35.2 0    25.1 0    80.2 1     0.0 0    50.0 0  1008.9 0
 1997 202  7 21  8 39  8.650 114.50    -5.2 0     0.0 0    -0.1 0     0.1 0   413.4 0   300.4 0   299.9 0   444.9 0   297.8 0   297.7 0     0.0 0     0.0 0     0.0 0   -31.6 0   -31.6 0    25.3 0    80.1 1     0.7 0    87.8 0  1009.6 0
 1997 202  7 21  8 42  8.700 114.10    -5.1 0    -0.2 0     0.3 0    -0.1 0   414.5 0   300.4 0   299.9 0   445.6 0   297.8 0   297.7 0     0.0 0     0.0 0     0.0 0   -31.1 0   -31.1 0    25.3 0    80.0 1     0.9 0    96.3 0  1009.4 0
 1997 202  7 21  8 45  8.750 113.70    -5.1 0    -0.3 0     0.3 0    -0.2 0   414.4 0   300.4 0   299.9 0   445.9 0   297.8 0   297.7 0     0.0 0     0.0 0     0.0 0   -31.6 0   -31.6 0    25.4 0    79.9 1     1.1 0    91.0 0  1008.9 0
 1997 202  7 21  8 48  8.800 113.30    -5.1 0    -0.3 0     0.3 0     0.0 0   411.3 0   300.4 0   299.9 0   445.9 0   297.9 0   297.8 0     0.0 0     0.0 0     0.0 0   -34.6 0   -34.6 0    25.5 0    79.7 1     1.3 0    97.4 0  1008.3 0
 1997 202  7 21  8 51  8.850 112.89    -5.2 0    -0.3 0     0.4 0     0.1 0   410.6 0   300.4 0   299.9 0   446.1 0   297.9 0   297.8 0     0.0 0     0.0 0     0.0 0   -35.5 0   -35.5 0    25.6 0    79.6 1     1.3 0    94.3 0  1008.6 0
 1997 202  7 21  8 54  8.900 112.47    -5.2 0    -0.3 0     0.5 0    -0.3 0   412.1 0   300.4 0   299.9 0   445.6 0   298.0 0   297.9 0     0.0 0     0.0 0     0.0 0   -33.5 0   -33.5 0    25.7 0    79.4 1     1.1 0    89.6 0  1009.0 0
 1997 202  7 21  8 57  8.950 112.05    -5.2 0    -0.2 0     0.4 0    -0.1 0   411.6 0   300.4 0   299.9 0   445.6 0   298.0 0   297.9 0     0.0 0     0.0 0     0.0 0   -34.0 0   -34.0 0    25.6 0    79.3 1     0.7 0    95.4 0  1008.3 0
 1997 202  7 21  9  0  9.000 111.63    -5.2 0    -0.1 0     0.4 0     0.0 0   409.6 0   300.4 0   300.0 0   445.0 0   298.0 0   297.9 0     0.0 0     0.0 0     0.0 0   -35.5 0   -35.5 0    25.7 0    79.2 1     0.7 0    78.3 0  1008.4 0
 1997 202  7 21  9  3  9.050 111.20    -5.1 0    -0.1 0     0.3 0     0.4 0   408.2 0   300.4 0   299.9 0   444.5 0   298.1 0   297.9 0     0.0 0     0.0 0     0.0 0   -36.4 0   -36.4 0    25.8 0    79.1 1     1.0 0    75.8 0  1008.2 0
 1997 202  7 21  9  6  9.100 110.76    -5.1 0    -0.2 0     0.0 0     0.3 0   412.3 0   300.4 0   299.8 0   444.2 0   298.1 0   298.0 0     0.0 0     0.0 0     0.0 0   -31.9 0   -31.9 0    25.5 0    79.1 1     1.1 0    84.4 0  1008.2 0
 1997 202  7 21  9  9  9.150 110.32    -5.1 0    -0.3 0     0.2 0     0.4 0   412.7 0   300.3 0   299.8 0   444.3 0   298.1 0   298.0 0     0.0 0     0.0 0     0.0 0   -31.6 0   -31.6 0    25.5 0    79.1 1     1.3 0    96.6 0  1008.6 0
 1997 202  7 21  9 12  9.200 109.88    -5.1 0    -0.3 0     0.2 0     0.4 0   411.6 0   300.2 0   299.7 0   445.0 0   298.1 0   298.0 0     0.0 0     0.0 0     0.0 0   -33.4 0   -33.4 0    25.5 0    79.1 1     1.4 0   101.7 0  1008.5 0
 1997 202  7 21  9 15  9.250 109.43    -5.1 0    -0.3 0     0.1 0     0.3 0   410.1 0   300.2 0   299.7 0   444.8 0   298.1 0   298.0 0     0.0 0     0.0 0     0.0 0   -34.7 0   -34.7 0    25.6 0    78.9 1     1.3 0    97.6 0  1009.2 0
 1997 202  7 21  9 18  9.300 108.98    -5.1 0    -0.3 0    -0.1 0     0.4 0   411.1 0   300.2 0   299.6 0   444.2 0   298.1 0   298.0 0     0.0 0     0.0 0     0.0 0   -33.1 0   -33.1 0    25.6 0    78.9 1     1.3 0    92.6 0  1009.2 0
 1997 202  7 21  9 21  9.350 108.53    -5.1 0    -0.3 0     0.1 0     0.3 0   410.3 0   300.1 0   299.6 0   444.3 0   298.2 0   298.1 0     0.0 0     0.0 0     0.0 0   -34.0 0   -34.0 0    25.6 0    78.8 1     1.4 0    93.1 0  1008.8 0
 1997 202  7 21  9 24  9.400 108.07    -5.2 0    -0.2 0     0.4 0    -0.1 0   410.8 0   300.1 0   299.7 0   444.6 0   298.2 0   298.1 0     0.0 0     0.0 0     0.0 0   -33.8 0   -33.8 0    25.6 0    78.8 1     1.4 0    94.2 0  1008.7 0
 1997 202  7 21  9 27  9.450 107.60    -5.1 0    -0.1 0     0.4 0    -0.2 0   410.7 0   300.1 0   299.7 0   444.5 0   298.2 0   298.1 0     0.0 0     0.0 0     0.0 0   -33.9 0   -33.9 0    25.5 0    78.8 1     1.3 0    95.7 0  1009.6 0
 1997 202  7 21  9 30  9.500 107.13    -5.2 0    -0.1 0     0.4 0    -0.2 0   411.0 0   300.1 0   299.7 0   444.6 0   298.2 0   298.1 0     0.0 0     0.0 0     0.0 0   -33.6 0   -33.6 0    25.5 0    78.7 1     1.1 0   104.2 0  1009.6 0
 1997 202  7 21  9 33  9.550 106.66    -5.2 0    -0.2 0     0.5 0    -0.6 0   413.7 0   300.2 0   299.8 0   445.2 0   298.2 0   298.1 0     0.0 0     0.0 0     0.0 0   -31.5 0   -31.5 0    25.6 0    78.6 1     0.9 0   116.3 0  1009.2 0
 1997 202  7 21  9 36  9.600 106.19    -5.2 0    -0.2 0     0.6 0    -0.9 0   415.4 0   300.2 0   299.9 0   445.7 0   298.2 0   298.1 0     0.0 0     0.0 0     0.0 0   -30.3 0   -30.3 0    25.6 0    78.5 1     0.7 0   114.6 0  1009.3 0
 1997 202  7 21  9 39  9.650 105.71    -5.2 0    -0.1 0     0.5 0    -0.5 0   415.7 0   300.3 0   299.9 0   445.9 0   298.2 0   298.1 0     0.0 0     0.0 0     0.0 0   -30.1 0   -30.1 0    25.6 0    78.4 1     0.4 0   107.2 0  1009.4 0
 1997 202  7 21  9 42  9.700 105.22    -5.4 0     0.0 0     0.1 0     0.2 0   418.5 0   300.3 0   299.7 0   445.7 0   298.2 0   298.1 0     0.0 0     0.0 0     0.0 0   -27.2 0   -27.2 0    25.6 0    78.3 1     0.4 0    70.7 0  1011.5 0
 1997 202  7 21  9 45  9.750 104.74    -5.7 0     0.0 0    -0.4 0     0.7 0   418.6 0   300.3 0   299.6 0   445.4 0   298.2 0   298.1 0     0.0 0     0.0 0     0.0 0   -26.8 0   -26.8 0    25.6 0    78.1 1     0.6 0    60.1 0  1010.6 0
 1997 202  7 21  9 48  9.800 104.25    -5.5 0     0.1 0    -0.4 0     0.8 0   415.6 0   300.2 0   299.6 0   443.4 0   298.3 0   298.1 0     0.0 0     0.0 0     0.0 0   -27.8 0   -27.8 0    25.5 0    78.1 1     0.8 0    43.1 0  1010.3 0
 1997 202  7 21  9 51  9.850 103.76    -5.2 0     0.2 0    -0.2 0     0.7 0   414.6 0   300.1 0   299.6 0   443.6 0   298.2 0   298.1 0     0.0 0     0.0 0     0.0 0   -29.0 0   -29.0 0    25.5 0    78.2 1     0.5 0    38.4 0  1010.0 0
 1997 202  7 21  9 54  9.900 103.26    -5.0 0     0.0 0    -0.2 0     0.6 0   414.7 0   300.1 0   299.6 0   444.1 0   298.2 0   298.1 0     0.0 0     0.0 0     0.0 0   -29.3 0   -29.3 0    25.4 0    78.3 1     0.5 0    66.0 0  1009.1 0
 1997 202  7 21  9 57  9.950 102.76    -4.9 0    -0.1 0     0.0 0     0.6 0   414.2 0   300.0 0   299.5 0   443.7 0   298.2 0   298.1 0     0.0 0     0.0 0     0.0 0   -29.5 0   -29.5 0    25.6 0    78.3 1     0.1 0    81.0 0  1009.6 0
 1997 202  7 21 10  0 10.000 102.26    -5.2 0     0.1 0    -0.2 0     0.4 0   416.1 0   300.0 0   299.5 0   443.4 0   298.2 0   298.0 0     0.0 0     0.0 0     0.0 0   -27.3 0   -27.3 0    25.4 0    78.4 1     0.2 0   356.5 0  1009.3 0
 1997 202  7 21 10  3 10.050 101.75    -5.4 0     0.3 0    -0.2 0     0.5 0   416.6 0   300.0 0   299.4 0   442.7 0   298.1 0   298.0 0     0.0 0     0.0 0     0.0 0   -26.1 0   -26.1 0    25.3 0    78.5 1     0.8 0   302.7 0  1009.0 0
 1997 202  7 21 10  6 10.100 101.24    -5.4 0     0.3 0    -0.3 0     0.5 0   418.9 0   299.9 0   299.3 0   443.1 0   298.0 0   297.9 0     0.0 0     0.0 0     0.0 0   -24.1 0   -24.1 0    25.2 0    78.9 1     0.9 0   311.5 0  1009.4 0
 1997 202  7 21 10  9 10.150 100.73    -5.4 0     0.1 0    -0.3 0     0.6 0   418.2 0   299.9 0   299.3 0   442.6 0   297.9 0   297.8 0     0.0 0     0.0 0     0.0 0   -24.4 0   -24.4 0    24.9 0    79.3 1     0.9 0   343.8 0  1010.2 0
 1997 202  7 21 10 12 10.200 100.21    -5.1 0     0.0 0    -0.3 0     0.5 0   418.8 0   299.8 0   299.3 0   443.2 0   297.9 0   297.8 0     0.0 0     0.0 0     0.0 0   -24.4 0   -24.4 0    25.0 0    79.5 1     1.4 0     4.9 0  1009.2 0
 1997 202  7 21 10 15 10.250  99.69    -4.8 0     0.2 0    -0.3 0     0.6 0   419.3 0   299.7 0   299.3 0   442.8 0   297.8 0   297.7 0     0.0 0     0.0 0     0.0 0   -23.5 0   -23.5 0    24.8 0    79.7 1     1.4 0     7.8 0  1009.6 0
 1997 202  7 21 10 18 10.300  99.17    -4.8 0     0.3 0    -0.3 0     0.5 0   419.0 0   299.7 0   299.2 0   442.9 0   297.8 0   297.6 0     0.0 0     0.0 0     0.0 0   -24.0 0   -24.0 0    24.7 0    79.9 1     1.4 0    17.8 0  1009.8 0
 1997 202  7 21 10 21 10.350  98.65    -4.8 0     0.0 0    -0.2 0     0.6 0   416.2 0   299.6 0   299.2 0   443.3 0   297.7 0   297.6 0     0.0 0     0.0 0     0.0 0   -27.1 0   -27.1 0    24.7 0    80.0 1     1.0 0    34.4 0  1009.5 0
 1997 202  7 21 10 24 10.400  98.12    -4.7 0    -0.1 0    -0.1 0     0.2 0   419.9 0   299.6 0   299.2 0   444.2 0   297.7 0   297.6 0     0.0 0     0.0 0     0.0 0   -24.3 0   -24.3 0    24.8 0    80.0 1     1.0 0    46.0 0  1009.3 0
 1997 202  7 21 10 27 10.450  97.59    -4.7 0    -0.1 0     0.1 0     0.1 0   421.9 0   299.6 0   299.2 0   444.8 0   297.7 0   297.6 0     0.0 0     0.0 0     0.0 0   -22.9 0   -22.9 0    24.9 0    80.0 1     0.8 0    48.2 0  1009.6 0
 1997 202  7 21 10 30 10.500  97.06    -4.7 0    -0.1 0     0.2 0    -0.1 0   422.0 0   299.6 0   299.2 0   444.9 0   297.7 0   297.6 0     0.0 0     0.0 0     0.0 0   -23.0 0   -23.0 0    24.9 0    79.9 1     0.7 0    48.2 0  1009.9 0
 1997 202  7 21 10 33 10.550  96.53    -4.7 0     0.0 0     0.2 0    -0.1 0   422.3 0   299.6 0   299.2 0   444.6 0   297.7 0   297.6 0     0.0 0     0.0 0     0.0 0   -22.3 0   -22.3 0    24.9 0    79.9 1     0.7 0    48.2 0  1010.1 0
 1997 202  7 21 10 36 10.600  95.99    -4.7 0     0.1 0     0.1 0    -0.1 0   421.2 0   299.7 0   299.3 0   443.5 0   297.7 0   297.5 0     0.0 0     0.0 0     0.0 0   -22.3 0   -22.3 0    24.9 0    79.8 1     0.3 0    48.2 0  1010.7 0
 1997 202  7 21 10 39 10.650  95.45    -4.7 0     0.1 0     0.0 0     0.1 0   417.7 0   299.7 0   299.2 0   443.5 0   297.6 0   297.5 0     0.0 0     0.0 0     0.0 0   -25.8 0   -25.8 0    24.8 0    79.9 1     0.1 0    48.0 0  1010.2 0
 1997 202  7 21 10 42 10.700  94.91    -5.0 0     0.1 0     0.1 0     0.0 0   417.8 0   299.7 0   299.2 0   443.4 0   297.6 0   297.5 0     0.0 0     0.0 0     0.0 0   -25.6 0   -25.6 0    24.7 0    80.0 1     0.9 0   358.4 0  1009.9 0
 1997 202  7 21 10 45 10.750  94.36    -4.9 0     0.2 0     0.0 0     0.2 0   413.3 0   299.7 0   299.2 0   442.9 0   297.6 0   297.4 0     0.0 0     0.0 0     0.0 0   -29.6 0   -29.6 0    24.6 0    80.1 1     1.0 0     9.5 0  1010.2 0
 1997 202  7 21 10 48 10.800  93.82    -4.8 0     0.2 0     0.1 0     0.6 0   409.3 0   299.7 0   299.2 0   442.5 0   297.5 0   297.4 0     0.0 0     0.1 0     0.4 0   -33.2 0   -32.8 0    24.6 0    80.3 1     0.9 0    29.0 0  1008.9 0
 1997 202  7 21 10 51 10.850  93.27    -4.7 0     0.2 0     0.0 0     0.6 0   410.3 0   299.7 0   299.2 0   442.4 0   297.5 0   297.4 0     0.0 0     0.2 0     0.4 0   -32.1 0   -31.7 0    24.5 0    80.5 1     1.0 0    32.7 0  1009.2 0
 1997 202  7 21 10 54 10.900  92.72    -4.5 0     0.2 0     0.0 0     0.6 0   410.7 0   299.6 0   299.2 0   442.1 0   297.5 0   297.4 0     0.0 0     0.3 0     0.4 0   -31.4 0   -31.0 0    24.6 0    80.6 1     0.7 0     8.0 0  1010.0 0
 1997 202  7 21 10 57 10.950  92.17    -4.3 0     0.3 0     0.2 0     0.9 0   408.4 0   299.6 0   299.2 0   441.9 0   297.5 0   297.3 0     0.0 0     0.5 0     0.6 0   -33.5 0   -32.9 0    24.6 0    80.7 1     0.9 0   347.4 0  1010.3 0
 1997 202  7 21 11  0 11.000  91.61    -3.8 0     0.4 0     0.0 0     1.5 0   408.2 0   299.7 0   299.2 0   441.7 0   297.4 0   297.3 0     0.0 0     0.7 0     1.0 0   -33.5 0   -32.5 0    24.6 0    80.8 1     1.0 0     2.4 0  1009.2 0
 1997 202  7 21 11  3 11.050  91.05    -3.2 0     0.5 0     0.1 0     2.1 0   406.8 0   299.7 0   299.2 0   441.2 0   297.4 0   297.3 0     0.0 0     1.1 0     1.5 0   -34.4 0   -32.9 0    24.6 0    80.9 1     1.0 0     3.6 0  1010.8 0
 1997 202  7 21 11  6 11.100  89.81    -2.4 0     0.7 0    -0.2 0     2.9 0   407.5 0   299.7 0   299.1 0   440.9 0   297.4 0   297.2 0     0.3 0     1.5 0     2.2 0   -33.4 0   -31.2 0    24.5 0    81.0 1     1.2 0   320.7 0  1010.3 0
 1997 202  7 21 11  9 11.150  89.39    -1.5 0     1.0 0    -0.3 0     4.4 0   406.4 0   299.6 0   299.0 0   440.6 0   297.3 0   297.2 0     0.3 0     2.0 0     3.3 0   -34.1 0   -30.8 0    24.3 0    81.3 1     1.5 0   304.2 0  1009.8 0
 1997 202  7 21 11 12 11.200  88.92    -0.5 0     0.9 0     0.1 0     5.6 0   405.8 0   299.6 0   299.0 0   440.9 0   297.3 0   297.2 0     0.4 0     2.6 0     4.7 0   -35.1 0   -30.4 0    24.3 0    81.5 1     0.8 0   337.8 0  1010.6 0
 1997 202  7 21 11 15 11.250  88.43     0.6 0     0.9 0     0.3 0     5.9 0   406.6 0   299.5 0   299.0 0   441.3 0   297.2 0   297.1 0     0.5 0     3.1 0     5.0 0   -34.7 0   -29.7 0    24.2 0    81.6 1     0.2 0     4.7 0  1012.1 0
 1997 202  7 21 11 18 11.300  87.92     1.4 0     1.0 0     0.5 0     6.4 0   408.0 0   299.5 0   299.1 0   442.0 0   297.2 0   297.1 0     0.6 0     3.7 0     5.5 0   -34.0 0   -28.6 0    24.3 0    81.6 1     0.7 0    34.8 0  1011.4 0
 1997 202  7 21 11 21 11.350  87.40     2.5 0     1.1 0     0.4 0     7.7 0   404.7 0   299.5 0   299.1 0   442.0 0   297.2 0   297.1 0     0.7 0     4.2 0     6.6 0   -37.3 0   -30.7 0    24.4 0    81.6 1     0.7 0    54.1 0  1011.2 0
 1997 202  7 21 11 24 11.400  86.86     4.1 0     1.4 0     0.3 0     9.3 0   403.4 0   299.5 0   299.1 0   442.0 0   297.2 0   297.1 0     0.8 0     4.9 0     7.9 0   -38.6 0   -30.7 0    24.6 0    81.6 1     0.5 0    39.1 0  1011.9 0
 1997 202  7 21 11 27 11.450  86.32     5.3 0     1.6 0     0.4 0    10.2 0   405.3 0   299.5 0   299.1 0   441.8 0   297.2 0   297.1 0     0.9 0     5.6 0     8.6 0   -36.5 0   -27.9 0    24.6 0    81.6 1     0.5 0    35.7 0  1012.1 0
 1997 202  7 21 11 30 11.500  85.77     7.1 0     1.9 0     0.3 0    11.9 0   406.8 0   299.5 0   299.1 0   441.7 0   297.2 0   297.1 0     1.0 0     6.4 0    10.0 0   -34.9 0   -25.0 0    24.5 0    81.7 1     0.2 0    35.4 0  1011.7 0
 1997 202  7 21 11 33 11.550  85.21     8.2 0     1.9 0     0.3 0    12.9 0   406.9 0   299.6 0   299.1 0   441.9 0   297.2 0   297.0 0     1.2 0     7.0 0    11.0 0   -35.0 0   -24.0 0    24.3 0    81.8 1     0.6 0   346.6 0  1009.8 0
 1997 202  7 21 11 36 11.600  84.65     9.6 0     2.2 0     0.3 0    14.2 0   407.1 0   299.6 0   299.2 0   442.3 0   297.1 0   297.0 0     1.4 0     7.8 0    12.0 0   -35.3 0   -23.2 0    24.3 0    81.8 1     0.4 0     7.3 0  1009.7 0
 1997 202  7 21 11 39 11.650  84.08    11.4 0     2.7 0     0.5 0    16.1 0   405.9 0   299.6 0   299.2 0   442.4 0   297.1 0   297.0 0     1.6 0     8.7 0    13.4 0   -36.5 0   -23.1 0    24.2 0    81.8 1     0.4 0    57.5 0  1010.3 0
 1997 202  7 21 11 42 11.700  83.51    12.3 0     2.8 0     0.4 0    17.2 0   408.0 0   299.6 0   299.1 0   443.0 0   297.1 0   297.0 0     1.8 0     9.2 0    14.4 0   -35.0 0   -20.6 0    24.3 0    81.9 1     1.0 0    91.4 0  1010.8 0
 1997 202  7 21 11 45 11.750  82.94    13.0 0     2.8 0     0.2 0    18.2 0   405.5 0   299.6 0   299.1 0   443.2 0   297.1 0   297.0 0     2.1 0     9.7 0    15.4 0   -37.7 0   -22.2 0    24.4 0    81.9 1     1.4 0    80.4 0  1009.9 0
 1997 202  7 21 11 48 11.800  82.37    14.9 0     3.1 0     0.0 0    20.1 0   408.0 0   299.6 0   299.1 0   443.1 0   297.1 0   297.0 0     2.3 0    10.7 0    17.0 0   -35.1 0   -18.1 0    24.2 0    82.0 1     1.3 0    65.9 0  1010.4 0
 1997 202  7 21 11 51 11.850  81.79    18.1 0     4.0 0     0.3 0    23.3 0   409.6 0   299.6 0   299.2 0   443.9 0   297.2 0   297.1 0     2.6 0    12.1 0    19.3 0   -34.4 0   -15.1 0    24.3 0    81.9 1     0.9 0    55.6 0  1010.3 0
 1997 202  7 21 11 54 11.900  81.21    19.5 0     4.3 0     0.3 0    24.7 0   407.3 0   299.6 0   299.2 0   444.0 0   297.2 0   297.1 0     2.9 0    12.8 0    20.5 0   -36.8 0   -16.3 0    24.4 0    81.8 1     0.6 0   357.8 0  1010.9 0
 1997 202  7 21 11 57 11.950  80.63    20.6 0     4.8 0     0.2 0    26.2 0   407.1 0   299.6 0   299.1 0   443.1 0   297.2 0   297.1 0     3.2 0    13.6 0    21.4 0   -36.0 0   -14.6 0    24.3 0    81.8 1     1.1 0   286.8 0  1009.9 0
 1997 202  7 21 12  0 12.000  80.05    23.4 0     5.2 0     0.3 0    29.1 0   406.5 0   299.6 0   299.2 0   443.5 0   297.1 0   297.0 0     3.5 0    15.0 0    23.9 0   -37.0 0   -13.0 0    24.1 0    81.9 1     1.1 0   297.3 0  1010.0 0
 1997 202  7 21 12  3 12.050  79.46    27.3 0     5.6 0     0.6 0    33.1 0   404.0 0   299.6 0   299.2 0   444.9 0   297.1 0   297.0 0     3.9 0    16.8 0    27.7 0   -40.9 0   -13.3 0    24.1 0    82.1 1     0.8 0   315.3 0  1010.7 0
 1997 202  7 21 12  6 12.100  78.87    30.2 0     6.1 0     0.9 0    35.6 0   405.9 0   299.7 0   299.3 0   445.7 0   297.2 0   297.1 0     4.3 0    18.2 0    29.6 0   -39.7 0   -10.1 0    24.3 0    82.1 1     0.4 0   329.3 0  1010.5 0
 1997 202  7 21 12  9 12.150  78.29    32.1 0     6.6 0     1.0 0    36.9 0   407.3 0   299.7 0   299.4 0   445.9 0   297.2 0   297.1 0     4.7 0    19.2 0    30.6 0   -38.6 0    -8.1 0    24.3 0    82.1 1     0.1 0   339.9 0  1011.4 0
 1997 202  7 21 12 12 12.200  77.70    33.6 0     6.9 0     0.9 0    38.1 0   408.3 0   299.8 0   299.4 0   446.2 0   297.2 0   297.1 0     5.1 0    19.8 0    31.4 0   -37.9 0    -6.5 0    24.2 0    82.1 1     0.4 0   341.1 0  1010.4 0
 1997 202  7 21 12 15 12.250  77.10    32.5 0     6.6 0     0.7 0    37.4 0   405.7 0   299.8 0   299.4 0   446.2 0   297.2 0   297.1 0     5.5 0    19.5 0    31.0 0   -40.5 0    -9.5 0    24.4 0    82.0 1     0.6 0   340.6 0  1010.9 0
 1997 202  7 21 12 18 12.300  76.51    33.6 0     6.9 0     0.5 0    38.8 0   405.7 0   299.9 0   299.4 0   445.7 0   297.2 0   297.1 0     5.8 0    20.3 0    32.0 0   -40.0 0    -8.0 0    24.4 0    82.0 1     0.5 0   340.5 0  1010.5 0
 1997 202  7 21 12 21 12.350  75.92    39.1 0     8.2 0     0.6 0    44.4 0   411.3 0   299.9 0   299.5 0   445.8 0   297.2 0   297.1 0     6.1 0    22.7 0    36.4 0   -34.5 0     1.9 0    24.2 0    82.0 1     0.7 0   322.0 0  1010.6 0
 1997 202  7 21 12 24 12.400  75.32    45.5 0     9.4 0     0.8 0    50.8 0   414.7 0   299.9 0   299.6 0   446.9 0   297.2 0   297.1 0     6.5 0    25.6 0    41.6 0   -32.2 0     9.5 0    24.2 0    82.1 1     0.7 0   310.1 0  1010.6 0
 1997 202  7 21 12 27 12.450  74.72    51.6 0    10.2 0     1.3 0    56.8 0   412.1 0   300.0 0   299.7 0   447.7 0   297.2 0   297.2 0     7.0 0    28.3 0    47.0 0   -35.5 0    11.4 0    24.4 0    82.1 1     0.1 0   331.7 0  1011.5 0
 1997 202  7 21 12 30 12.500  74.13    53.2 0    10.2 0     1.2 0    57.7 0   416.0 0   300.0 0   299.7 0   448.5 0   297.3 0   297.2 0     7.6 0    29.3 0    47.8 0   -32.5 0    15.3 0    24.2 0    82.2 1     0.0 0   331.9 0  1010.4 0
 1997 202  7 21 12 33 12.550  73.53    49.3 0     9.6 0     1.2 0    53.6 0   412.4 0   300.1 0   299.8 0   448.6 0   297.3 0   297.2 0     8.2 0    27.9 0    44.3 0   -36.2 0     8.1 0    24.2 0    82.2 1     0.3 0   331.9 0  1010.5 0
 1997 202  7 21 12 36 12.600  72.93    49.3 0     9.6 0     1.1 0    53.8 0   408.0 0   300.2 0   299.9 0   449.0 0   297.3 0   297.3 0     8.8 0    28.1 0    44.5 0   -41.0 0     3.6 0    24.3 0    82.1 1     0.2 0   331.7 0  1010.4 0
 1997 202  7 21 12 39 12.650  72.33    49.8 0     9.6 0     1.1 0    53.9 0   410.6 0   300.2 0   299.9 0   449.1 0   297.4 0   297.3 0     9.4 0    28.6 0    44.7 0   -38.5 0     6.1 0    24.2 0    82.1 1     0.5 0   328.6 0  1010.7 0
 1997 202  7 21 12 42 12.700  71.72    52.7 0    10.1 0     1.0 0    57.2 0   410.2 0   300.3 0   299.9 0   449.3 0   297.4 0   297.3 0    10.0 0    30.4 0    47.5 0   -39.2 0     8.3 0    24.2 0    82.1 1     0.7 0   319.6 0  1009.9 0
 1997 202  7 21 12 45 12.750  71.12    59.5 0    11.4 0     1.4 0    64.3 0   406.5 0   300.4 0   300.1 0   449.7 0   297.4 0   297.4 0    10.7 0    33.7 0    53.4 0   -43.1 0    10.3 0    24.4 0    82.1 1     0.4 0   321.4 0  1009.9 0
 1997 202  7 21 12 48 12.800  70.52    63.9 0    12.2 0     1.9 0    68.2 0   407.6 0   300.4 0   300.2 0   449.9 0   297.5 0   297.4 0    11.4 0    35.9 0    56.7 0   -42.3 0    14.3 0    24.4 0    82.1 1     0.1 0   321.5 0  1010.2 0
 1997 202  7 21 12 51 12.850  69.91    71.0 0    13.7 0     2.4 0    75.2 0   405.9 0   300.6 0   300.3 0   450.7 0   297.5 0   297.5 0    12.3 0    39.4 0    62.3 0   -44.8 0    17.5 0    24.4 0    82.1 1     0.0 0   321.5 0  1009.7 0
 1997 202  7 21 12 54 12.900  69.30    83.4 0    16.3 0     3.4 0    87.0 0   406.4 0   300.7 0   300.5 0   451.8 0   297.6 0   297.6 0    13.3 0    45.4 0    71.9 0   -45.4 0    26.5 0    24.5 0    82.1 1     0.1 0   321.5 0  1010.3 0
 1997 202  7 21 12 57 12.950  68.70    98.4 0    19.9 0     9.0 0   100.0 0   406.3 0   300.8 0   300.6 0   453.1 0   297.7 0   297.7 0    14.5 0    52.4 0    83.4 0   -46.8 0    36.6 0    24.8 0    82.0 1     0.1 0   321.5 0  1010.5 0
 1997 202  7 21 13  0 13.000  68.09   121.7 0    25.9 0    25.5 0   117.3 0   405.0 0   301.0 0   300.8 0   454.3 0   297.8 0   297.8 0    15.6 0    61.4 0   100.9 0   -49.3 0    51.6 0    24.9 0    81.8 1     0.2 0    28.8 0  1011.5 0
 1997 202  7 21 13  3 13.050  67.48   124.8 0    26.9 0    19.6 0   122.5 0   407.8 0   301.1 0   301.0 0   455.2 0   297.9 0   297.9 0    16.3 0    63.0 0   103.1 0   -47.4 0    55.7 0    24.9 0    81.7 1     0.3 0    29.0 0  1011.3 0
 1997 202  7 21 13  6 13.100  66.87   148.8 0    31.2 0    14.4 0   148.9 0   407.1 0   301.3 0   301.2 0   456.5 0   298.0 0   298.0 0    17.8 0    76.0 0   123.3 0   -49.4 0    73.9 0    25.0 0    81.7 1     0.2 0    28.7 0  1010.8 0
 1997 202  7 21 13  9 13.150  66.26   240.6 0    53.9 0    84.0 0   213.7 0   407.4 0   301.5 0   301.6 0   459.2 0   298.2 0   298.3 0    21.1 0   114.2 0   193.6 0   -51.8 0   141.8 0    25.3 0    81.5 1     0.1 0    28.8 0  1011.3 0
 1997 202  7 21 13 12 13.200  65.65   320.9 0    76.4 0   205.0 0   245.5 0   405.9 0   301.8 0   302.2 0   463.4 0   298.4 0   298.6 0    23.4 0   141.5 0   253.5 0   -57.6 0   196.0 0    25.6 0    81.2 1     0.2 0    30.1 0  1011.3 0
 1997 202  7 21 13 15 13.250  65.04   344.3 0    82.8 0   258.8 0   244.6 0   404.3 0   302.1 0   302.6 0   465.8 0   298.8 0   299.0 0    24.8 0   148.8 0   271.1 0   -61.4 0   209.6 0    26.1 0    80.6 1     0.5 0    67.6 0  1011.3 0
 1997 202  7 21 13 18 13.300  64.43   342.9 0    82.4 0   265.2 0   238.3 0   404.9 0   302.5 0   303.0 0   467.7 0   299.1 0   299.3 0    26.0 0   148.1 0   270.4 0   -62.8 0   207.6 0    26.3 0    80.2 1     0.6 0    26.8 0  1009.8 0
 1997 202  7 21 13 21 13.350  63.81   347.7 0    83.2 0   261.0 0   242.5 0   406.2 0   303.0 0   303.4 0   469.3 0   299.5 0   299.6 0    27.3 0   151.2 0   274.5 0   -63.2 0   211.3 0    26.4 0    79.9 1     0.9 0     3.3 0  1009.3 0
 1997 202  7 21 13 24 13.400  63.20   351.8 0    83.2 0   248.8 0   250.6 0   406.1 0   303.4 0   303.8 0   470.1 0   299.8 0   300.0 0    28.6 0   154.2 0   279.6 0   -64.0 0   215.6 0    26.5 0    79.6 1     1.0 0    10.0 0  1009.2 0
 1997 202  7 21 13 27 13.450  62.59   362.5 0    86.6 0   258.4 0   254.3 0   407.0 0   303.8 0   304.1 0   470.9 0   300.1 0   300.3 0    29.7 0   157.9 0   286.7 0   -63.9 0   222.8 0    26.6 0    79.2 1     0.9 0    19.3 0  1009.2 0
 1997 202  7 21 13 30 13.500  61.97   375.6 0    90.4 0   277.3 0   255.6 0   405.9 0   304.2 0   304.6 0   472.8 0   300.5 0   300.6 0    30.9 0   162.0 0   295.6 0   -66.9 0   228.7 0    26.9 0    79.0 1     0.6 0    40.9 0  1009.4 0
 1997 202  7 21 13 33 13.550  61.36   368.1 0    87.4 0   248.0 0   258.0 0   406.6 0   304.5 0   305.0 0   473.7 0   300.8 0   301.0 0    32.1 0   161.8 0   289.4 0   -67.1 0   222.4 0    27.3 0    78.5 1     0.7 0    66.1 0  1009.4 0
 1997 202  7 21 13 36 13.600  60.74   361.6 0    83.6 0   224.7 0   260.2 0   407.4 0   304.9 0   305.3 0   475.0 0   301.2 0   301.3 0    33.2 0   160.3 0   286.4 0   -67.6 0   218.8 0    27.4 0    78.2 1     0.4 0    97.3 0  1009.8 0
 1997 202  7 21 13 39 13.650  60.12   335.2 0    74.5 0   193.4 0   246.6 0   407.7 0   305.2 0   305.5 0   474.8 0   301.5 0   301.6 0    34.2 0   152.3 0   268.4 0   -67.1 0   201.4 0    27.7 0    77.5 1     0.7 0   113.5 0  1009.9 0
 1997 202  7 21 13 42 13.700  59.51   363.9 0    84.9 0   249.8 0   243.5 0   408.2 0   305.5 0   305.7 0   475.3 0   301.8 0   301.9 0    35.6 0   159.6 0   285.3 0   -67.2 0   218.2 0    27.6 0    76.8 1     1.0 0   107.6 0  1010.1 0
 1997 202  7 21 13 45 13.750  58.89   337.3 0    75.9 0   183.5 0   247.4 0   408.5 0   305.7 0   305.9 0   475.7 0   302.0 0   302.1 0    36.5 0   156.1 0   266.3 0   -67.2 0   199.2 0    28.0 0    76.3 1     0.7 0   107.6 0  1011.0 0
 1997 202  7 21 13 48 13.800  58.27   359.6 0    83.4 0   206.5 0   256.1 0   408.7 0   305.9 0   306.0 0   476.5 0   302.2 0   302.3 0    37.9 0   164.3 0   281.3 0   -67.8 0   213.5 0    28.0 0    75.9 1     1.1 0    97.6 0  1011.3 0
 1997 202  7 21 13 51 13.850  57.66   401.6 0    96.5 0   279.4 0   258.8 0   407.6 0   306.1 0   306.3 0   477.7 0   302.5 0   302.6 0    39.3 0   174.4 0   311.7 0   -70.1 0   241.6 0    28.0 0    75.7 1     0.9 0    95.9 0  1010.3 0
 1997 202  7 21 13 54 13.900  57.04   366.4 0    82.7 0   210.6 0   257.8 0   407.8 0   306.3 0   306.5 0   477.8 0   302.7 0   302.8 0    41.1 0   167.6 0   289.6 0   -70.0 0   219.6 0    28.1 0    75.2 1     0.9 0   105.0 0  1010.7 0
 1997 202  7 21 13 57 13.950  56.42   381.5 0    87.6 0   225.8 0   262.9 0   409.0 0   306.5 0   306.6 0   480.0 0   302.9 0   302.9 0    43.0 0   174.5 0   300.1 0   -71.0 0   229.1 0    28.1 0    75.2 1     0.8 0   105.4 0  1011.2 0
 1997 202  7 21 14  0 14.000  55.80   413.7 0    96.2 0   270.1 0   267.7 0   408.0 0   306.7 0   306.9 0   480.8 0   303.1 0   303.2 0    44.9 0   184.0 0   323.3 0   -72.9 0   250.4 0    28.4 0    74.8 1     1.0 0   112.2 0  1011.0 0
 1997 202  7 21 14  3 14.050  55.18   411.7 0    95.5 0   265.8 0   265.6 0   408.0 0   306.9 0   307.1 0   481.6 0   303.3 0   303.4 0    46.4 0   184.1 0   321.9 0   -73.6 0   248.3 0    28.5 0    74.6 1     1.0 0   115.9 0  1010.7 0
 1997 202  7 21 14  6 14.100  54.56   346.3 0    73.9 0   145.7 0   264.8 0   409.0 0   307.0 0   307.1 0   479.3 0   303.4 0   303.5 0    47.4 0   170.2 0   275.4 0   -70.4 0   205.0 0    28.3 0    73.9 1     0.9 0    76.2 0  1009.9 0
 1997 202  7 21 14  9 14.150  53.95   343.5 0    71.0 0   137.4 0   268.6 0   409.8 0   307.1 0   307.1 0   478.6 0   303.5 0   303.6 0    48.8 0   170.5 0   278.5 0   -68.7 0   209.7 0    28.3 0    73.4 1     0.6 0    93.8 0  1010.1 0
 1997 202  7 21 14 12 14.200  53.33   443.9 0   102.2 0   286.4 0   280.3 0   408.0 0   307.2 0   307.5 0   481.6 0   303.7 0   303.8 0    51.6 0   196.4 0   349.2 0   -73.6 0   275.6 0    28.6 0    72.8 1     0.5 0   116.0 0  1010.0 0
 1997 202  7 21 14 15 14.250  52.71   451.8 0   104.0 0   280.2 0   287.5 0   408.1 0   307.4 0   307.7 0   483.8 0   303.9 0   304.0 0    53.4 0   199.3 0   353.2 0   -75.7 0   277.5 0    28.8 0    72.4 1     0.7 0   135.0 0  1009.8 0
 1997 202  7 21 14 18 14.300  52.09   443.7 0   100.0 0   259.6 0   290.3 0   409.6 0   307.6 0   307.9 0   484.0 0   304.1 0   304.2 0    54.3 0   196.8 0   349.9 0   -74.3 0   275.5 0    28.9 0    72.6 1     0.5 0    85.2 0  1009.8 0
 1997 202  7 21 14 21 14.350  51.47   481.7 0   110.2 0   302.2 0   300.5 0   407.9 0   307.8 0   308.3 0   485.6 0   304.4 0   304.5 0    56.8 0   209.1 0   378.5 0   -77.7 0   300.8 0    29.3 0    72.2 1     0.4 0    36.7 0  1009.6 0
 1997 202  7 21 14 24 14.400  50.85   499.5 0   114.0 0   319.3 0   305.1 0   408.9 0   308.1 0   308.5 0   487.4 0   304.6 0   304.7 0    59.4 0   217.6 0   392.7 0   -78.5 0   314.2 0    29.4 0    71.9 1     1.0 0    28.2 0  1009.4 0
 1997 202  7 21 14 27 14.450  50.23   497.4 0   113.8 0   311.2 0   304.9 0   410.1 0   308.4 0   308.7 0   487.7 0   304.7 0   304.9 0    60.9 0   215.9 0   390.1 0   -77.6 0   312.5 0    29.3 0    72.2 1     1.0 0    55.1 0  1009.5 0
 1997 202  7 21 14 30 14.500  49.61   498.6 0   113.2 0   307.7 0   306.8 0   410.7 0   308.5 0   308.9 0   488.5 0   304.9 0   305.0 0    63.0 0   216.1 0   393.0 0   -77.7 0   315.3 0    29.3 0    72.2 1     0.8 0    74.9 0  1009.5 0
 1997 202  7 21 14 33 14.550  48.99   532.6 0   120.4 0   340.4 0   316.8 0   410.4 0   308.7 0   309.1 0   489.0 0   305.1 0   305.2 0    66.8 0   232.4 0   419.8 0   -78.6 0   341.2 0    29.4 0    71.6 1     0.6 0    73.7 0  1009.5 0
 1997 202  7 21 14 36 14.600  48.37   559.5 0   125.2 0   359.6 0   327.8 0   409.8 0   308.9 0   309.3 0   490.1 0   305.3 0   305.5 0    70.7 0   247.7 0   441.5 0   -80.3 0   361.2 0    29.5 0    71.4 1     1.2 0    86.5 0  1009.1 0
 1997 202  7 21 14 39 14.650  47.75   575.6 0   128.8 0   371.9 0   332.6 0   410.7 0   309.0 0   309.4 0   492.2 0   305.4 0   305.5 0    74.9 0   258.4 0   453.8 0   -81.5 0   372.3 0    29.5 0    71.4 1     1.3 0   122.2 0  1009.1 0
 1997 202  7 21 14 42 14.700  47.14   557.8 0   122.0 0   340.7 0   331.6 0   410.8 0   309.2 0   309.5 0   491.9 0   305.5 0   305.6 0    76.9 0   254.1 0   441.3 0   -81.1 0   360.3 0    29.6 0    71.2 1     1.2 0   118.2 0  1009.0 0
 1997 202  7 21 14 45 14.750  46.52   556.4 0   122.4 0   336.1 0   330.8 0   409.9 0   309.4 0   309.8 0   491.2 0   305.6 0   305.7 0    78.2 0   252.0 0   439.7 0   -81.3 0   358.4 0    29.6 0    70.9 1     1.0 0   137.6 0  1010.1 0
 1997 202  7 21 14 48 14.800  45.90   584.6 0   129.2 0   365.6 0   334.9 0   410.7 0   309.6 0   310.0 0   493.6 0   305.7 0   305.9 0    81.5 0   261.4 0   460.1 0   -82.9 0   377.2 0    29.5 0    71.0 1     1.1 0   103.2 0  1010.2 0
 1997 202  7 21 14 51 14.850  45.28   608.4 0   134.3 0   387.9 0   339.4 0   411.3 0   309.7 0   310.1 0   493.8 0   305.9 0   306.1 0    85.2 0   271.8 0   478.0 0   -82.5 0   395.6 0    29.5 0    70.7 1     1.0 0    51.0 0  1010.2 0
 1997 202  7 21 14 54 14.900  44.67   613.5 0   133.4 0   386.9 0   344.6 0   411.2 0   309.9 0   310.4 0   494.7 0   306.0 0   306.2 0    87.4 0   273.7 0   486.4 0   -83.5 0   402.8 0    29.8 0    70.6 1     0.7 0    55.0 0  1009.5 0
 1997 202  7 21 14 57 14.950  44.05   618.8 0   134.4 0   380.1 0   352.4 0   412.6 0   310.0 0   310.4 0   494.1 0   306.2 0   306.4 0    89.4 0   275.6 0   491.1 0   -81.5 0   409.6 0    30.0 0    70.2 1     0.5 0   101.2 0  1009.5 0
 1997 202  7 21 15  0 15.000  43.43   617.2 0   132.4 0   368.3 0   358.3 0   410.9 0   310.1 0   310.7 0   496.8 0   306.5 0   306.5 0    91.5 0   276.2 0   493.4 0   -85.9 0   407.5 0    30.4 0    70.0 1     0.6 0   202.9 0  1008.9 0
 1997 202  7 21 15  3 15.050  42.82   509.8 0   101.2 0   215.3 0   359.6 0   413.1 0   310.3 0   310.6 0   493.7 0   306.6 0   306.6 0    91.1 0   248.7 0   416.3 0   -80.7 0   335.6 0    30.5 0    69.4 1     0.6 0   246.8 0  1009.5 0
 1997 202  7 21 15  6 15.100  42.20   651.1 0   138.3 0   392.9 0   370.8 0   413.3 0   310.5 0   311.0 0   498.1 0   306.8 0   306.9 0    97.4 0   292.8 0   523.5 0   -84.8 0   438.7 0    30.7 0    69.4 1     0.7 0   212.9 0  1009.2 0
 1997 202  7 21 15  9 15.150  41.59   676.1 0   144.5 0   421.3 0   367.9 0   412.4 0   310.8 0   311.4 0   498.5 0   307.0 0   307.2 0   101.7 0   302.2 0   538.6 0   -86.1 0   452.5 0    30.6 0    68.5 1     1.1 0   181.7 0  1008.7 0
 1997 202  7 21 15 12 15.200  40.97   689.4 0   146.3 0   429.8 0   370.1 0   412.8 0   311.1 0   311.6 0   498.9 0   307.2 0   307.4 0   105.3 0   308.5 0   548.4 0   -86.1 0   462.3 0    30.7 0    68.2 1     0.5 0   173.0 0  1008.2 0
 1997 202  7 21 15 15 15.250  40.36   703.4 0   147.1 0   432.9 0   378.3 0   413.2 0   311.4 0   312.0 0   500.7 0   307.5 0   307.6 0   108.9 0   315.6 0   561.1 0   -87.5 0   473.6 0    30.9 0    67.7 1     0.2 0   142.5 0  1008.2 0
 1997 202  7 21 15 18 15.300  39.75   710.7 0   146.8 0   434.8 0   381.6 0   414.2 0   311.6 0   312.2 0   502.6 0   307.7 0   307.8 0   111.8 0   318.3 0   569.1 0   -88.4 0   480.7 0    31.1 0    66.6 1     0.5 0   121.4 0  1007.8 0
 1997 202  7 21 15 21 15.350  39.14   716.6 0   148.0 0   430.1 0   388.3 0   415.0 0   311.7 0   312.3 0   502.5 0   308.0 0   308.1 0   114.1 0   320.4 0   573.8 0   -87.5 0   486.4 0    31.3 0    65.0 1     0.6 0   135.1 0  1008.4 0
 1997 202  7 21 15 24 15.400  38.53   727.7 0   150.1 0   427.2 0   398.9 0   415.7 0   311.9 0   312.5 0   503.0 0   308.3 0   308.4 0   116.2 0   325.3 0   583.0 0   -87.4 0   495.7 0    31.5 0    64.4 1     0.2 0    73.6 0  1009.1 0
 1997 202  7 21 15 27 15.450  37.92   728.7 0   149.0 0   425.1 0   400.5 0   416.9 0   312.0 0   312.6 0   504.1 0   308.5 0   308.6 0   118.8 0   326.0 0   586.9 0   -87.2 0   499.7 0    31.5 0    64.2 1     0.9 0   117.3 0  1009.7 0
 1997 202  7 21 15 30 15.500  37.31   722.8 0   149.5 0   416.4 0   395.7 0   418.3 0   312.2 0   312.6 0   504.7 0   308.7 0   308.7 0   120.6 0   323.1 0   577.4 0   -86.4 0   490.9 0    31.3 0    64.7 1     1.3 0   150.3 0  1007.8 0
 1997 202  7 21 15 33 15.550  36.71   721.6 0   149.1 0   411.7 0   395.2 0   419.3 0   312.3 0   312.8 0   504.3 0   308.7 0   308.7 0   122.4 0   323.4 0   576.2 0   -85.0 0   491.2 0    31.2 0    65.1 1     0.8 0   130.7 0  1007.7 0
 1997 202  7 21 15 36 15.600  36.10   733.8 0   151.5 0   415.1 0   400.0 0   420.7 0   312.5 0   312.9 0   504.8 0   308.8 0   308.9 0   125.1 0   328.5 0   584.0 0   -84.1 0   499.8 0    31.1 0    65.4 1     1.6 0   123.7 0  1008.0 0
 1997 202  7 21 15 39 15.650  35.50   738.2 0   154.0 0   413.7 0   404.3 0   422.1 0   312.5 0   312.8 0   505.1 0   308.8 0   308.8 0   127.6 0   325.1 0   587.1 0   -83.0 0   504.1 0    31.0 0    65.6 1     1.1 0   140.6 0  1007.2 0
 1997 202  7 21 15 42 15.700  34.89   729.6 0   151.1 0   393.0 0   410.4 0   420.4 0   312.5 0   313.0 0   504.8 0   308.8 0   308.8 0   127.7 0   324.9 0   581.7 0   -84.3 0   497.3 0    31.1 0    65.4 1     1.3 0   163.2 0  1008.6 0
 1997 202  7 21 15 45 15.750  34.29   681.8 0   139.8 0   310.4 0   428.6 0   421.9 0   312.6 0   313.1 0   504.7 0   308.8 0   308.8 0   125.2 0   304.0 0   545.3 0   -82.8 0   462.5 0    31.1 0    65.1 1     1.3 0   140.6 0  1008.7 0
 1997 202  7 21 15 48 15.800  33.69   713.7 0   149.4 0   339.3 0   434.6 0   424.1 0   312.6 0   313.0 0   505.5 0   308.7 0   308.8 0   127.9 0   312.9 0   567.4 0   -81.3 0   486.1 0    31.0 0    65.2 1     1.3 0   154.9 0  1009.2 0
 1997 202  7 21 15 51 15.850  33.10   721.7 0   145.8 0   353.3 0   428.3 0   423.2 0   312.7 0   313.2 0   503.7 0   308.7 0   308.9 0   133.0 0   324.3 0   578.4 0   -80.5 0   497.9 0    30.9 0    64.5 1     1.0 0   157.0 0  1009.9 0
 1997 202  7 21 15 54 15.900  32.50   770.7 0   157.9 0   404.8 0   427.1 0   426.5 0   312.8 0   313.1 0   506.4 0   308.8 0   308.8 0   139.3 0   344.8 0   610.6 0   -79.8 0   530.8 0    30.9 0    64.9 1     1.8 0   111.9 0  1009.5 0
 1997 202  7 21 15 57 15.950  31.91   761.8 0   156.5 0   390.2 0   430.2 0   426.8 0   312.7 0   313.1 0   506.2 0   308.7 0   308.8 0   140.1 0   339.8 0   604.9 0   -79.4 0   525.5 0    30.8 0    64.9 1     1.4 0   105.3 0  1009.1 0
 1997 202  7 21 16  0 16.000  31.32   774.2 0   158.5 0   406.0 0   427.1 0   427.3 0   312.6 0   313.1 0   506.7 0   308.7 0   308.8 0   143.4 0   345.6 0   615.5 0   -79.4 0   536.1 0    30.6 0    64.9 1     1.6 0    84.6 0  1009.0 0
 1997 202  7 21 16  3 16.050  30.73   786.7 0   159.8 0   418.3 0   427.7 0   429.5 0   312.5 0   312.9 0   507.4 0   308.6 0   308.7 0   147.1 0   352.0 0   627.4 0   -77.8 0   549.6 0    30.8 0    64.9 1     1.6 0    63.3 0  1008.8 0
 1997 202  7 21 16  6 16.100  30.15   783.5 0   158.9 0   405.0 0   433.1 0   429.7 0   312.4 0   312.8 0   506.6 0   308.4 0   308.6 0   148.6 0   350.5 0   624.4 0   -76.9 0   547.4 0    30.7 0    64.9 1     2.0 0    93.9 0  1008.8 0
 1997 202  7 21 16  9 16.150  29.56   786.6 0   159.1 0   404.4 0   436.8 0   429.4 0   312.2 0   312.7 0   508.2 0   308.3 0   308.5 0   150.5 0   351.8 0   629.5 0   -78.8 0   550.7 0    30.8 0    64.7 1     1.5 0    63.9 0  1009.3 0
 1997 202  7 21 16 12 16.200  28.98   791.1 0   158.2 0   409.2 0   436.4 0   429.1 0   312.1 0   312.7 0   508.4 0   308.3 0   308.5 0   153.5 0   353.6 0   636.1 0   -79.3 0   556.8 0    31.1 0    64.6 1     1.3 0    67.7 0  1009.0 0
 1997 202  7 21 16 15 16.250  28.41   789.7 0   156.8 0   402.8 0   438.3 0   430.4 0   312.1 0   312.6 0   508.2 0   308.3 0   308.5 0   154.6 0   352.3 0   635.8 0   -77.8 0   557.9 0    31.2 0    64.4 1     1.0 0    72.9 0  1009.0 0
 1997 202  7 21 16 18 16.300  27.84   783.0 0   153.9 0   393.4 0   441.7 0   428.6 0   312.0 0   312.9 0   511.9 0   308.4 0   308.4 0   155.4 0   348.9 0   635.6 0   -83.4 0   552.2 0    31.4 0    64.4 1     0.9 0    79.9 0  1009.2 0
 1997 202  7 21 16 21 16.350  27.27   790.2 0   154.4 0   391.1 0   448.6 0   429.0 0   312.2 0   313.0 0   509.2 0   308.5 0   308.7 0   157.5 0   351.6 0   641.9 0   -80.3 0   561.6 0    31.5 0    62.9 1     0.9 0   196.9 0  1009.1 0
 1997 202  7 21 16 24 16.400  26.70   807.7 0   158.6 0   392.3 0   460.5 0   430.1 0   312.4 0   313.2 0   510.4 0   308.7 0   308.8 0   160.4 0   359.3 0   652.4 0   -80.3 0   572.1 0    31.7 0    62.2 1     1.1 0   169.6 0  1008.9 0
 1997 202  7 21 16 27 16.450  26.14   811.6 0   158.3 0   386.9 0   469.2 0   432.3 0   312.6 0   313.3 0   511.7 0   308.8 0   308.9 0   161.9 0   360.4 0   658.2 0   -79.4 0   578.8 0    32.2 0    62.5 1     0.7 0   235.8 0  1009.2 0
 1997 202  7 21 16 30 16.500  25.58   820.8 0   161.0 0   387.3 0   474.4 0   434.9 0   312.7 0   313.2 0   511.1 0   309.0 0   309.1 0   164.6 0   365.1 0   662.8 0   -76.2 0   586.6 0    32.1 0    61.8 1     1.4 0   234.2 0  1008.7 0
 1997 202  7 21 16 33 16.550  25.03   816.1 0   160.4 0   385.1 0   470.7 0   435.0 0   312.8 0   313.4 0   510.9 0   309.0 0   309.2 0   166.0 0   363.0 0   659.2 0   -75.9 0   583.3 0    32.0 0    62.3 1     1.4 0   242.6 0  1008.7 0
 1997 202  7 21 16 36 16.600  24.48   831.2 0   163.1 0   407.1 0   463.8 0   437.4 0   312.9 0   313.3 0   511.3 0   309.1 0   309.2 0   170.2 0   370.6 0   671.2 0   -73.9 0   597.3 0    31.9 0    62.6 1     0.9 0   261.2 0  1008.7 0
 1997 202  7 21 16 39 16.650  23.94   845.4 0   164.1 0   415.7 0   468.7 0   435.6 0   312.9 0   313.6 0   514.2 0   309.2 0   309.3 0   173.8 0   377.0 0   684.5 0   -78.6 0   605.9 0    32.1 0    62.9 1     1.2 0   215.4 0  1009.0 0
 1997 202  7 21 16 42 16.700  23.41   828.6 0   159.3 0   358.7 0   500.1 0   435.8 0   313.1 0   313.8 0   514.1 0   309.3 0   309.4 0   172.9 0   369.3 0   669.9 0   -78.3 0   591.6 0    32.0 0    63.0 1     1.2 0   191.8 0  1009.1 0
 1997 202  7 21 16 45 16.750  22.88   760.0 0   145.3 0   242.0 0   535.6 0   437.0 0   313.2 0   313.8 0   511.7 0   309.4 0   309.5 0   166.1 0   342.6 0   613.2 0   -74.6 0   538.6 0    32.0 0    62.9 1     1.2 0   154.2 0  1009.0 0
 1997 202  7 21 16 48 16.800  22.36   802.3 0   158.9 0   289.2 0   532.4 0   442.0 0   313.3 0   313.8 0   511.9 0   309.5 0   309.6 0   169.4 0   353.2 0   641.0 0   -69.9 0   571.1 0    31.7 0    62.8 1     1.3 0   103.2 0  1008.7 0
 1997 202  7 21 16 51 16.850  21.84   873.1 0   173.5 0   376.0 0   521.5 0   442.3 0   313.3 0   313.9 0   516.2 0   309.6 0   309.6 0   180.3 0   383.4 0   697.0 0   -73.9 0   623.1 0    31.8 0    63.2 1     1.4 0    98.2 0  1008.8 0
 1997 202  7 21 16 54 16.900  21.34   876.6 0   172.2 0   390.8 0   509.5 0   441.5 0   313.3 0   314.0 0   517.8 0   309.5 0   309.6 0   182.2 0   384.8 0   701.3 0   -76.4 0   624.9 0    31.9 0    63.5 1     1.4 0    70.5 0  1008.7 0
 1997 202  7 21 16 57 16.950  20.84   815.6 0   159.1 0   343.8 0   493.7 0   441.3 0   313.2 0   313.8 0   514.6 0   309.5 0   309.6 0   174.5 0   362.9 0   655.9 0   -73.3 0   582.6 0    31.9 0    63.0 1     1.4 0    44.1 0  1008.8 0
 1997 202  7 21 17  0 17.000  20.35   855.8 0   166.8 0   367.8 0   510.3 0   444.0 0   313.2 0   313.7 0   515.6 0   309.5 0   309.6 0   180.5 0   379.3 0   688.3 0   -71.6 0   616.7 0    31.8 0    63.0 1     1.3 0    40.2 0  1008.1 0
 1997 202  7 21 17  3 17.050  19.87   860.0 0   165.8 0   383.7 0   499.8 0   442.2 0   313.1 0   313.7 0   515.4 0   309.4 0   309.6 0   183.5 0   371.2 0   694.9 0   -73.2 0   621.7 0    31.8 0    63.0 1     1.4 0    34.1 0  1007.6 0
 1997 202  7 21 17  6 17.100  19.41   847.4 0   163.1 0   377.9 0   490.6 0   442.5 0   313.0 0   313.6 0   515.6 0   309.4 0   309.5 0   184.9 0   379.8 0   683.9 0   -73.1 0   610.9 0    32.0 0    63.0 1     1.5 0    26.4 0  1007.7 0
 1997 202  7 21 17  9 17.150  18.95   922.5 0   178.3 0   434.4 0   511.8 0   445.4 0   313.0 0   313.6 0   517.2 0   309.3 0   309.4 0   197.4 0   412.0 0   744.4 0   -71.8 0   672.6 0    32.0 0    62.9 1     1.6 0     1.5 0  1007.4 0
 1997 202  7 21 17 12 17.200  18.50   946.1 0   182.6 0   446.0 0   524.2 0   447.8 0   313.0 0   313.6 0   517.4 0   309.2 0   309.5 0   203.3 0   421.6 0   764.5 0   -69.6 0   694.9 0    32.0 0    62.7 1     1.2 0   342.7 0  1007.3 0
 1997 202  7 21 17 15 17.250  18.07   944.7 0   181.2 0   445.8 0   524.4 0   442.2 0   313.1 0   314.2 0   521.0 0   309.3 0   309.5 0   204.6 0   386.6 0   767.1 0   -78.8 0   688.3 0    32.3 0    63.2 1     1.0 0    14.3 0  1007.7 0
 1997 202  7 21 17 18 17.300  17.66   940.2 0   180.0 0   429.2 0   532.2 0   444.2 0   313.2 0   314.2 0   520.3 0   309.5 0   309.6 0   204.3 0   417.4 0   761.2 0   -76.1 0   685.1 0    32.4 0    62.8 1     1.3 0    89.1 0  1008.3 0
 1997 202  7 21 17 21 17.350  17.26   946.9 0   185.2 0   411.6 0   550.7 0   447.3 0   313.3 0   314.1 0   520.4 0   309.6 0   309.7 0   203.7 0   417.2 0   758.6 0   -73.1 0   685.5 0    32.2 0    62.5 1     1.8 0   106.2 0  1007.3 0
 1997 202  7 21 17 24 17.400  16.87   922.5 0   181.4 0   390.3 0   545.5 0   447.8 0   313.3 0   314.1 0   517.0 0   309.6 0   309.8 0   196.6 0   404.9 0   737.6 0   -69.2 0   668.4 0    32.2 0    62.0 1     1.0 0   177.7 0  1007.4 0
 1997 202  7 21 17 27 17.450  16.50   879.5 0   172.0 0   364.3 0   532.0 0   446.7 0   313.4 0   314.1 0   516.6 0   309.7 0   310.0 0   187.9 0   341.0 0   709.4 0   -69.8 0   639.5 0    32.4 0    61.6 1     0.9 0   227.4 0  1007.5 0
 1997 202  7 21 17 30 17.500  16.16   741.6 0   143.5 0   271.4 0   481.6 0   444.8 0   313.4 0   314.0 0   513.7 0   309.9 0   310.0 0   166.3 0   273.6 0   598.8 0   -69.0 0   529.8 0    32.5 0    61.8 1     0.8 0   182.6 0  1007.5 0
 1997 202  7 21 17 33 17.550  15.83   899.9 0   176.2 0   378.3 0   531.7 0   450.1 0   313.4 0   314.1 0   517.7 0   310.0 0   310.1 0   191.3 0   395.7 0   719.4 0   -67.6 0   651.8 0    32.4 0    61.8 1     1.5 0    80.1 0  1007.1 0
 1997 202  7 21 17 36 17.600  15.52   888.6 0   172.5 0   372.9 0   524.7 0   446.0 0   313.4 0   314.2 0   518.1 0   310.0 0   310.1 0   193.5 0   390.8 0   711.5 0   -72.0 0   639.4 0    32.3 0    61.8 1     1.4 0   112.0 0  1007.4 0
 1997 202  7 21 17 39 17.650  15.24   791.1 0   154.1 0   297.7 0   499.7 0   443.8 0   313.4 0   313.9 0   516.4 0   310.0 0   310.0 0   180.8 0   352.5 0   632.9 0   -72.6 0   560.3 0    32.3 0    62.1 1     1.7 0   126.3 0  1007.8 0
 1997 202  7 21 17 42 17.700  14.98   872.1 0   171.1 0   346.5 0   534.2 0   447.5 0   313.3 0   313.9 0   518.7 0   309.9 0   309.9 0   194.4 0   314.2 0   697.8 0   -71.2 0   626.6 0    32.3 0    62.4 1     1.7 0    71.0 0  1007.2 0
 1997 202  7 21 17 45 17.750  14.74   899.9 0   175.0 0   362.8 0   544.9 0   444.7 0   313.3 0   314.0 0   519.9 0   309.8 0   309.9 0   200.6 0   316.2 0   720.7 0   -75.2 0   645.5 0    32.2 0    62.1 1     1.0 0    79.6 0  1007.9 0
 1997 202  7 21 17 48 17.800  14.53   778.2 0   149.4 0   281.1 0   503.8 0   438.9 0   313.3 0   314.0 0   517.3 0   309.8 0   309.9 0   180.9 0   346.7 0   626.5 0   -78.4 0   548.1 0    32.5 0    62.3 1     1.0 0    80.0 0  1007.6 0
 1997 202  7 21 17 51 17.850  14.35   835.8 0   161.6 0   314.3 0   530.8 0   445.5 0   313.3 0   313.9 0   515.2 0   309.8 0   310.0 0   187.0 0   371.7 0   673.6 0   -69.7 0   603.9 0    32.3 0    61.5 1     1.4 0    65.8 0  1007.7 0
 1997 202  7 21 17 54 17.900  14.20   852.4 0   165.0 0   301.9 0   557.6 0   444.5 0   313.3 0   314.0 0   519.2 0   309.8 0   310.0 0   189.2 0   375.8 0   685.2 0   -74.7 0   610.5 0    32.4 0    61.8 1     1.1 0    55.9 0  1007.7 0
 1997 202  7 21 17 57 17.950  14.07   694.6 0   135.0 0   184.1 0   516.5 0   444.3 0   313.2 0   313.6 0   514.2 0   309.8 0   309.9 0   161.4 0   309.7 0   560.1 0   -69.9 0   490.2 0    32.4 0    61.5 1     1.1 0    51.8 0  1008.3 0
 1997 202  7 21 18  0 18.000  13.98   748.0 0   148.3 0   228.8 0   526.6 0   452.8 0   313.1 0   313.6 0   514.3 0   309.9 0   310.0 0   158.7 0   323.4 0   600.4 0   -61.5 0   538.9 0    32.5 0    61.4 1     0.9 0    96.7 0  1008.1 0
 1997 202  7 21 18  3 18.050  13.92   479.1 0    91.9 0    27.4 0   455.4 0   446.7 0   313.0 0   313.0 0   510.4 0   309.9 0   309.8 0   127.4 0   225.4 0   390.1 0   -63.6 0   326.4 0    32.5 0    61.9 1     1.0 0    63.0 0  1007.6 0
 1997 202  7 21 18  6 18.100  13.89   426.5 0    83.6 0     2.7 0   429.6 0   449.2 0   312.8 0   312.8 0   506.7 0   309.8 0   309.6 0   117.0 0   205.5 0   348.6 0   -57.5 0   291.2 0    32.6 0    61.8 1     0.7 0    80.5 0  1007.9 0
 1997 202  7 21 18  9 18.150  13.89   413.9 0    83.0 0     1.5 0   415.3 0   452.8 0   312.6 0   312.6 0   504.5 0   309.7 0   309.6 0   111.6 0   197.2 0   333.7 0   -51.8 0   282.0 0    32.5 0    61.9 1     0.9 0    66.8 0  1008.5 0
 1997 202  7 21 18 12 18.200  13.93   604.4 0   124.2 0   150.1 0   456.7 0   460.1 0   312.5 0   312.8 0   508.9 0   309.6 0   309.6 0   129.9 0   262.7 0   478.2 0   -48.7 0   429.4 0    32.4 0    61.9 1     0.8 0    92.9 0  1007.2 0
 1997 202  7 21 18 15 18.250  13.99   727.9 0   148.9 0   261.9 0   471.1 0   462.8 0   312.5 0   313.0 0   512.7 0   309.6 0   309.7 0   146.4 0   305.8 0   576.4 0   -49.9 0   526.5 0    32.5 0    61.8 1     1.3 0   108.0 0  1007.3 0
 1997 202  7 21 18 18 18.300  14.09   424.1 0    84.2 0     1.1 0   423.2 0   447.6 0   312.5 0   312.5 0   505.5 0   309.5 0   309.4 0   123.7 0   200.5 0   340.1 0   -57.8 0   282.2 0    32.4 0    61.6 1     1.8 0   132.5 0  1008.4 0
 1997 202  7 21 18 21 18.350  14.21   493.5 0   102.6 0    59.4 0   434.9 0   451.1 0   312.4 0   312.4 0   505.9 0   309.3 0   309.2 0   129.5 0   231.6 0   389.8 0   -54.8 0   335.0 0    32.3 0    61.9 1     1.2 0   125.7 0  1008.7 0
 1997 202  7 21 18 24 18.400  14.37   604.4 0   124.4 0   152.7 0   453.8 0   456.3 0   312.3 0   312.5 0   509.1 0   309.2 0   309.1 0   135.8 0   264.2 0   477.4 0   -52.8 0   424.5 0    32.2 0    61.7 1     1.2 0    73.4 0  1009.2 0
 1997 202  7 21 18 27 18.450  14.55   603.8 0   121.2 0   143.3 0   463.9 0   451.1 0   312.3 0   312.7 0   509.3 0   309.1 0   309.2 0   136.4 0   264.0 0   481.4 0   -58.3 0   423.1 0    32.3 0    61.1 1     0.6 0   142.9 0  1008.6 0
 1997 202  7 21 18 30 18.500  14.76   554.2 0   106.4 0    83.2 0   476.5 0   450.6 0   312.3 0   312.7 0   509.8 0   309.2 0   309.2 0   135.3 0   254.3 0   450.5 0   -59.2 0   391.3 0    32.5 0    61.2 1     0.9 0    56.8 0  1008.5 0
 1997 202  7 21 18 33 18.550  15.00   458.4 0    93.3 0    34.5 0   427.8 0   457.2 0   312.2 0   312.1 0   506.8 0   309.1 0   309.0 0   117.7 0   216.5 0   367.9 0   -49.5 0   318.3 0    32.5 0    61.7 1     2.0 0    30.2 0  1009.4 0
 1997 202  7 21 18 36 18.600  15.26   505.5 0   108.7 0    95.7 0   412.0 0   466.9 0   312.1 0   311.7 0   501.2 0   308.7 0   308.2 0   106.8 0   218.7 0   395.6 0   -34.3 0   361.3 0    32.0 0    61.1 1     5.3 0     2.5 0  1009.0 0
 1997 202  7 21 18 39 18.650  15.55   357.8 0    87.3 0    -9.4 0   363.9 0   467.5 0   311.6 0   310.5 0   484.5 0   307.4 0   306.7 0    85.2 0   165.7 0   276.7 0   -17.0 0   259.7 0    30.6 0    60.0 1     5.0 0   359.3 0  1008.7 0
 1997 202  7 21 18 42 18.700  15.86   396.8 0    89.8 0    34.9 0   366.0 0   462.8 0   311.0 0   310.1 0   483.9 0   306.2 0   305.7 0    93.7 0   182.4 0   309.7 0   -21.1 0   288.6 0    29.7 0    61.1 1     3.6 0     1.3 0  1009.1 0
 1997 202  7 21 18 45 18.750  16.19   417.8 0    87.1 0    45.0 0   379.2 0   457.2 0   310.4 0   309.8 0   484.8 0   305.4 0   305.2 0    97.8 0   191.7 0   335.4 0   -27.6 0   307.8 0    29.1 0    62.2 1     3.4 0   353.6 0  1008.7 0
 1997 202  7 21 18 48 18.800  16.54   378.9 0    84.6 0    59.9 0   323.6 0   458.9 0   309.8 0   309.1 0   482.4 0   304.8 0   304.5 0    83.3 0   168.8 0   296.4 0   -23.5 0   272.9 0    28.7 0    62.8 1     2.4 0     3.3 0  1008.6 0
 1997 202  7 21 18 51 18.850  16.91   331.4 0    70.4 0    38.3 0   298.4 0   451.8 0   309.3 0   308.8 0   484.2 0   304.4 0   304.3 0    75.9 0   150.4 0   264.5 0   -32.3 0   232.2 0    28.6 0    63.5 1     1.9 0   357.8 0  1008.3 0
 1997 202  7 21 18 54 18.900  17.30   222.9 0    47.5 0     0.0 0   228.3 0   447.7 0   308.9 0   308.3 0   479.4 0   304.2 0   304.0 0    59.7 0   107.8 0   180.8 0   -31.7 0   149.1 0    28.4 0    63.7 1     1.4 0   353.6 0  1009.9 0
 1997 202  7 21 18 57 18.950  17.70   202.9 0    43.8 0    -0.8 0   209.3 0   448.8 0   308.4 0   307.7 0   477.9 0   303.9 0   303.7 0    54.3 0    98.4 0   165.5 0   -29.1 0   136.4 0    28.4 0    64.3 1     1.4 0   317.7 0  1008.3 0
 1997 202  7 21 19  0 19.000  18.12   196.4 0    42.7 0    -3.6 0   203.2 0   449.7 0   308.0 0   307.3 0   475.6 0   303.7 0   303.4 0    52.1 0    95.3 0   160.6 0   -25.9 0   134.6 0    28.3 0    64.2 1     2.4 0   340.7 0  1008.0 0
 1997 202  7 21 19  3 19.050  18.55   110.2 0    26.0 0    -5.4 0   116.8 0   460.6 0   307.6 0   306.7 0   472.0 0   303.3 0   303.0 0    29.3 0    53.6 0    90.8 0   -11.5 0    79.4 0    28.0 0    64.2 1     3.0 0   354.8 0  1009.5 0
 1997 202  7 21 19  6 19.100  19.00    51.5 0    15.5 0    -8.0 0    59.0 0   463.4 0   307.1 0   306.0 0   467.5 0   302.8 0   302.4 0    13.8 0    26.6 0    43.5 0    -4.1 0    39.4 0    27.8 0    64.4 1     5.0 0    10.2 0  1010.7 0
 1997 202  7 21 19  9 19.150  19.45    59.8 0    19.3 0   -10.2 1    66.6 0   462.5 0   306.6 0   305.2 0   461.9 0   302.1 0   301.6 0    16.0 0    32.1 0    40.6 0     0.0 0    40.6 0    27.2 0    63.5 1     6.1 0     7.4 0  1010.3 0
 1997 202  7 21 19 12 19.200  19.92    90.1 0    23.3 0    -7.0 0    97.1 0   456.8 0   306.0 0   304.8 0   461.3 0   301.5 0   301.1 0    23.5 0    48.1 0    73.8 0    -4.4 0    69.3 0    26.8 0    64.4 1     5.1 0     7.9 0  1009.1 0
 1997 202  7 21 19 15 19.250  20.40    95.1 0    23.1 0    -5.5 0   101.3 0   454.2 0   305.4 0   304.4 0   460.8 0   301.0 0   300.7 0    24.2 0    50.2 0    78.3 0    -6.7 0    71.6 0    26.6 0    65.1 1     5.5 0    11.6 0  1009.7 0
 1997 202  7 21 19 18 19.300  20.89    81.7 0    20.1 0    -4.1 0    87.9 0   453.6 0   304.9 0   303.9 0   460.1 0   300.6 0   300.3 0    19.9 0    42.9 0    67.8 0    -6.5 0    61.3 0    26.4 0    65.7 1     5.2 0    11.3 0  1009.7 0
 1997 202  7 21 19 21 19.350  21.39    79.1 0    19.0 0    -3.0 0    84.9 0   452.1 0   304.5 0   303.4 0   458.9 0   300.3 0   300.1 0    18.7 0    41.6 0    65.9 0    -6.7 0    59.2 0    26.3 0    65.8 1     4.0 0     6.6 0  1008.8 0
 1997 202  7 21 19 24 19.400  21.90    74.1 0    17.7 0    -3.2 0    79.7 0   452.2 0   304.0 0   303.0 0   458.2 0   300.1 0   299.9 0    17.6 0    39.9 0    62.0 0    -6.1 0    56.0 0    26.1 0    66.2 1     4.1 0     1.4 0  1008.7 0
 1997 202  7 21 19 27 19.450  22.41    81.5 0    19.1 0    -4.5 0    87.2 0   451.5 0   303.7 0   302.4 0   456.6 0   299.8 0   299.7 0    19.4 0    44.3 0    68.1 0    -5.2 0    62.9 0    26.1 0    66.6 1     3.8 0    21.6 0  1009.1 0
 1997 202  7 21 19 30 19.500  22.94    98.1 0    23.1 0    -6.8 0   104.3 0   465.1 0   303.2 0   300.9 0   453.8 0   299.6 0   299.3 0    23.5 0    53.0 0    81.2 0     0.0 0    81.2 0    25.9 0    68.1 1     3.7 0    16.6 0  1008.4 0
 1997 202  7 21 19 33 19.550  23.47    99.2 0    24.3 0    -8.8 0   105.6 0   469.1 0   302.6 0   299.9 0   451.8 0   299.2 0   298.9 0    24.1 0    53.8 0    81.3 0     0.0 0    81.3 0    25.3 0    70.6 1     3.9 0    16.9 0  1008.4 0
 1997 202  7 21 19 36 19.600  24.00    93.7 0    23.0 0    -6.1 0   101.0 0   462.6 0   302.0 0   299.8 0   452.0 0   298.8 0   298.6 0    22.7 0    51.2 0    78.0 0     0.0 0    78.0 0    25.2 0    72.1 1     2.5 0     5.5 0  1008.3 0
 1997 202  7 21 19 39 19.650  24.54    96.1 0    22.9 0    -4.2 0   103.3 0   452.5 0   301.7 0   299.9 0   453.0 0   298.6 0   298.5 0    23.0 0    52.4 0    80.4 0    -0.5 0    79.9 0    24.9 0    73.0 1     1.9 0    23.9 0  1008.0 0
 1997 202  7 21 19 42 19.700  25.09   105.8 0    24.2 0    -3.3 0   112.8 0   444.1 0   301.4 0   300.0 0   453.9 0   298.4 0   298.3 0    24.8 0    57.1 0    88.5 0    -9.8 0    78.7 0    24.8 0    73.7 1     1.7 0    50.7 0  1008.5 0
 1997 202  7 21 19 45 19.750  25.64   110.9 0    24.7 0    -1.3 0   117.5 0   437.2 0   301.2 0   300.3 0   454.9 0   298.3 0   298.3 0    25.5 0    59.2 0    92.7 0   -17.7 0    75.0 0    24.7 0    74.2 1     0.6 0    27.1 0  1010.0 0
 1997 202  7 21 19 48 19.800  26.20   111.7 0    24.7 0     0.1 0   117.9 0   431.7 0   301.1 0   300.5 0   456.0 0   298.2 0   298.2 0    25.2 0    59.0 0    93.2 0   -24.4 0    68.8 0    24.9 0    75.0 1     0.1 0     2.1 0  1010.3 0
 1997 202  7 21 19 51 19.850  26.76   110.9 0    25.0 0     0.4 0   116.5 0   429.8 0   301.1 0   300.7 0   456.5 0   298.2 0   298.2 0    24.5 0    57.8 0    91.9 0   -26.7 0    65.2 0    24.9 0    75.2 1     0.7 0   349.3 0  1009.9 0
 1997 202  7 21 19 54 19.900  27.33   113.9 0    26.0 0     0.4 0   119.6 0   426.5 0   301.2 0   300.9 0   456.8 0   298.2 0   298.2 0    24.8 0    58.8 0    94.0 0   -30.3 0    63.6 0    25.0 0    75.3 1     0.7 0   315.1 0  1008.9 0
 1997 202  7 21 19 57 19.950  27.90   116.4 0    26.5 0     0.3 0   121.9 0   425.8 0   301.2 0   301.0 0   457.0 0   298.2 0   298.2 0    25.1 0    59.7 0    95.7 0   -31.2 0    64.6 0    25.1 0    75.4 1     0.1 0   358.3 0  1009.4 0
 1997 202  7 21 20  0 20.000  28.47   118.0 0    26.8 0     0.3 0   123.3 0   424.2 0   301.3 0   301.1 0   457.9 0   298.3 0   298.3 0    25.0 0    60.0 0    96.8 0   -33.8 0    63.0 0    25.1 0    75.6 1     1.0 0    17.3 0  1010.2 0
 1997 202  7 21 20  3 20.050  29.05   118.5 0    27.1 0     0.2 0   124.0 0   422.9 0   301.4 0   301.2 0   458.1 0   298.3 0   298.3 0    24.8 0    60.1 0    97.0 0   -35.2 0    61.7 0    25.1 0    75.8 1     0.7 0    27.8 0  1009.2 0
 1997 202  7 21 20  6 20.100  29.63   116.0 0    26.7 0    -0.4 0   121.3 0   423.4 0   301.5 0   301.2 0   457.8 0   298.3 0   298.3 0    23.9 0    58.7 0    94.6 0   -34.4 0    60.2 0    25.2 0    75.9 1     1.4 0    62.0 0  1008.7 0
 1997 202  7 21 20  9 20.150  30.21   112.3 0    26.0 0     0.1 0   117.6 0   422.6 0   301.5 0   301.3 0   457.7 0   298.3 0   298.3 0    22.8 0    56.7 0    91.8 0   -35.1 0    56.7 0    25.3 0    76.1 1     0.9 0    23.3 0  1008.7 0
 1997 202  7 21 20 12 20.200  30.80   107.4 0    24.6 0     0.5 0   112.3 0   425.3 0   301.6 0   301.4 0   458.2 0   298.4 0   298.3 0    21.5 0    54.1 0    88.0 0   -32.9 0    55.2 0    25.2 0    76.5 1     0.2 0     0.1 0  1009.5 0
 1997 202  7 21 20 15 20.250  31.39   102.2 0    23.4 0     0.4 0   107.4 0   424.2 0   301.7 0   301.4 0   458.1 0   298.4 0   298.4 0    20.2 0    51.7 0    84.2 0   -33.9 0    50.3 0    25.3 0    76.5 1     0.7 0     4.8 0  1009.2 0
 1997 202  7 21 20 18 20.300  31.98    98.8 0    22.8 0     0.1 0   103.5 0   425.2 0   301.8 0   301.5 0   458.3 0   298.4 0   298.4 0    19.3 0    50.0 0    80.7 0   -33.1 0    47.6 0    25.0 0    76.6 1     0.6 0    65.8 0  1008.4 0
 1997 202  7 21 20 21 20.350  32.57    96.0 0    22.2 0    -0.2 0   100.9 0   423.5 0   301.8 0   301.6 0   458.5 0   298.5 0   298.5 0    18.3 0    48.7 0    78.7 0   -35.0 0    43.7 0    25.3 0    76.5 1     0.4 0   113.2 0  1009.0 0
 1997 202  7 21 20 24 20.400  33.16    93.6 0    21.7 0    -0.3 0    98.2 0   424.3 0   301.9 0   301.6 0   458.6 0   298.5 0   298.5 0    17.5 0    47.5 0    76.5 0   -34.3 0    42.2 0    25.2 0    76.5 1     0.8 0   203.3 0  1008.9 0
 1997 202  7 21 20 27 20.450  33.76    91.9 0    21.5 0    -0.5 0    96.6 0   425.3 0   302.0 0   301.6 0   458.6 0   298.6 0   298.5 0    17.0 0    46.8 0    75.1 0   -33.3 0    41.8 0    25.4 0    76.4 1     1.0 0   231.3 0  1009.1 0
 1997 202  7 21 20 30 20.500  34.36    91.9 0    21.4 0     0.0 0    96.8 0   424.0 0   302.0 0   301.8 0   458.9 0   298.6 0   298.6 0    16.8 0    46.8 0    75.4 0   -34.9 0    40.5 0    25.5 0    76.4 1     0.1 0   230.2 0  1010.4 0
 1997 202  7 21 20 33 20.550  34.96    93.1 0    21.4 0     0.0 0    97.5 0   425.1 0   302.1 0   301.9 0   459.4 0   298.7 0   298.6 0    16.9 0    47.3 0    76.1 0   -34.3 0    41.8 0    25.5 0    76.3 1     0.4 0    97.7 0  1008.8 0
 1997 202  7 21 20 36 20.600  35.56    94.7 0    21.9 0     0.3 0    99.4 0   424.6 0   302.2 0   301.9 0   459.5 0   298.7 0   298.7 0    17.1 0    48.2 0    77.8 0   -35.0 0    42.8 0    25.7 0    76.3 1     0.8 0    38.6 0  1008.6 0
 1997 202  7 21 20 39 20.650  36.17    96.4 0    22.3 0     0.0 0   101.5 0   424.3 0   302.2 0   301.9 0   459.0 0   298.8 0   298.7 0    17.5 0    49.1 0    79.2 0   -34.8 0    44.4 0    25.5 0    76.5 1     1.1 0    43.4 0  1008.3 0
 1997 202  7 21 20 42 20.700  36.77    97.8 0    22.5 0     0.0 0   102.8 0   424.4 0   302.2 0   301.9 0   459.1 0   298.8 0   298.8 0    17.7 0    49.8 0    80.3 0   -34.7 0    45.6 0    25.6 0    76.5 1     0.8 0    53.2 0  1008.1 0
 1997 202  7 21 20 45 20.750  37.38    98.8 0    22.6 0     0.4 0   103.7 0   423.8 0   302.3 0   302.0 0   458.8 0   298.8 0   298.8 0    17.8 0    50.2 0    81.5 0   -35.0 0    46.5 0    25.4 0    76.5 1     0.4 0    82.9 0  1008.2 0
 1997 202  7 21 20 48 20.800  37.99    99.0 0    22.6 0     0.5 0   103.8 0   424.3 0   302.3 0   302.0 0   459.2 0   298.9 0   298.8 0    17.6 0    50.3 0    81.5 0   -34.9 0    46.6 0    25.5 0    76.5 1     0.3 0   110.7 0  1010.1 0
 1997 202  7 21 20 51 20.850  38.60    99.1 0    22.8 0     0.3 0   103.7 0   425.4 0   302.3 0   302.0 0   459.6 0   298.9 0   298.9 0    17.4 0    50.4 0    81.2 0   -34.2 0    47.0 0    25.4 0    76.3 1     0.6 0    95.3 0  1009.3 0
 1997 202  7 21 20 54 20.900  39.21   100.5 0    23.2 0     0.3 0   105.3 0   425.8 0   302.3 0   302.0 0   459.9 0   299.0 0   298.9 0    17.5 0    51.0 0    82.3 0   -34.1 0    48.3 0    25.5 0    76.4 1     0.8 0    78.4 0  1010.3 0
 1997 202  7 21 20 57 20.950  39.82   103.5 0    24.1 0     0.4 0   108.6 0   425.0 0   302.4 0   302.1 0   459.7 0   299.0 0   299.0 0    18.0 0    52.5 0    84.8 0   -34.7 0    50.1 0    25.5 0    76.5 1     0.9 0    80.9 0  1009.6 0
 1997 202  7 21 21  0 21.000  40.43   107.4 0    24.9 0     1.0 0   112.1 0   425.7 0   302.4 0   302.1 0   460.0 0   299.0 0   299.0 0    18.5 0    54.2 0    88.0 0   -34.2 0    53.7 0    25.6 0    76.8 1     0.2 0    83.0 0  1010.2 0
 1997 202  7 21 21  3 21.050  41.05   111.9 0    25.7 0     1.4 0   116.5 0   424.8 0   302.4 0   302.2 0   460.5 0   299.1 0   299.1 0    19.1 0    56.1 0    91.9 0   -35.7 0    56.1 0    25.8 0    76.7 1     0.1 0    83.0 0  1009.7 0
 1997 202  7 21 21  6 21.100  41.66   116.8 0    26.7 0     1.1 0   121.2 0   424.8 0   302.5 0   302.3 0   461.3 0   299.2 0   299.1 0    19.7 0    58.4 0    95.3 0   -36.5 0    58.7 0    25.7 0    76.8 1     0.5 0    83.9 0  1009.7 0
 1997 202  7 21 21  9 21.150  42.27   122.1 0    28.1 0     0.8 0   126.8 0   424.3 0   302.6 0   302.3 0   462.0 0   299.2 0   299.2 0    20.4 0    60.8 0    99.3 0   -37.6 0    61.7 0    25.7 0    77.0 1     0.8 0    79.9 0  1010.6 0
 1997 202  7 21 21 12 21.200  42.89   127.7 0    29.5 0     1.0 0   132.2 0   425.0 0   302.6 0   302.3 0   462.4 0   299.3 0   299.2 0    21.1 0    63.4 0   103.5 0   -37.4 0    66.0 0    25.7 0    77.1 1     0.7 0    77.6 0  1009.6 0
 1997 202  7 21 21 15 21.250  43.51   133.5 0    30.6 0     2.0 0   138.2 0   423.4 0   302.6 0   302.4 0   462.6 0   299.3 0   299.3 0    21.8 0    66.1 0   109.0 0   -39.2 0    69.8 0    25.8 0    77.1 1     0.1 0    63.2 0  1009.1 0
 1997 202  7 21 21 18 21.300  44.12   139.0 0    31.6 0     2.2 0   143.3 0   423.0 0   302.7 0   302.6 0   463.1 0   299.4 0   299.4 0    22.3 0    64.2 0   113.3 0   -40.1 0    73.2 0    25.8 0    77.0 1     0.3 0   121.0 0  1009.6 0
 1997 202  7 21 21 21 21.350  44.74   143.4 0    32.6 0     2.1 0   147.4 0   423.0 0   302.8 0   302.7 0   463.7 0   299.5 0   299.5 0    22.7 0    70.4 0   116.3 0   -40.8 0    75.6 0    25.7 0    77.1 1     0.5 0   148.6 0  1010.2 0
 1997 202  7 21 21 24 21.400  45.36   147.1 0    33.4 0     1.9 0   151.1 0   423.8 0   302.9 0   302.7 0   464.0 0   299.6 0   299.6 0    23.1 0    72.2 0   119.1 0   -40.3 0    78.8 0    25.9 0    76.9 1     0.8 0   217.0 0  1010.2 0
 1997 202  7 21 21 27 21.450  45.97   149.5 0    34.1 0     1.7 0   153.6 0   423.6 0   303.0 0   302.8 0   464.4 0   299.7 0   299.7 0    23.2 0    73.4 0   120.7 0   -40.7 0    80.0 0    26.1 0    76.7 1     1.1 0   198.8 0  1009.8 0
 1997 202  7 21 21 30 21.500  46.59   150.8 0    34.6 0     1.6 0   154.7 0   424.2 0   303.1 0   302.9 0   464.4 0   299.7 0   299.7 0    23.1 0    73.8 0   121.2 0   -40.2 0    81.0 0    26.2 0    76.2 1     0.9 0   183.8 0  1009.3 0
 1997 202  7 21 21 33 21.550  47.21   151.6 0    34.8 0     2.0 0   155.7 0   423.9 0   303.2 0   303.1 0   465.0 0   299.8 0   299.8 0    22.9 0    74.0 0   122.3 0   -41.1 0    81.2 0    26.2 0    75.9 1     0.4 0    95.1 0  1009.2 0
 1997 202  7 21 21 36 21.600  47.83   152.7 0    35.0 0     2.3 0   157.0 0   424.1 0   303.3 0   303.2 0   465.4 0   299.9 0   299.9 0    22.8 0    74.5 0   123.5 0   -41.3 0    82.2 0    26.3 0    75.5 1     0.2 0    96.2 0  1008.7 0
 1997 202  7 21 21 39 21.650  48.45   153.9 0    35.3 0     2.6 0   158.5 0   424.2 0   303.4 0   303.3 0   465.5 0   300.0 0   300.0 0    22.7 0    75.1 0   124.9 0   -41.3 0    83.6 0    26.5 0    75.3 1     0.3 0    46.2 0  1008.4 0
 1997 202  7 21 21 42 21.700  49.07   155.3 0    35.5 0     2.4 0   159.6 0   424.5 0   303.5 0   303.4 0   465.9 0   300.1 0   300.1 0    22.7 0    75.5 0   125.8 0   -41.4 0    84.4 0    26.6 0    75.3 1     0.2 0   114.5 0  1009.5 0
 1997 202  7 21 21 45 21.750  49.69   157.2 0    35.7 0     2.6 0   161.5 0   424.8 0   303.6 0   303.5 0   466.3 0   300.2 0   300.2 0    22.6 0    76.2 0   127.4 0   -41.4 0    86.0 0    26.8 0    75.2 1     0.0 0   118.6 0  1009.0 0
 1997 202  7 21 21 48 21.800  50.31   159.8 0    36.3 0     2.7 0   163.9 0   424.9 0   303.7 0   303.6 0   466.8 0   300.4 0   300.3 0    22.6 0    77.2 0   129.4 0   -41.9 0    87.5 0    26.8 0    74.9 1     0.0 0   118.7 0  1008.4 0
 1997 202  7 21 21 51 21.850  50.93   163.2 0    37.3 0     2.6 0   167.1 0   426.8 0   303.8 0   303.6 0   467.1 0   300.5 0   300.5 0    22.8 0    78.8 0   131.5 0   -40.3 0    91.2 0    27.0 0    74.7 1     0.9 0   301.8 0  1009.1 0
 1997 202  7 21 21 54 21.900  51.55   165.8 0    38.3 0     1.8 0   170.4 0   427.8 0   303.9 0   303.6 0   467.2 0   300.6 0   300.6 0    22.8 0    80.2 0   133.2 0   -39.3 0    93.9 0    26.8 0    74.9 1     1.0 0   305.3 0  1010.0 0
 1997 202  7 21 21 57 21.950  52.17   167.5 0    38.6 0     1.7 0   172.4 0   426.1 0   304.0 0   303.7 0   467.8 0   300.6 0   300.6 0    22.6 0    80.9 0   134.9 0   -41.7 0    93.1 0    26.7 0    75.2 1     0.3 0   333.9 0  1008.6 0
 1997 202  7 21 22  0 22.000  52.79   168.5 0    38.8 0     1.7 0   173.2 0   425.3 0   304.0 0   303.8 0   468.6 0   300.7 0   300.7 0    22.3 0    81.1 0   135.4 0   -43.3 0    92.1 0    26.6 0    75.2 1     0.7 0    38.8 0  1008.4 0
 1997 202  7 21 22  3 22.050  53.41   168.3 0    38.8 0     1.3 0   172.9 0   425.1 0   304.1 0   303.9 0   468.8 0   300.8 0   300.8 0    21.8 0    80.8 0   134.8 0   -43.7 0    91.1 0    26.8 0    75.2 1     0.7 0    44.6 0  1009.0 0
 1997 202  7 21 22  6 22.100  54.03   167.1 0    38.6 0     2.0 0   171.7 0   424.8 0   304.1 0   303.9 0   468.7 0   300.9 0   300.8 0    21.2 0    80.1 0   134.3 0   -43.8 0    90.4 0    26.9 0    75.1 1     0.8 0    63.5 0  1009.3 0
 1997 202  7 21 22  9 22.150  54.64   165.7 0    38.4 0     2.3 0   170.1 0   424.2 0   304.1 0   303.9 0   468.7 0   300.9 0   300.9 0    20.6 0    79.4 0   133.0 0   -44.4 0    88.6 0    26.9 0    75.2 1     0.6 0    72.0 0  1009.2 0
 1997 202  7 21 22 12 22.200  55.26   165.7 0    38.3 0     3.2 0   170.0 0   423.4 0   304.1 0   304.0 0   469.0 0   301.0 0   301.0 0    20.2 0    79.3 0   133.5 0   -45.5 0    88.0 0    26.9 0    75.4 1     0.4 0    37.6 0  1009.3 0
 1997 202  7 21 22 15 22.250  55.88   166.6 0    38.6 0     4.6 0   170.3 0   423.2 0   304.2 0   304.0 0   468.8 0   301.0 0   301.0 0    19.8 0    79.7 0   134.3 0   -45.6 0    88.7 0    26.9 0    75.2 1     0.8 0     7.5 0  1009.7 0
 1997 202  7 21 22 18 22.300  56.50   168.7 0    39.3 0     7.0 0   170.9 0   422.8 0   304.3 0   304.1 0   468.7 0   301.1 0   301.1 0    19.5 0    80.7 0   135.4 0   -45.9 0    89.6 0    26.9 0    75.0 1     0.7 0     7.8 0  1009.5 0
 1997 202  7 21 22 21 22.350  57.12   172.9 0    40.4 0    11.2 0   172.4 0   422.6 0   304.3 0   304.1 0   469.4 0   301.1 0   301.1 0    19.3 0    82.4 0   138.0 0   -46.8 0    91.2 0    27.1 0    75.0 1     0.5 0    10.1 0  1009.5 0
 1997 202  7 21 22 24 22.400  57.74   175.5 0    40.6 0    12.2 0   174.0 0   421.6 0   304.4 0   304.3 0   469.6 0   301.2 0   301.1 0    19.2 0    83.5 0   139.8 0   -48.1 0    91.7 0    27.2 0    74.9 1     0.5 0   359.5 0  1007.6 0
 1997 202  7 21 22 27 22.450  58.36   173.7 0    40.2 0     8.7 0   174.5 0   422.2 0   304.5 0   304.3 0   469.3 0   301.2 0   301.2 0    18.9 0    82.9 0   138.9 0   -47.1 0    91.7 0    27.3 0    74.8 1     0.6 0   349.7 0  1007.5 0
 1997 202  7 21 22 30 22.500  58.97   177.7 0    41.4 0    13.4 0   176.0 0   421.3 0   304.6 0   304.4 0   469.4 0   301.3 0   301.3 0    18.6 0    84.5 0   141.5 0   -48.1 0    93.4 0    27.3 0    74.7 1     0.9 0   358.0 0  1007.4 0
 1997 202  7 21 22 33 22.550  59.59   182.7 0    43.0 0    17.9 0   178.2 0   422.4 0   304.6 0   304.4 0   470.3 0   301.3 0   301.3 0    18.5 0    86.5 0   144.3 0   -47.9 0    96.5 0    27.2 0    74.9 1     1.2 0   355.7 0  1007.2 0
 1997 202  7 21 22 36 22.600  60.21   183.9 0    43.2 0    18.9 0   179.6 0   422.9 0   304.7 0   304.4 0   470.9 0   301.3 0   301.3 0    18.2 0    87.1 0   145.8 0   -48.1 0    97.7 0    27.2 0    75.2 1     0.9 0   347.7 0  1007.7 0
 1997 202  7 21 22 39 22.650  60.82   177.3 0    41.0 0    10.5 0   177.3 0   423.5 0   304.8 0   304.5 0   471.1 0   301.4 0   301.3 0    17.6 0    84.3 0   141.4 0   -47.6 0    93.8 0    27.2 0    75.2 1     0.6 0   349.5 0  1007.4 0
 1997 202  7 21 22 42 22.700  61.44   174.2 0    39.8 0     6.9 0   176.2 0   423.5 0   304.8 0   304.6 0   471.2 0   301.4 0   301.4 0    17.0 0    82.8 0   139.7 0   -47.7 0    91.9 0    27.3 0    75.3 1     0.4 0    20.5 0  1007.8 0
 1997 202  7 21 22 45 22.750  62.06   169.3 0    38.3 0     5.0 0   172.7 0   423.8 0   304.9 0   304.7 0   471.1 0   301.5 0   301.5 0    16.4 0    80.2 0   136.7 0   -47.3 0    89.4 0    27.6 0    75.1 1     0.0 0    20.6 0  1008.1 0
 1997 202  7 21 22 48 22.800  62.67   166.3 0    37.6 0     6.0 0   168.8 0   424.6 0   304.9 0   304.8 0   471.2 0   301.6 0   301.6 0    15.8 0    78.4 0   133.9 0   -46.6 0    87.3 0    27.3 0    74.9 1     0.3 0    30.1 0  1007.7 0
 1997 202  7 21 22 51 22.850  63.29   165.0 0    37.3 0     8.4 0   166.7 0   424.8 0   305.0 0   304.9 0   471.8 0   301.7 0   301.6 0    15.4 0    77.5 0   133.1 0   -47.0 0    86.1 0    27.5 0    74.7 1     0.4 0    30.4 0  1007.6 0
 1997 202  7 21 22 54 22.900  63.90   162.1 0    36.9 0     7.4 0   164.4 0   426.3 0   305.1 0   304.8 0   471.1 0   301.7 0   301.7 0    14.9 0    76.1 0   130.8 0   -44.9 0    85.9 0    27.7 0    74.6 1     0.5 0   331.3 0  1008.8 0
 1997 202  7 21 22 57 22.950  64.51   158.0 0    36.3 0     4.7 0   161.5 0   426.6 0   305.1 0   304.8 0   471.2 0   301.8 0   301.7 0    14.4 0    74.2 0   127.3 0   -44.7 0    82.6 0    27.6 0    74.7 1     0.7 0   311.3 0  1008.2 0
 1997 202  7 21 23  0 23.000  65.13   153.5 0    35.1 0     2.7 0   158.2 0   426.3 0   305.1 0   304.8 0   471.2 0   301.8 0   301.8 0    13.9 0    72.1 0   124.2 0   -44.9 0    79.3 0    27.6 0    74.9 1     0.5 0   347.7 0  1008.5 0
 1997 202  7 21 23  3 23.050  65.74   150.0 0    33.7 0     1.4 0   154.9 0   425.9 0   305.2 0   304.9 0   470.8 0   301.9 0   301.8 0    13.5 0    70.3 0   121.8 0   -44.9 0    76.9 0    27.6 0    74.8 1     0.0 0   346.9 0  1007.6 0
 1997 202  7 21 23  6 23.100  66.35   148.7 0    33.2 0     1.0 0   153.9 0   425.0 0   305.2 0   304.9 0   470.6 0   301.9 0   301.9 0    13.3 0    69.6 0   121.1 0   -45.6 0    75.5 0    27.7 0    74.4 1 -9999.9 1 -9999.9 1  1007.8 0
 1997 202  7 21 23  9 23.150  66.96   146.6 0    33.0 0     1.1 0   151.8 0   423.9 0   305.2 0   304.9 0   470.6 0   302.0 0   301.9 0    13.1 0    68.6 0   119.2 0   -46.7 0    72.5 0    27.7 0    74.3 1     0.5 0   112.7 0  1007.3 0
 1997 202  7 21 23 12 23.200  67.57   143.0 0    32.4 0     1.1 0   148.2 0   422.8 0   305.1 0   304.9 0   470.4 0   302.0 0   301.9 0    12.8 0    66.9 0   116.2 0   -47.6 0    68.6 0    27.7 0    74.4 1     0.6 0    76.3 0  1007.8 0
 1997 202  7 21 23 15 23.250  68.18   138.9 0    31.3 0     2.0 0   144.4 0   421.6 0   305.1 0   304.9 0   470.1 0   302.0 0   302.0 0    12.3 0    65.1 0   113.8 0   -48.5 0    65.4 0    27.8 0    74.4 1     0.0 0    65.8 0  1008.2 0
 1997 202  7 21 23 18 23.300  68.79   133.4 0    29.7 0     1.9 0   139.0 0   421.3 0   305.1 0   304.8 0   469.6 0   302.0 0   302.0 0    11.7 0    62.7 0   109.9 0   -48.3 0    61.6 0    27.8 0    74.2 1     0.2 0    65.7 0  1008.5 0
 1997 202  7 21 23 21 23.350  69.39   127.6 0    28.5 0     2.0 0   133.2 0   420.3 0   305.1 0   304.8 0   469.5 0   302.1 0   302.0 0    11.1 0    60.2 0   105.4 0   -49.2 0    56.2 0    27.9 0    74.2 1     0.3 0    30.5 0  1007.9 0
 1997 202  7 21 23 24 23.400  70.00   120.8 0    27.4 0     1.2 0   126.5 0   420.0 0   305.1 0   304.7 0   469.0 0   302.1 0   302.0 0    10.6 0    57.4 0    99.5 0   -49.0 0    50.5 0    27.9 0    74.4 1     0.7 0   344.9 0  1008.1 0
 1997 202  7 21 23 27 23.450  70.61   113.8 0    26.4 0    -0.1 0   119.9 0   419.2 0   305.1 0   304.6 0   468.6 0   302.0 0   301.9 0    10.1 0    54.6 0    93.4 0   -49.5 0    44.0 0    27.8 0    74.6 1     1.1 0   347.6 0  1007.6 0
 1997 202  7 21 23 30 23.500  71.21   107.3 0    24.7 0    -0.6 0   113.5 0   417.3 0   305.0 0   304.6 0   467.9 0   301.9 0   301.8 0     9.5 0    51.7 0    88.8 0   -50.6 0    38.2 0    27.7 0    75.1 1     0.4 0   337.6 0  1008.1 0
 1997 202  7 21 23 33 23.550  71.82   100.3 0    23.0 0    -1.4 0   106.6 0   417.0 0   305.0 0   304.5 0   467.8 0   301.9 0   301.8 0     8.8 0    48.5 0    83.6 0   -50.7 0    32.9 0    27.7 0    75.4 1     0.6 0   309.0 0  1007.2 0
 1997 202  7 21 23 36 23.600  72.42    93.0 0    21.3 0    -1.1 0    99.3 0   416.6 0   304.9 0   304.5 0   467.3 0   301.8 0   301.7 0     8.1 0    45.3 0    78.0 0   -50.7 0    27.4 0    27.6 0    75.5 1     0.6 0   305.9 0  1007.4 0
 1997 202  7 21 23 39 23.650  73.02    86.8 0    20.1 0    -1.4 0    92.8 0   417.3 0   304.9 0   304.3 0   466.9 0   301.8 0   301.7 0     7.5 0    42.4 0    72.7 0   -49.6 0    23.1 0    27.4 0    75.4 1     0.9 0   305.0 0  1007.7 0
 1997 202  7 21 23 42 23.700  73.62    80.5 0    18.5 0    -1.0 0    86.3 0   415.9 0   304.8 0   304.3 0   466.3 0   301.7 0   301.6 0     7.0 0    39.5 0    67.8 0   -50.4 0    17.4 0    27.6 0    75.3 1     0.1 0   295.0 0  1007.5 0
 1997 202  7 21 23 45 23.750  74.22    75.0 0    17.0 0    -0.8 0    80.4 0   415.2 0   304.8 0   304.3 0   466.1 0   301.7 0   301.6 0     6.5 0    36.8 0    63.4 0   -50.9 0    12.5 0    27.6 0    75.1 1     0.2 0   295.0 0  1008.3 0
 1997 202  7 21 23 48 23.800  74.82    70.4 0    16.3 0    -1.3 0    75.8 0   415.0 0   304.7 0   304.3 0   465.5 0   301.7 0   301.6 0     6.0 0    34.6 0    59.5 0   -50.4 0     9.0 0    27.4 0    75.1 1     0.5 0    76.6 0  1007.9 0
 1997 202  7 21 23 51 23.850  75.42    65.8 0    15.7 0    -0.7 0    71.2 0   414.9 0   304.7 0   304.2 0   465.0 0   301.6 0   301.5 0     5.5 0    32.5 0    55.5 0   -50.1 0     5.3 0    27.4 0    75.3 1     0.5 0   105.3 0  1007.2 0
 1997 202  7 21 23 54 23.900  76.01    62.0 0    14.8 0     0.1 0    67.4 0   414.3 0   304.6 0   304.1 0   464.6 0   301.6 0   301.5 0     5.2 0    30.8 0    52.7 0   -50.3 0     2.4 0    27.4 0    75.4 1     0.2 0   104.8 0  1007.0 0
 1997 202  7 21 23 57 23.950  76.61    58.5 0    14.2 0     0.0 0    64.3 0   413.7 0   304.5 0   304.0 0   464.0 0   301.5 0   301.4 0     4.8 0    29.2 0    50.1 0   -50.3 0    -0.2 0    27.4 0    75.3 1     0.8 0    87.2 0  1007.2 0
