timestamp,station_id,temperature_c,pressure_hpa,relative_humidity_pct
2026-01-01 00:00:00+00:00,42182099999,28.0,1013.3,56.2
2026-01-01 01:00:00+00:00,42182099999,30.51,1013.57,54.9
2026-01-01 02:00:00+00:00,42182099999,32.34,1012.99,47.7
2026-01-01 03:00:00+00:00,42182099999,33.83,1012.56,42.7
2026-01-01 04:00:00+00:00,42182099999,35.52,1013.44,47.3
2026-01-01 05:00:00+00:00,42182099999,36.1,1013.23,38.0
2026-01-01 06:00:00+00:00,42182099999,37.04,1013.26,43.3
2026-01-01 07:00:00+00:00,42182099999,37.5,1013.11,38.7
2026-01-01 08:00:00+00:00,42182099999,35.5,1013.75,44.0
2026-01-01 09:00:00+00:00,42182099999,33.99,1013.08,46.1
2026-01-01 10:00:00+00:00,42182099999,32.79,1013.21,48.8
2026-01-01 11:00:00+00:00,42182099999,30.54,1012.5,48.4
2026-01-01 12:00:00+00:00,42182099999,28.06,1012.88,57.7
2026-01-01 13:00:00+00:00,42182099999,25.11,1012.85,62.0
2026-01-01 14:00:00+00:00,42182099999,23.48,1013.04,63.7
2026-01-01 15:00:00+00:00,42182099999,22.05,1013.16,69.1
2026-01-01 16:00:00+00:00,42182099999,19.4,1012.83,74.2
2026-01-01 17:00:00+00:00,42182099999,19.03,1013.57,71.6
2026-01-01 18:00:00+00:00,42182099999,17.86,1012.73,74.6
2026-01-01 19:00:00+00:00,42182099999,18.53,1012.92,70.5
2026-01-01 20:00:00+00:00,42182099999,19.1,1013.13,72.7
2026-01-01 21:00:00+00:00,42182099999,21.49,1012.68,70.8
2026-01-01 22:00:00+00:00,42182099999,22.74,1013.22,72.1
2026-01-01 23:00:00+00:00,42182099999,25.83,1013.24,64.3
2026-01-02 00:00:00+00:00,42182099999,28.09,1013.03,59.0
2026-01-02 01:00:00+00:00,42182099999,30.22,1013.7,57.3
2026-01-02 02:00:00+00:00,42182099999,30.99,1013.15,47.5
2026-01-02 03:00:00+00:00,42182099999,34.04,1013.21,49.3
2026-01-02 04:00:00+00:00,42182099999,35.77,1012.83,42.7
2026-01-02 05:00:00+00:00,42182099999,36.76,1012.62,41.0
2026-01-02 06:00:00+00:00,42182099999,36.08,1012.93,44.6
2026-01-02 07:00:00+00:00,42182099999,36.41,1013.03,43.1
2026-01-02 08:00:00+00:00,42182099999,35.21,1012.99,47.4
2026-01-02 09:00:00+00:00,42182099999,33.88,1013.35,43.1
2026-01-02 10:00:00+00:00,42182099999,33.14,1012.41,50.6
2026-01-02 11:00:00+00:00,42182099999,29.84,1012.78,52.5
2026-01-02 12:00:00+00:00,42182099999,27.98,1012.57,57.3
2026-01-02 13:00:00+00:00,42182099999,26.2,1013.53,57.4
2026-01-02 14:00:00+00:00,42182099999,23.15,1012.95,68.3
2026-01-02 15:00:00+00:00,42182099999,21.57,1012.97,69.8
2026-01-02 16:00:00+00:00,42182099999,20.27,1012.79,69.4
2026-01-02 17:00:00+00:00,42182099999,19.34,1013.39,70.1
2026-01-02 18:00:00+00:00,42182099999,18.26,1013.0,71.8
2026-01-02 19:00:00+00:00,42182099999,19.35,1013.19,76.8
2026-01-02 20:00:00+00:00,42182099999,21.02,1012.51,71.6
2026-01-02 21:00:00+00:00,42182099999,20.71,1013.47,68.4
2026-01-02 22:00:00+00:00,42182099999,24.02,1013.24,67.2
2026-01-02 23:00:00+00:00,42182099999,25.74,1013.29,62.1
2026-01-03 00:00:00+00:00,42182099999,27.62,1013.56,58.5
2026-01-03 01:00:00+00:00,42182099999,31.53,1013.13,55.6
2026-01-03 02:00:00+00:00,42182099999,32.96,1013.14,50.8
2026-01-03 03:00:00+00:00,42182099999,33.64,1013.41,48.8
2026-01-03 04:00:00+00:00,42182099999,35.84,1013.32,41.2
2026-01-03 05:00:00+00:00,42182099999,37.04,1013.12,42.7
2026-01-03 06:00:00+00:00,42182099999,36.89,1013.2,41.1
2026-01-03 07:00:00+00:00,42182099999,37.1,1013.04,42.8
2026-01-03 08:00:00+00:00,42182099999,35.75,1013.41,44.0
2026-01-03 09:00:00+00:00,42182099999,34.76,1013.47,45.1
2026-01-03 10:00:00+00:00,42182099999,33.36,1013.19,49.1
2026-01-03 11:00:00+00:00,42182099999,29.92,1013.76,56.2
2026-01-03 12:00:00+00:00,42182099999,28.12,1012.73,56.6
2026-01-03 13:00:00+00:00,42182099999,25.39,1013.12,59.1
2026-01-03 14:00:00+00:00,42182099999,23.58,1013.71,67.4
2026-01-03 15:00:00+00:00,42182099999,20.92,1013.07,71.7
2026-01-03 16:00:00+00:00,42182099999,19.86,1012.71,71.2
2026-01-03 17:00:00+00:00,42182099999,19.19,1013.61,73.7
2026-01-03 18:00:00+00:00,42182099999,19.54,1013.36,71.9
2026-01-03 19:00:00+00:00,42182099999,19.99,1012.83,72.9
2026-01-03 20:00:00+00:00,42182099999,19.41,1013.42,74.6
2026-01-03 21:00:00+00:00,42182099999,21.16,1012.88,71.3
2026-01-03 22:00:00+00:00,42182099999,23.89,1012.79,66.3
2026-01-03 23:00:00+00:00,42182099999,24.48,1013.15,61.5
2026-01-04 00:00:00+00:00,42182099999,27.72,1013.12,54.0
2026-01-04 01:00:00+00:00,42182099999,30.27,1012.93,54.6
2026-01-04 02:00:00+00:00,42182099999,33.25,1013.15,51.1
2026-01-04 03:00:00+00:00,42182099999,34.78,1012.96,49.3
2026-01-04 04:00:00+00:00,42182099999,35.6,1013.28,49.1
2026-01-04 05:00:00+00:00,42182099999,36.47,1013.25,43.5
2026-01-04 06:00:00+00:00,42182099999,36.85,1013.48,44.3
2026-01-04 07:00:00+00:00,42182099999,37.61,1013.12,39.8
2026-01-04 08:00:00+00:00,42182099999,35.54,1012.86,47.1
2026-01-04 09:00:00+00:00,42182099999,34.18,1012.86,48.8
2026-01-04 10:00:00+00:00,42182099999,32.71,1013.19,53.3
2026-01-04 11:00:00+00:00,42182099999,30.26,1013.72,55.5
2026-01-04 12:00:00+00:00,42182099999,27.88,1013.52,59.1
2026-01-04 13:00:00+00:00,42182099999,25.0,1013.07,65.8
2026-01-04 14:00:00+00:00,42182099999,23.49,1013.54,64.4
2026-01-04 15:00:00+00:00,42182099999,21.37,1012.91,70.9
2026-01-04 16:00:00+00:00,42182099999,20.91,1013.57,74.5
2026-01-04 17:00:00+00:00,42182099999,19.7,1013.15,71.5
2026-01-04 18:00:00+00:00,42182099999,18.99,1013.49,71.2
2026-01-04 19:00:00+00:00,42182099999,19.71,1013.45,74.5
2026-01-04 20:00:00+00:00,42182099999,20.0,1013.18,72.2
2026-01-04 21:00:00+00:00,42182099999,22.27,1013.36,70.8
2026-01-04 22:00:00+00:00,42182099999,23.5,1012.94,67.6
2026-01-04 23:00:00+00:00,42182099999,26.02,1013.24,60.3
2026-01-05 00:00:00+00:00,42182099999,27.23,1013.66,58.8
2026-01-05 01:00:00+00:00,42182099999,30.54,1014.56,56.6
2026-01-05 02:00:00+00:00,42182099999,31.49,1013.54,49.2
2026-01-05 03:00:00+00:00,42182099999,33.14,1013.36,46.0
2026-01-05 04:00:00+00:00,42182099999,35.61,1013.03,41.4
2026-01-05 05:00:00+00:00,42182099999,36.15,1013.65,44.6
2026-01-05 06:00:00+00:00,42182099999,37.1,1012.83,46.8
2026-01-05 07:00:00+00:00,42182099999,38.04,1013.09,39.2
2026-01-05 08:00:00+00:00,42182099999,35.3,1013.44,46.0
2026-01-05 09:00:00+00:00,42182099999,33.99,1012.97,48.9
2026-01-05 10:00:00+00:00,42182099999,32.62,1013.79,48.7
2026-01-05 11:00:00+00:00,42182099999,30.63,1013.66,53.0
2026-01-05 12:00:00+00:00,42182099999,27.89,1013.16,55.5
2026-01-05 13:00:00+00:00,42182099999,25.55,1013.16,60.3
2026-01-05 14:00:00+00:00,42182099999,23.92,1012.93,66.4
2026-01-05 15:00:00+00:00,42182099999,21.95,1012.91,70.9
2026-01-05 16:00:00+00:00,42182099999,19.59,1013.46,72.2
2026-01-05 17:00:00+00:00,42182099999,19.26,1013.52,75.6
2026-01-05 18:00:00+00:00,42182099999,19.02,1013.44,74.5
2026-01-05 19:00:00+00:00,42182099999,18.67,1013.41,70.6
2026-01-05 20:00:00+00:00,42182099999,20.36,1013.16,75.4
2026-01-05 21:00:00+00:00,42182099999,21.12,1013.44,72.2
2026-01-05 22:00:00+00:00,42182099999,24.08,1012.89,64.3
2026-01-05 23:00:00+00:00,42182099999,25.79,1013.33,66.5
2026-01-06 00:00:00+00:00,42182099999,28.05,1013.84,59.2
2026-01-06 01:00:00+00:00,42182099999,29.97,1013.8,54.2
2026-01-06 02:00:00+00:00,42182099999,32.43,1013.26,54.7
2026-01-06 03:00:00+00:00,42182099999,33.17,1013.3,40.6
2026-01-06 04:00:00+00:00,42182099999,35.12,1013.81,40.3
2026-01-06 05:00:00+00:00,42182099999,36.91,1013.94,44.3
2026-01-06 06:00:00+00:00,42182099999,35.72,1012.95,41.5
2026-01-06 07:00:00+00:00,42182099999,37.2,1013.27,40.3
2026-01-06 08:00:00+00:00,42182099999,34.75,1013.47,47.9
2026-01-06 09:00:00+00:00,42182099999,34.82,1013.77,47.9
2026-01-06 10:00:00+00:00,42182099999,31.99,1013.15,46.9
2026-01-06 11:00:00+00:00,42182099999,30.8,1013.59,52.3
2026-01-06 12:00:00+00:00,42182099999,28.08,1013.31,60.1
2026-01-06 13:00:00+00:00,42182099999,24.75,1014.11,66.6
2026-01-06 14:00:00+00:00,42182099999,24.25,1013.53,61.2
2026-01-06 15:00:00+00:00,42182099999,22.5,1013.36,70.0
2026-01-06 16:00:00+00:00,42182099999,20.17,1013.3,71.0
2026-01-06 17:00:00+00:00,42182099999,19.14,1013.72,69.3
2026-01-06 18:00:00+00:00,42182099999,18.9,1013.6,73.7
2026-01-06 19:00:00+00:00,42182099999,18.72,1013.07,69.6
2026-01-06 20:00:00+00:00,42182099999,20.86,1013.46,70.6
2026-01-06 21:00:00+00:00,42182099999,21.31,1013.0,73.3
2026-01-06 22:00:00+00:00,42182099999,23.47,1013.17,67.3
2026-01-06 23:00:00+00:00,42182099999,25.19,1013.01,64.1
2026-01-07 00:00:00+00:00,42182099999,27.62,1013.07,59.5
2026-01-07 01:00:00+00:00,42182099999,29.56,1013.26,54.8
2026-01-07 02:00:00+00:00,42182099999,33.25,1013.17,52.4
2026-01-07 03:00:00+00:00,42182099999,34.27,1013.63,43.9
2026-01-07 04:00:00+00:00,42182099999,36.37,1013.71,43.3
2026-01-07 05:00:00+00:00,42182099999,36.7,1013.4,44.7
2026-01-07 06:00:00+00:00,42182099999,36.58,1013.13,40.3
2026-01-07 07:00:00+00:00,42182099999,36.5,1013.71,41.6
2026-01-07 08:00:00+00:00,42182099999,35.46,1012.86,47.2
2026-01-07 09:00:00+00:00,42182099999,34.37,1012.89,50.5
2026-01-07 10:00:00+00:00,42182099999,32.27,1013.69,48.6
2026-01-07 11:00:00+00:00,42182099999,30.15,1013.67,52.0
2026-01-07 12:00:00+00:00,42182099999,27.17,1013.76,59.5
2026-01-07 13:00:00+00:00,42182099999,25.19,1013.4,62.9
2026-01-07 14:00:00+00:00,42182099999,24.49,1013.09,64.4
2026-01-07 15:00:00+00:00,42182099999,21.23,1013.31,70.9
2026-01-07 16:00:00+00:00,42182099999,19.57,1013.64,73.3
2026-01-07 17:00:00+00:00,42182099999,19.51,1013.24,73.7
2026-01-07 18:00:00+00:00,42182099999,19.84,1013.26,81.3
2026-01-07 19:00:00+00:00,42182099999,18.43,1013.05,76.9
2026-01-07 20:00:00+00:00,42182099999,20.08,1013.12,73.9
2026-01-07 21:00:00+00:00,42182099999,21.26,1013.72,71.9
2026-01-07 22:00:00+00:00,42182099999,22.44,1013.6,73.3
2026-01-07 23:00:00+00:00,42182099999,26.11,1013.12,64.9
2026-01-08 00:00:00+00:00,42182099999,27.99,1013.21,56.3
2026-01-08 01:00:00+00:00,42182099999,30.37,1013.37,54.7
2026-01-08 02:00:00+00:00,42182099999,32.05,1013.7,50.3
2026-01-08 03:00:00+00:00,42182099999,34.64,1013.18,45.4
2026-01-08 04:00:00+00:00,42182099999,35.47,1013.48,44.9
2026-01-08 05:00:00+00:00,42182099999,36.61,1012.89,43.3
2026-01-08 06:00:00+00:00,42182099999,36.34,1013.16,42.0
2026-01-08 07:00:00+00:00,42182099999,35.96,1013.66,41.5
2026-01-08 08:00:00+00:00,42182099999,36.6,1013.81,46.3
2026-01-08 09:00:00+00:00,42182099999,34.06,1013.19,42.9
2026-01-08 10:00:00+00:00,42182099999,32.68,1013.3,52.1
2026-01-08 11:00:00+00:00,42182099999,30.31,1013.78,54.0
2026-01-08 12:00:00+00:00,42182099999,27.74,1013.42,58.8
2026-01-08 13:00:00+00:00,42182099999,25.37,1013.37,56.4
2026-01-08 14:00:00+00:00,42182099999,23.88,1013.69,70.2
2026-01-08 15:00:00+00:00,42182099999,21.45,1013.59,65.2
2026-01-08 16:00:00+00:00,42182099999,20.11,1013.87,69.8
2026-01-08 17:00:00+00:00,42182099999,19.32,1013.78,75.1
2026-01-08 18:00:00+00:00,42182099999,19.71,1013.36,72.6
2026-01-08 19:00:00+00:00,42182099999,19.71,1013.5,72.6
2026-01-08 20:00:00+00:00,42182099999,20.44,1013.52,66.5
2026-01-08 21:00:00+00:00,42182099999,21.3,1013.13,68.4
2026-01-08 22:00:00+00:00,42182099999,22.67,1013.24,66.6
2026-01-08 23:00:00+00:00,42182099999,26.24,1013.83,63.9
2026-01-09 00:00:00+00:00,42182099999,28.58,1013.13,57.4
2026-01-09 01:00:00+00:00,42182099999,30.24,1013.9,54.5
2026-01-09 02:00:00+00:00,42182099999,32.83,1013.69,51.2
2026-01-09 03:00:00+00:00,42182099999,34.83,1013.56,45.1
2026-01-09 04:00:00+00:00,42182099999,36.29,1013.77,42.4
2026-01-09 05:00:00+00:00,42182099999,37.25,1013.75,47.5
2026-01-09 06:00:00+00:00,42182099999,36.73,1013.97,40.0
2026-01-09 07:00:00+00:00,42182099999,37.6,1013.48,45.7
2026-01-09 08:00:00+00:00,42182099999,35.05,1013.54,44.4
2026-01-09 09:00:00+00:00,42182099999,34.88,1013.53,50.4
2026-01-09 10:00:00+00:00,42182099999,32.8,1014.17,48.5
2026-01-09 11:00:00+00:00,42182099999,30.85,1013.89,55.2
2026-01-09 12:00:00+00:00,42182099999,29.13,1013.33,58.9
2026-01-09 13:00:00+00:00,42182099999,26.56,1013.5,61.7
2026-01-09 14:00:00+00:00,42182099999,22.81,1013.39,66.9
2026-01-09 15:00:00+00:00,42182099999,20.62,1013.61,67.5
2026-01-09 16:00:00+00:00,42182099999,20.7,1013.67,71.8
2026-01-09 17:00:00+00:00,42182099999,18.7,1014.3,72.6
2026-01-09 18:00:00+00:00,42182099999,18.99,1013.06,76.0
2026-01-09 19:00:00+00:00,42182099999,19.81,1013.91,73.3
2026-01-09 20:00:00+00:00,42182099999,19.22,1013.74,68.6
2026-01-09 21:00:00+00:00,42182099999,20.37,1013.39,68.5
2026-01-09 22:00:00+00:00,42182099999,23.66,1013.56,65.9
2026-01-09 23:00:00+00:00,42182099999,25.7,1013.46,60.0
2026-01-10 00:00:00+00:00,42182099999,27.85,1013.69,61.4
2026-01-10 01:00:00+00:00,42182099999,30.35,1013.98,55.0
2026-01-10 02:00:00+00:00,42182099999,31.98,1013.22,52.2
2026-01-10 03:00:00+00:00,42182099999,33.46,1014.07,44.9
2026-01-10 04:00:00+00:00,42182099999,35.69,1013.56,43.3
2026-01-10 05:00:00+00:00,42182099999,36.11,1014.13,45.1
2026-01-10 06:00:00+00:00,42182099999,36.01,1013.8,38.6
2026-01-10 07:00:00+00:00,42182099999,37.0,1014.04,43.6
2026-01-10 08:00:00+00:00,42182099999,35.76,1013.84,44.5
2026-01-10 09:00:00+00:00,42182099999,34.61,1014.0,45.6
2026-01-10 10:00:00+00:00,42182099999,31.91,1013.69,50.3
2026-01-10 11:00:00+00:00,42182099999,29.93,1013.42,51.3
2026-01-10 12:00:00+00:00,42182099999,27.4,1013.88,58.7
2026-01-10 13:00:00+00:00,42182099999,25.14,1013.89,59.3
2026-01-10 14:00:00+00:00,42182099999,23.62,1014.31,63.0
2026-01-10 15:00:00+00:00,42182099999,21.17,1013.07,72.9
2026-01-10 16:00:00+00:00,42182099999,20.42,1013.62,70.2
2026-01-10 17:00:00+00:00,42182099999,19.51,1013.99,68.4
2026-01-10 18:00:00+00:00,42182099999,20.22,1013.3,76.5
2026-01-10 19:00:00+00:00,42182099999,18.47,1013.61,71.7
2026-01-10 20:00:00+00:00,42182099999,20.74,1014.31,63.3
2026-01-10 21:00:00+00:00,42182099999,21.58,1014.1,69.3
2026-01-10 22:00:00+00:00,42182099999,23.49,1013.41,68.4
2026-01-10 23:00:00+00:00,42182099999,24.8,1014.1,63.1
2026-01-11 00:00:00+00:00,42182099999,27.72,1014.1,62.3
2026-01-11 01:00:00+00:00,42182099999,30.78,1013.98,53.7
2026-01-11 02:00:00+00:00,42182099999,32.45,1013.86,51.6
2026-01-11 03:00:00+00:00,42182099999,34.41,1013.81,44.3
2026-01-11 04:00:00+00:00,42182099999,35.62,1013.48,44.7
2026-01-11 05:00:00+00:00,42182099999,37.39,1013.59,46.4
2026-01-11 06:00:00+00:00,42182099999,36.99,1013.96,43.4
2026-01-11 07:00:00+00:00,42182099999,35.37,1013.79,43.1
2026-01-11 08:00:00+00:00,42182099999,35.38,1014.3,39.4
2026-01-11 09:00:00+00:00,42182099999,33.18,1013.64,45.9
2026-01-11 10:00:00+00:00,42182099999,30.55,1013.02,46.9
2026-01-11 11:00:00+00:00,42182099999,30.01,1013.64,55.9
2026-01-11 12:00:00+00:00,42182099999,28.8,1013.83,56.3
2026-01-11 13:00:00+00:00,42182099999,25.7,1013.86,63.1
2026-01-11 14:00:00+00:00,42182099999,22.8,1013.76,63.7
2026-01-11 15:00:00+00:00,42182099999,21.07,1013.5,74.1
2026-01-11 16:00:00+00:00,42182099999,20.88,1014.19,69.1
2026-01-11 17:00:00+00:00,42182099999,19.4,1013.54,73.9
2026-01-11 18:00:00+00:00,42182099999,19.03,1013.96,80.6
2026-01-11 19:00:00+00:00,42182099999,19.27,1013.66,74.1
2026-01-11 20:00:00+00:00,42182099999,20.23,1013.38,69.8
2026-01-11 21:00:00+00:00,42182099999,22.12,1014.17,70.9
2026-01-11 22:00:00+00:00,42182099999,23.83,1012.99,68.6
2026-01-11 23:00:00+00:00,42182099999,25.8,1013.49,64.4
2026-01-12 00:00:00+00:00,42182099999,27.37,1013.94,53.3
2026-01-12 01:00:00+00:00,42182099999,30.64,1013.71,54.5
2026-01-12 02:00:00+00:00,42182099999,32.09,1014.04,44.9
2026-01-12 03:00:00+00:00,42182099999,35.02,1013.78,51.5
2026-01-12 04:00:00+00:00,42182099999,35.03,1013.68,44.4
2026-01-12 05:00:00+00:00,42182099999,36.61,1014.46,41.5
2026-01-12 06:00:00+00:00,42182099999,37.0,1013.75,43.8
2026-01-12 07:00:00+00:00,42182099999,35.9,1013.77,43.9
2026-01-12 08:00:00+00:00,42182099999,36.83,1013.49,41.3
2026-01-12 09:00:00+00:00,42182099999,35.24,1013.59,50.8
2026-01-12 10:00:00+00:00,42182099999,32.22,1014.01,49.5
2026-01-12 11:00:00+00:00,42182099999,30.79,1013.98,49.6
2026-01-12 12:00:00+00:00,42182099999,28.23,1013.81,61.6
2026-01-12 13:00:00+00:00,42182099999,24.1,1013.6,66.0
2026-01-12 14:00:00+00:00,42182099999,23.65,1014.02,69.2
2026-01-12 15:00:00+00:00,42182099999,21.6,1013.3,70.8
2026-01-12 16:00:00+00:00,42182099999,20.26,1013.71,69.8
2026-01-12 17:00:00+00:00,42182099999,18.66,1013.74,75.9
2026-01-12 18:00:00+00:00,42182099999,18.84,1013.56,78.7
2026-01-12 19:00:00+00:00,42182099999,19.2,1013.86,75.6
2026-01-12 20:00:00+00:00,42182099999,20.92,1013.61,75.9
2026-01-12 21:00:00+00:00,42182099999,21.84,1013.57,67.5
2026-01-12 22:00:00+00:00,42182099999,23.5,1014.36,68.6
2026-01-12 23:00:00+00:00,42182099999,26.59,1014.04,64.6
2026-01-13 00:00:00+00:00,42182099999,27.67,1014.24,54.4
2026-01-13 01:00:00+00:00,42182099999,30.1,1013.9,50.0
2026-01-13 02:00:00+00:00,42182099999,31.41,1014.17,48.3
2026-01-13 03:00:00+00:00,42182099999,35.31,1014.12,47.0
2026-01-13 04:00:00+00:00,42182099999,36.37,1014.25,45.4
2026-01-13 05:00:00+00:00,42182099999,37.24,1014.59,42.1
2026-01-13 06:00:00+00:00,42182099999,37.4,1013.82,42.0
2026-01-13 07:00:00+00:00,42182099999,36.76,1013.96,42.4
2026-01-13 08:00:00+00:00,42182099999,35.92,1013.87,44.5
2026-01-13 09:00:00+00:00,42182099999,34.21,1012.83,48.3
2026-01-13 10:00:00+00:00,42182099999,32.38,1013.47,51.4
2026-01-13 11:00:00+00:00,42182099999,30.36,1013.89,53.9
2026-01-13 12:00:00+00:00,42182099999,28.91,1014.08,58.8
2026-01-13 13:00:00+00:00,42182099999,26.0,1013.71,61.2
2026-01-13 14:00:00+00:00,42182099999,23.46,1014.23,68.1
2026-01-13 15:00:00+00:00,42182099999,21.29,1014.27,68.2
2026-01-13 16:00:00+00:00,42182099999,19.82,1013.76,76.1
2026-01-13 17:00:00+00:00,42182099999,20.27,1014.31,73.5
2026-01-13 18:00:00+00:00,42182099999,19.3,1014.41,74.8
2026-01-13 19:00:00+00:00,42182099999,19.35,1014.03,71.7
2026-01-13 20:00:00+00:00,42182099999,20.0,1013.59,71.1
2026-01-13 21:00:00+00:00,42182099999,20.97,1014.33,69.9
2026-01-13 22:00:00+00:00,42182099999,23.46,1013.84,66.2
2026-01-13 23:00:00+00:00,42182099999,26.19,1013.77,60.7
2026-01-14 00:00:00+00:00,42182099999,27.76,1013.99,55.3
2026-01-14 01:00:00+00:00,42182099999,30.19,1013.79,54.1
2026-01-14 02:00:00+00:00,42182099999,32.37,1014.28,50.5
2026-01-14 03:00:00+00:00,42182099999,34.43,1014.19,48.2
2026-01-14 04:00:00+00:00,42182099999,34.84,1014.32,47.4
2026-01-14 05:00:00+00:00,42182099999,36.55,1014.13,41.9
2026-01-14 06:00:00+00:00,42182099999,36.49,1013.72,37.2
2026-01-14 07:00:00+00:00,42182099999,37.22,1013.91,42.3
2026-01-14 08:00:00+00:00,42182099999,35.33,1014.22,39.7
2026-01-14 09:00:00+00:00,42182099999,34.71,1013.83,43.6
2026-01-14 10:00:00+00:00,42182099999,33.41,1014.83,52.7
2026-01-14 11:00:00+00:00,42182099999,30.14,1013.88,55.4
2026-01-14 12:00:00+00:00,42182099999,27.64,1013.78,56.5
2026-01-14 13:00:00+00:00,42182099999,25.79,1014.3,60.7
2026-01-14 14:00:00+00:00,42182099999,23.5,1014.18,65.9
2026-01-14 15:00:00+00:00,42182099999,21.04,1013.95,65.1
2026-01-14 16:00:00+00:00,42182099999,20.48,1013.89,73.2
2026-01-14 17:00:00+00:00,42182099999,20.52,1014.08,72.7
2026-01-14 18:00:00+00:00,42182099999,18.85,1014.21,78.7
2026-01-14 19:00:00+00:00,42182099999,19.18,1014.18,71.0
2026-01-14 20:00:00+00:00,42182099999,19.58,1013.86,74.5
2026-01-14 21:00:00+00:00,42182099999,21.83,1014.08,67.8
2026-01-14 22:00:00+00:00,42182099999,22.75,1014.21,68.7
2026-01-14 23:00:00+00:00,42182099999,25.01,1014.18,59.8
2026-01-15 00:00:00+00:00,42182099999,28.77,1013.1,60.0
2026-01-15 01:00:00+00:00,42182099999,29.79,1013.75,52.9
2026-01-15 02:00:00+00:00,42182099999,33.15,1013.79,48.1
2026-01-15 03:00:00+00:00,42182099999,35.28,1013.95,46.5
2026-01-15 04:00:00+00:00,42182099999,35.95,1014.08,45.5
2026-01-15 05:00:00+00:00,42182099999,37.03,1014.3,43.7
2026-01-15 06:00:00+00:00,42182099999,38.17,1014.21,46.1
2026-01-15 07:00:00+00:00,42182099999,36.58,1013.98,44.7
2026-01-15 08:00:00+00:00,42182099999,35.44,1014.03,37.7
2026-01-15 09:00:00+00:00,42182099999,33.55,1014.55,45.8
2026-01-15 10:00:00+00:00,42182099999,32.53,1013.84,45.2
2026-01-15 11:00:00+00:00,42182099999,31.22,1014.11,53.0
2026-01-15 12:00:00+00:00,42182099999,28.58,1014.49,59.7
2026-01-15 13:00:00+00:00,42182099999,25.11,1014.13,59.0
2026-01-15 14:00:00+00:00,42182099999,22.99,1013.41,63.2
2026-01-15 15:00:00+00:00,42182099999,21.33,1014.13,69.8
2026-01-15 16:00:00+00:00,42182099999,20.38,1013.91,71.3
2026-01-15 17:00:00+00:00,42182099999,19.18,1013.99,77.5
2026-01-15 18:00:00+00:00,42182099999,19.13,1014.34,74.9
2026-01-15 19:00:00+00:00,42182099999,19.48,1014.16,74.9
2026-01-15 20:00:00+00:00,42182099999,20.03,1013.94,76.4
2026-01-15 21:00:00+00:00,42182099999,21.61,1014.29,68.2
2026-01-15 22:00:00+00:00,42182099999,23.62,1014.15,66.1
2026-01-15 23:00:00+00:00,42182099999,25.62,1014.05,59.8
2026-01-16 00:00:00+00:00,42182099999,28.3,1014.18,58.8
2026-01-16 01:00:00+00:00,42182099999,31.45,1014.16,56.6
2026-01-16 02:00:00+00:00,42182099999,32.86,1013.99,53.6
2026-01-16 03:00:00+00:00,42182099999,34.4,1013.95,46.7
2026-01-16 04:00:00+00:00,42182099999,34.78,1014.1,42.5
2026-01-16 05:00:00+00:00,42182099999,36.93,1013.8,40.8
2026-01-16 06:00:00+00:00,42182099999,35.83,1013.71,38.7
2026-01-16 07:00:00+00:00,42182099999,35.85,1014.48,43.0
2026-01-16 08:00:00+00:00,42182099999,36.31,1014.02,47.7
2026-01-16 09:00:00+00:00,42182099999,34.79,1014.08,40.9
2026-01-16 10:00:00+00:00,42182099999,32.41,1014.05,44.7
2026-01-16 11:00:00+00:00,42182099999,29.3,1014.09,57.5
2026-01-16 12:00:00+00:00,42182099999,27.78,1014.09,54.1
2026-01-16 13:00:00+00:00,42182099999,25.26,1014.11,63.1
2026-01-16 14:00:00+00:00,42182099999,23.88,1013.85,63.0
2026-01-16 15:00:00+00:00,42182099999,22.99,1014.37,71.4
2026-01-16 16:00:00+00:00,42182099999,20.34,1013.88,74.0
2026-01-16 17:00:00+00:00,42182099999,18.84,1014.4,74.0
2026-01-16 18:00:00+00:00,42182099999,18.3,1013.51,76.2
2026-01-16 19:00:00+00:00,42182099999,19.27,1013.77,73.7
2026-01-16 20:00:00+00:00,42182099999,20.1,1014.39,73.4
2026-01-16 21:00:00+00:00,42182099999,20.95,1014.04,74.0
2026-01-16 22:00:00+00:00,42182099999,23.57,1013.89,68.9
2026-01-16 23:00:00+00:00,42182099999,24.98,1014.2,60.7
2026-01-17 00:00:00+00:00,42182099999,28.67,1013.84,56.2
2026-01-17 01:00:00+00:00,42182099999,30.97,1014.18,53.4
2026-01-17 02:00:00+00:00,42182099999,33.15,1013.49,49.6
2026-01-17 03:00:00+00:00,42182099999,34.08,1014.02,47.0
2026-01-17 04:00:00+00:00,42182099999,36.1,1013.96,42.8
2026-01-17 05:00:00+00:00,42182099999,36.61,1014.32,44.3
2026-01-17 06:00:00+00:00,42182099999,36.77,1014.42,42.3
2026-01-17 07:00:00+00:00,42182099999,36.49,1013.9,43.6
2026-01-17 08:00:00+00:00,42182099999,35.01,1014.64,44.3
2026-01-17 09:00:00+00:00,42182099999,33.5,1013.98,48.4
2026-01-17 10:00:00+00:00,42182099999,32.98,1013.54,47.2
2026-01-17 11:00:00+00:00,42182099999,30.21,1013.44,58.0
2026-01-17 12:00:00+00:00,42182099999,28.13,1014.62,59.0
2026-01-17 13:00:00+00:00,42182099999,26.27,1014.13,63.4
2026-01-17 14:00:00+00:00,42182099999,22.46,1013.96,67.7
2026-01-17 15:00:00+00:00,42182099999,21.17,1013.93,72.2
2026-01-17 16:00:00+00:00,42182099999,20.31,1013.83,73.9
2026-01-17 17:00:00+00:00,42182099999,19.54,1014.56,74.2
2026-01-17 18:00:00+00:00,42182099999,18.77,1014.13,73.7
2026-01-17 19:00:00+00:00,42182099999,19.92,1014.69,69.5
2026-01-17 20:00:00+00:00,42182099999,20.33,1014.09,72.6
2026-01-17 21:00:00+00:00,42182099999,20.91,1013.45,68.7
2026-01-17 22:00:00+00:00,42182099999,22.94,1014.41,65.4
2026-01-17 23:00:00+00:00,42182099999,26.15,1014.04,68.3
2026-01-18 00:00:00+00:00,42182099999,28.28,1014.15,53.5
2026-01-18 01:00:00+00:00,42182099999,29.19,1014.69,54.2
2026-01-18 02:00:00+00:00,42182099999,33.31,1014.14,53.2
2026-01-18 03:00:00+00:00,42182099999,34.72,1014.57,49.3
2026-01-18 04:00:00+00:00,42182099999,36.6,1014.22,47.4
2026-01-18 05:00:00+00:00,42182099999,36.46,1013.99,39.6
2026-01-18 06:00:00+00:00,42182099999,36.82,1014.37,39.8
2026-01-18 07:00:00+00:00,42182099999,36.02,1014.04,44.3
2026-01-18 08:00:00+00:00,42182099999,37.32,1014.59,43.6
2026-01-18 09:00:00+00:00,42182099999,34.26,1014.51,51.2
2026-01-18 10:00:00+00:00,42182099999,33.45,1014.24,50.8
2026-01-18 11:00:00+00:00,42182099999,29.94,1014.4,54.5
2026-01-18 12:00:00+00:00,42182099999,28.1,1014.39,59.3
2026-01-18 13:00:00+00:00,42182099999,24.67,1014.14,61.7
2026-01-18 14:00:00+00:00,42182099999,23.27,1014.49,66.5
2026-01-18 15:00:00+00:00,42182099999,22.23,1014.15,67.8
2026-01-18 16:00:00+00:00,42182099999,19.45,1014.4,72.0
2026-01-18 17:00:00+00:00,42182099999,19.95,1013.93,72.4
2026-01-18 18:00:00+00:00,42182099999,19.2,1014.25,74.8
2026-01-18 19:00:00+00:00,42182099999,18.68,1014.34,70.1
2026-01-18 20:00:00+00:00,42182099999,19.9,1013.98,68.3
2026-01-18 21:00:00+00:00,42182099999,21.36,1014.1,70.7
2026-01-18 22:00:00+00:00,42182099999,23.47,1014.06,66.8
2026-01-18 23:00:00+00:00,42182099999,25.35,1014.44,59.9
2026-01-19 00:00:00+00:00,42182099999,27.5,1014.07,57.6
2026-01-19 01:00:00+00:00,42182099999,30.15,1014.42,51.4
2026-01-19 02:00:00+00:00,42182099999,31.88,1014.74,55.3
2026-01-19 03:00:00+00:00,42182099999,33.59,1014.39,43.0
2026-01-19 04:00:00+00:00,42182099999,35.77,1013.8,48.6
2026-01-19 05:00:00+00:00,42182099999,37.22,1014.32,40.7
2026-01-19 06:00:00+00:00,42182099999,36.08,1014.6,43.3
2026-01-19 07:00:00+00:00,42182099999,36.7,1014.2,42.1
2026-01-19 08:00:00+00:00,42182099999,35.4,1014.62,43.4
2026-01-19 09:00:00+00:00,42182099999,33.78,1014.47,49.2
2026-01-19 10:00:00+00:00,42182099999,33.01,1014.41,52.3
2026-01-19 11:00:00+00:00,42182099999,30.02,1014.21,53.4
2026-01-19 12:00:00+00:00,42182099999,28.9,1014.13,55.9
2026-01-19 13:00:00+00:00,42182099999,25.2,1014.21,67.5
2026-01-19 14:00:00+00:00,42182099999,23.73,1014.31,69.7
2026-01-19 15:00:00+00:00,42182099999,21.5,1014.44,69.9
2026-01-19 16:00:00+00:00,42182099999,19.75,1014.41,71.3
2026-01-19 17:00:00+00:00,42182099999,19.66,1014.2,74.4
2026-01-19 18:00:00+00:00,42182099999,18.91,1014.31,74.4
2026-01-19 19:00:00+00:00,42182099999,19.67,1014.4,76.7
2026-01-19 20:00:00+00:00,42182099999,20.18,1013.8,69.7
2026-01-19 21:00:00+00:00,42182099999,20.98,1014.06,69.6
2026-01-19 22:00:00+00:00,42182099999,23.44,1014.05,64.3
2026-01-19 23:00:00+00:00,42182099999,25.7,1014.23,65.6
2026-01-20 00:00:00+00:00,42182099999,28.58,1014.27,62.7
2026-01-20 01:00:00+00:00,42182099999,29.79,1014.28,53.9
2026-01-20 02:00:00+00:00,42182099999,32.48,1014.09,51.6
2026-01-20 03:00:00+00:00,42182099999,33.33,1014.56,50.4
2026-01-20 04:00:00+00:00,42182099999,36.19,1014.44,43.6
2026-01-20 05:00:00+00:00,42182099999,36.04,1013.86,40.4
2026-01-20 06:00:00+00:00,42182099999,35.92,1014.36,44.8
2026-01-20 07:00:00+00:00,42182099999,36.66,1014.02,44.0
2026-01-20 08:00:00+00:00,42182099999,36.46,1014.87,43.9
2026-01-20 09:00:00+00:00,42182099999,33.45,1014.22,50.6
2026-01-20 10:00:00+00:00,42182099999,31.85,1014.24,50.8
2026-01-20 11:00:00+00:00,42182099999,29.88,1014.38,49.6
2026-01-20 12:00:00+00:00,42182099999,27.32,1014.29,59.1
2026-01-20 13:00:00+00:00,42182099999,25.9,1014.34,62.2
2026-01-20 14:00:00+00:00,42182099999,23.02,1014.82,70.9
2026-01-20 15:00:00+00:00,42182099999,21.2,1014.42,69.5
2026-01-20 16:00:00+00:00,42182099999,20.56,1014.61,71.6
2026-01-20 17:00:00+00:00,42182099999,18.85,1014.69,74.8
2026-01-20 18:00:00+00:00,42182099999,19.26,1014.06,74.8
2026-01-20 19:00:00+00:00,42182099999,18.72,1014.86,70.2
2026-01-20 20:00:00+00:00,42182099999,19.48,1014.56,72.4
2026-01-20 21:00:00+00:00,42182099999,20.53,1014.64,68.7
2026-01-20 22:00:00+00:00,42182099999,24.62,1014.1,69.7
2026-01-20 23:00:00+00:00,42182099999,25.48,1014.6,68.4
2026-01-21 00:00:00+00:00,42182099999,28.15,1014.54,55.4
2026-01-21 01:00:00+00:00,42182099999,30.31,1014.26,51.7
2026-01-21 02:00:00+00:00,42182099999,32.6,1015.1,48.1
2026-01-21 03:00:00+00:00,42182099999,34.39,1014.59,45.3
2026-01-21 04:00:00+00:00,42182099999,36.94,1014.35,42.6
2026-01-21 05:00:00+00:00,42182099999,36.07,1014.48,42.9
2026-01-21 06:00:00+00:00,42182099999,36.07,1014.69,45.0
2026-01-21 07:00:00+00:00,42182099999,36.09,1014.76,39.5
2026-01-21 08:00:00+00:00,42182099999,34.99,1014.59,40.5
2026-01-21 09:00:00+00:00,42182099999,34.81,1014.79,42.3
2026-01-21 10:00:00+00:00,42182099999,32.99,1014.86,53.0
2026-01-21 11:00:00+00:00,42182099999,29.75,1014.05,57.4
2026-01-21 12:00:00+00:00,42182099999,27.17,1014.27,54.4
2026-01-21 13:00:00+00:00,42182099999,25.46,1014.14,58.3
2026-01-21 14:00:00+00:00,42182099999,24.33,1014.45,66.6
2026-01-21 15:00:00+00:00,42182099999,19.94,1014.85,72.3
2026-01-21 16:00:00+00:00,42182099999,20.52,1014.62,74.6
2026-01-21 17:00:00+00:00,42182099999,18.66,1014.11,74.2
2026-01-21 18:00:00+00:00,42182099999,19.62,1014.33,75.9
2026-01-21 19:00:00+00:00,42182099999,18.66,1014.73,74.5
2026-01-21 20:00:00+00:00,42182099999,20.03,1014.26,70.7
2026-01-21 21:00:00+00:00,42182099999,20.73,1014.39,74.3
2026-01-21 22:00:00+00:00,42182099999,22.91,1014.51,66.2
2026-01-21 23:00:00+00:00,42182099999,26.5,1013.87,59.6
2026-01-22 00:00:00+00:00,42182099999,28.49,1014.72,57.1
2026-01-22 01:00:00+00:00,42182099999,30.09,1014.59,50.2
2026-01-22 02:00:00+00:00,42182099999,31.98,1014.66,50.3
2026-01-22 03:00:00+00:00,42182099999,33.23,1014.19,49.7
2026-01-22 04:00:00+00:00,42182099999,35.56,1014.25,41.2
2026-01-22 05:00:00+00:00,42182099999,36.67,1014.31,45.6
2026-01-22 06:00:00+00:00,42182099999,36.95,1014.56,47.5
2026-01-22 07:00:00+00:00,42182099999,36.64,1014.51,43.7
2026-01-22 08:00:00+00:00,42182099999,35.12,1014.52,41.5
2026-01-22 09:00:00+00:00,42182099999,34.32,1015.02,44.8
2026-01-22 10:00:00+00:00,42182099999,32.48,1014.88,49.4
2026-01-22 11:00:00+00:00,42182099999,31.1,1014.27,50.9
2026-01-22 12:00:00+00:00,42182099999,29.12,1014.29,55.1
2026-01-22 13:00:00+00:00,42182099999,25.59,1015.0,61.7
2026-01-22 14:00:00+00:00,42182099999,23.04,1014.39,65.8
2026-01-22 15:00:00+00:00,42182099999,21.6,1014.9,71.1
2026-01-22 16:00:00+00:00,42182099999,19.84,1014.96,69.1
2026-01-22 17:00:00+00:00,42182099999,18.86,1014.32,78.4
2026-01-22 18:00:00+00:00,42182099999,18.96,1014.4,76.9
2026-01-22 19:00:00+00:00,42182099999,18.68,1014.51,75.9
2026-01-22 20:00:00+00:00,42182099999,20.57,1014.23,70.5
2026-01-22 21:00:00+00:00,42182099999,21.57,1014.19,73.9
2026-01-22 22:00:00+00:00,42182099999,23.65,1014.36,65.4
2026-01-22 23:00:00+00:00,42182099999,25.56,1014.74,66.9
2026-01-23 00:00:00+00:00,42182099999,27.56,1014.41,60.9
2026-01-23 01:00:00+00:00,42182099999,29.76,1014.49,51.9
2026-01-23 02:00:00+00:00,42182099999,32.36,1014.41,49.1
2026-01-23 03:00:00+00:00,42182099999,34.03,1014.14,51.6
2026-01-23 04:00:00+00:00,42182099999,35.93,1014.99,46.9
2026-01-23 05:00:00+00:00,42182099999,36.69,1013.85,42.4
2026-01-23 06:00:00+00:00,42182099999,36.18,1014.35,42.7
2026-01-23 07:00:00+00:00,42182099999,36.73,1014.72,43.3
2026-01-23 08:00:00+00:00,42182099999,34.99,1014.13,42.4
2026-01-23 09:00:00+00:00,42182099999,33.99,1014.73,46.4
2026-01-23 10:00:00+00:00,42182099999,32.32,1014.92,48.6
2026-01-23 11:00:00+00:00,42182099999,29.08,1014.29,53.0
2026-01-23 12:00:00+00:00,42182099999,28.05,1014.61,59.4
2026-01-23 13:00:00+00:00,42182099999,25.76,1014.22,60.0
2026-01-23 14:00:00+00:00,42182099999,23.41,1014.7,68.1
2026-01-23 15:00:00+00:00,42182099999,21.38,1014.58,69.8
2026-01-23 16:00:00+00:00,42182099999,19.98,1014.61,74.0
2026-01-23 17:00:00+00:00,42182099999,18.72,1014.96,75.9
2026-01-23 18:00:00+00:00,42182099999,18.84,1014.69,77.4
2026-01-23 19:00:00+00:00,42182099999,18.98,1014.95,75.3
2026-01-23 20:00:00+00:00,42182099999,20.26,1014.74,73.9
2026-01-23 21:00:00+00:00,42182099999,20.91,1014.19,69.1
2026-01-23 22:00:00+00:00,42182099999,23.64,1014.63,67.7
2026-01-23 23:00:00+00:00,42182099999,25.76,1014.7,60.1
2026-01-24 00:00:00+00:00,42182099999,27.92,1014.18,57.6
2026-01-24 01:00:00+00:00,42182099999,30.07,1015.01,56.0
2026-01-24 02:00:00+00:00,42182099999,32.83,1014.63,50.1
2026-01-24 03:00:00+00:00,42182099999,33.37,1014.72,48.0
2026-01-24 04:00:00+00:00,42182099999,36.07,1014.34,41.7
2026-01-24 05:00:00+00:00,42182099999,36.84,1014.63,46.2
2026-01-24 06:00:00+00:00,42182099999,37.17,1014.7,40.8
2026-01-24 07:00:00+00:00,42182099999,36.92,1014.51,43.8
2026-01-24 08:00:00+00:00,42182099999,35.4,1014.64,44.3
2026-01-24 09:00:00+00:00,42182099999,34.21,1013.98,49.3
2026-01-24 10:00:00+00:00,42182099999,32.88,1015.02,49.3
2026-01-24 11:00:00+00:00,42182099999,30.59,1014.28,51.6
2026-01-24 12:00:00+00:00,42182099999,28.12,1013.96,53.5
2026-01-24 13:00:00+00:00,42182099999,24.76,1014.32,61.6
2026-01-24 14:00:00+00:00,42182099999,23.82,1014.36,63.2
2026-01-24 15:00:00+00:00,42182099999,22.34,1014.77,70.9
2026-01-24 16:00:00+00:00,42182099999,20.81,1014.34,75.7
2026-01-24 17:00:00+00:00,42182099999,19.45,1014.7,68.1
2026-01-24 18:00:00+00:00,42182099999,18.07,1014.32,71.0
2026-01-24 19:00:00+00:00,42182099999,19.87,1015.27,74.5
2026-01-24 20:00:00+00:00,42182099999,20.12,1014.78,75.2
2026-01-24 21:00:00+00:00,42182099999,20.12,1015.2,70.3
2026-01-24 22:00:00+00:00,42182099999,23.73,1014.31,67.0
2026-01-24 23:00:00+00:00,42182099999,24.78,1014.81,63.6
2026-01-25 00:00:00+00:00,42182099999,27.22,1014.39,59.7
2026-01-25 01:00:00+00:00,42182099999,29.95,1014.85,58.2
2026-01-25 02:00:00+00:00,42182099999,33.26,1014.88,51.8
2026-01-25 03:00:00+00:00,42182099999,34.14,1014.2,43.8
2026-01-25 04:00:00+00:00,42182099999,35.96,1014.33,43.2
2026-01-25 05:00:00+00:00,42182099999,37.74,1014.32,43.3
2026-01-25 06:00:00+00:00,42182099999,37.96,1014.22,40.2
2026-01-25 07:00:00+00:00,42182099999,36.63,1014.45,42.1
2026-01-25 08:00:00+00:00,42182099999,35.65,1014.39,43.1
2026-01-25 09:00:00+00:00,42182099999,33.61,1014.24,45.2
2026-01-25 10:00:00+00:00,42182099999,32.08,1014.7,52.0
2026-01-25 11:00:00+00:00,42182099999,30.58,1014.84,53.1
2026-01-25 12:00:00+00:00,42182099999,28.24,1014.28,55.5
2026-01-25 13:00:00+00:00,42182099999,25.74,1014.51,60.6
2026-01-25 14:00:00+00:00,42182099999,24.1,1014.68,66.3
2026-01-25 15:00:00+00:00,42182099999,21.17,1014.6,74.9
2026-01-25 16:00:00+00:00,42182099999,20.17,1014.46,72.7
2026-01-25 17:00:00+00:00,42182099999,19.75,1014.92,77.4
2026-01-25 18:00:00+00:00,42182099999,19.35,1014.93,75.5
2026-01-25 19:00:00+00:00,42182099999,19.95,1014.88,68.3
2026-01-25 20:00:00+00:00,42182099999,20.44,1014.61,73.0
2026-01-25 21:00:00+00:00,42182099999,21.45,1015.27,67.4
2026-01-25 22:00:00+00:00,42182099999,23.72,1015.19,62.8
2026-01-25 23:00:00+00:00,42182099999,25.07,1014.55,59.7
2026-01-26 00:00:00+00:00,42182099999,27.02,1014.7,62.7
2026-01-26 01:00:00+00:00,42182099999,30.68,1015.09,50.1
2026-01-26 02:00:00+00:00,42182099999,32.47,1014.49,48.7
2026-01-26 03:00:00+00:00,42182099999,34.55,1014.85,49.8
2026-01-26 04:00:00+00:00,42182099999,34.78,1014.75,46.0
2026-01-26 05:00:00+00:00,42182099999,36.47,1014.52,38.5
2026-01-26 06:00:00+00:00,42182099999,36.64,1014.66,42.0
2026-01-26 07:00:00+00:00,42182099999,36.17,1014.26,41.5
2026-01-26 08:00:00+00:00,42182099999,34.44,1014.57,43.9
2026-01-26 09:00:00+00:00,42182099999,34.16,1014.14,48.8
2026-01-26 10:00:00+00:00,42182099999,33.04,1015.42,48.8
2026-01-26 11:00:00+00:00,42182099999,30.56,1015.19,53.3
2026-01-26 12:00:00+00:00,42182099999,27.64,1015.1,61.9
2026-01-26 13:00:00+00:00,42182099999,25.66,1014.82,57.7
2026-01-26 14:00:00+00:00,42182099999,23.95,1015.03,65.3
2026-01-26 15:00:00+00:00,42182099999,19.98,1015.12,70.7
2026-01-26 16:00:00+00:00,42182099999,20.13,1015.04,69.0
2026-01-26 17:00:00+00:00,42182099999,19.63,1015.01,72.1
2026-01-26 18:00:00+00:00,42182099999,19.41,1014.46,70.9
2026-01-26 19:00:00+00:00,42182099999,20.33,1014.86,74.1
2026-01-26 20:00:00+00:00,42182099999,20.89,1014.57,70.5
2026-01-26 21:00:00+00:00,42182099999,21.82,1014.38,71.5
2026-01-26 22:00:00+00:00,42182099999,23.68,1014.39,68.8
2026-01-26 23:00:00+00:00,42182099999,26.14,1014.86,62.5
2026-01-27 00:00:00+00:00,42182099999,27.68,1015.11,57.3
2026-01-27 01:00:00+00:00,42182099999,30.31,1014.38,54.7
2026-01-27 02:00:00+00:00,42182099999,33.04,1015.32,50.4
2026-01-27 03:00:00+00:00,42182099999,35.54,1015.24,43.8
2026-01-27 04:00:00+00:00,42182099999,35.7,1014.68,47.1
2026-01-27 05:00:00+00:00,42182099999,36.66,1014.66,43.3
2026-01-27 06:00:00+00:00,42182099999,37.12,1014.77,44.2
2026-01-27 07:00:00+00:00,42182099999,37.5,1015.09,39.3
2026-01-27 08:00:00+00:00,42182099999,35.78,1014.68,46.6
2026-01-27 09:00:00+00:00,42182099999,35.25,1014.46,52.2
2026-01-27 10:00:00+00:00,42182099999,31.92,1014.9,51.8
2026-01-27 11:00:00+00:00,42182099999,30.22,1014.17,50.4
2026-01-27 12:00:00+00:00,42182099999,27.88,1014.84,58.3
2026-01-27 13:00:00+00:00,42182099999,26.14,1015.14,62.2
2026-01-27 14:00:00+00:00,42182099999,24.13,1014.89,66.8
2026-01-27 15:00:00+00:00,42182099999,20.73,1015.03,68.9
2026-01-27 16:00:00+00:00,42182099999,19.66,1014.94,73.3
2026-01-27 17:00:00+00:00,42182099999,19.51,1015.01,72.5
2026-01-27 18:00:00+00:00,42182099999,18.6,1014.84,74.8
2026-01-27 19:00:00+00:00,42182099999,18.39,1014.54,71.9
2026-01-27 20:00:00+00:00,42182099999,20.83,1014.73,72.3
2026-01-27 21:00:00+00:00,42182099999,21.93,1014.77,72.0
2026-01-27 22:00:00+00:00,42182099999,23.8,1015.17,65.0
2026-01-27 23:00:00+00:00,42182099999,25.39,1015.28,64.0
2026-01-28 00:00:00+00:00,42182099999,28.62,1014.98,56.0
2026-01-28 01:00:00+00:00,42182099999,30.19,1014.63,53.1
2026-01-28 02:00:00+00:00,42182099999,33.16,1014.64,49.6
2026-01-28 03:00:00+00:00,42182099999,33.82,1014.8,50.0
2026-01-28 04:00:00+00:00,42182099999,35.28,1015.27,42.4
2026-01-28 05:00:00+00:00,42182099999,36.82,1014.95,45.8
2026-01-28 06:00:00+00:00,42182099999,36.58,1014.84,38.5
2026-01-28 07:00:00+00:00,42182099999,37.1,1014.62,42.4
2026-01-28 08:00:00+00:00,42182099999,35.95,1015.12,46.7
2026-01-28 09:00:00+00:00,42182099999,33.81,1014.94,48.7
2026-01-28 10:00:00+00:00,42182099999,32.54,1014.84,47.7
2026-01-28 11:00:00+00:00,42182099999,30.12,1014.89,51.0
2026-01-28 12:00:00+00:00,42182099999,28.55,1015.36,60.4
2026-01-28 13:00:00+00:00,42182099999,25.29,1014.81,59.2
2026-01-28 14:00:00+00:00,42182099999,23.24,1015.36,67.7
2026-01-28 15:00:00+00:00,42182099999,22.36,1015.23,68.2
2026-01-28 16:00:00+00:00,42182099999,21.55,1014.87,72.0
2026-01-28 17:00:00+00:00,42182099999,20.51,1015.12,79.5
2026-01-28 18:00:00+00:00,42182099999,19.04,1014.82,78.1
2026-01-28 19:00:00+00:00,42182099999,19.44,1014.61,75.8
2026-01-28 20:00:00+00:00,42182099999,21.13,1014.77,68.6
2026-01-28 21:00:00+00:00,42182099999,21.56,1014.58,70.3
2026-01-28 22:00:00+00:00,42182099999,22.91,1015.01,66.3
2026-01-28 23:00:00+00:00,42182099999,25.74,1014.86,62.1
2026-01-29 00:00:00+00:00,42182099999,28.27,1015.09,61.6
2026-01-29 01:00:00+00:00,42182099999,29.83,1015.16,49.7
2026-01-29 02:00:00+00:00,42182099999,31.51,1013.98,51.0
2026-01-29 03:00:00+00:00,42182099999,33.5,1015.01,47.2
2026-01-29 04:00:00+00:00,42182099999,36.19,1014.37,42.5
2026-01-29 05:00:00+00:00,42182099999,36.24,1014.96,47.1
2026-01-29 06:00:00+00:00,42182099999,36.92,1014.65,39.0
2026-01-29 07:00:00+00:00,42182099999,36.82,1014.95,42.8
2026-01-29 08:00:00+00:00,42182099999,36.17,1015.32,44.6
2026-01-29 09:00:00+00:00,42182099999,34.16,1014.4,41.4
2026-01-29 10:00:00+00:00,42182099999,32.8,1014.97,46.6
2026-01-29 11:00:00+00:00,42182099999,29.8,1014.89,51.6
2026-01-29 12:00:00+00:00,42182099999,27.78,1014.35,60.2
2026-01-29 13:00:00+00:00,42182099999,25.06,1015.11,64.7
2026-01-29 14:00:00+00:00,42182099999,24.18,1014.93,67.7
2026-01-29 15:00:00+00:00,42182099999,21.62,1014.76,70.1
2026-01-29 16:00:00+00:00,42182099999,19.76,1014.7,66.5
2026-01-29 17:00:00+00:00,42182099999,19.1,1015.88,74.2
2026-01-29 18:00:00+00:00,42182099999,18.87,1014.8,72.9
2026-01-29 19:00:00+00:00,42182099999,19.73,1014.37,76.6
2026-01-29 20:00:00+00:00,42182099999,19.25,1014.64,75.5
2026-01-29 21:00:00+00:00,42182099999,21.01,1014.8,75.2
2026-01-29 22:00:00+00:00,42182099999,23.27,1014.8,68.0
2026-01-29 23:00:00+00:00,42182099999,27.19,1014.89,64.4
2026-01-30 00:00:00+00:00,42182099999,28.57,1014.66,55.6
2026-01-30 01:00:00+00:00,42182099999,30.26,1015.14,54.3
2026-01-30 02:00:00+00:00,42182099999,32.93,1014.83,47.1
2026-01-30 03:00:00+00:00,42182099999,35.6,1014.57,49.2
2026-01-30 04:00:00+00:00,42182099999,35.65,1014.73,41.3
2026-01-30 05:00:00+00:00,42182099999,36.47,1014.86,42.2
2026-01-30 06:00:00+00:00,42182099999,37.73,1015.23,40.1
2026-01-30 07:00:00+00:00,42182099999,36.99,1015.12,41.6
2026-01-30 08:00:00+00:00,42182099999,36.2,1014.87,45.5
2026-01-30 09:00:00+00:00,42182099999,34.06,1014.98,45.5
2026-01-30 10:00:00+00:00,42182099999,33.65,1015.04,50.8
2026-01-30 11:00:00+00:00,42182099999,31.36,1015.59,51.5
2026-01-30 12:00:00+00:00,42182099999,28.34,1014.79,61.7
2026-01-30 13:00:00+00:00,42182099999,26.08,1015.12,60.7
2026-01-30 14:00:00+00:00,42182099999,22.28,1015.19,68.8
2026-01-30 15:00:00+00:00,42182099999,22.02,1014.69,74.9
2026-01-30 16:00:00+00:00,42182099999,20.09,1015.03,65.9
2026-01-30 17:00:00+00:00,42182099999,19.57,1015.02,71.1
2026-01-30 18:00:00+00:00,42182099999,19.41,1014.83,73.7
2026-01-30 19:00:00+00:00,42182099999,19.1,1015.15,76.6
2026-01-30 20:00:00+00:00,42182099999,19.19,1015.28,70.8
2026-01-30 21:00:00+00:00,42182099999,21.86,1015.31,70.5
2026-01-30 22:00:00+00:00,42182099999,23.06,1014.92,64.3
2026-01-30 23:00:00+00:00,42182099999,25.47,1015.03,63.8
2026-01-31 00:00:00+00:00,42182099999,27.64,1015.74,55.1
2026-01-31 01:00:00+00:00,42182099999,30.12,1014.7,56.2
2026-01-31 02:00:00+00:00,42182099999,31.11,1015.1,42.6
2026-01-31 03:00:00+00:00,42182099999,35.09,1015.3,42.1
2026-01-31 04:00:00+00:00,42182099999,35.95,1015.08,48.9
2026-01-31 05:00:00+00:00,42182099999,37.36,1015.23,43.2
2026-01-31 06:00:00+00:00,42182099999,38.19,1015.09,39.9
2026-01-31 07:00:00+00:00,42182099999,36.71,1015.26,48.3
2026-01-31 08:00:00+00:00,42182099999,34.71,1015.42,47.0
2026-01-31 09:00:00+00:00,42182099999,33.83,1014.97,49.7
2026-01-31 10:00:00+00:00,42182099999,31.78,1015.09,49.1
2026-01-31 11:00:00+00:00,42182099999,30.03,1015.02,55.6
2026-01-31 12:00:00+00:00,42182099999,28.05,1014.91,59.5
2026-01-31 13:00:00+00:00,42182099999,24.47,1015.03,58.1
2026-01-31 14:00:00+00:00,42182099999,23.71,1014.7,67.7
2026-01-31 15:00:00+00:00,42182099999,20.73,1015.26,69.0
2026-01-31 16:00:00+00:00,42182099999,20.38,1015.55,75.3
2026-01-31 17:00:00+00:00,42182099999,19.24,1015.55,77.0
2026-01-31 18:00:00+00:00,42182099999,18.81,1015.42,72.5
2026-01-31 19:00:00+00:00,42182099999,19.26,1014.75,72.1
2026-01-31 20:00:00+00:00,42182099999,19.88,1015.49,72.5
2026-01-31 21:00:00+00:00,42182099999,21.27,1014.82,71.2
2026-01-31 22:00:00+00:00,42182099999,22.49,1015.02,65.1
2026-01-31 23:00:00+00:00,42182099999,25.65,1015.59,62.0
2026-02-01 00:00:00+00:00,42182099999,29.11,1014.77,59.7
2026-02-01 01:00:00+00:00,42182099999,31.52,1015.35,55.1
2026-02-01 02:00:00+00:00,42182099999,33.29,1015.18,53.1
2026-02-01 03:00:00+00:00,42182099999,34.79,1015.05,47.5
2026-02-01 04:00:00+00:00,42182099999,35.39,1014.83,42.1
2026-02-01 05:00:00+00:00,42182099999,37.56,1015.22,38.2
2026-02-01 06:00:00+00:00,42182099999,36.97,1014.95,44.2
2026-02-01 07:00:00+00:00,42182099999,36.65,1015.41,41.9
2026-02-01 08:00:00+00:00,42182099999,35.62,1015.46,43.4
2026-02-01 09:00:00+00:00,42182099999,34.42,1014.68,46.1
2026-02-01 10:00:00+00:00,42182099999,32.24,1014.94,46.2
2026-02-01 11:00:00+00:00,42182099999,30.28,1015.0,53.0
2026-02-01 12:00:00+00:00,42182099999,27.35,1014.74,51.5
2026-02-01 13:00:00+00:00,42182099999,25.45,1014.76,61.3
2026-02-01 14:00:00+00:00,42182099999,24.87,1015.12,63.9
2026-02-01 15:00:00+00:00,42182099999,21.59,1015.03,74.2
2026-02-01 16:00:00+00:00,42182099999,20.06,1014.6,73.2
2026-02-01 17:00:00+00:00,42182099999,19.63,1014.93,73.1
2026-02-01 18:00:00+00:00,42182099999,19.42,1015.25,74.6
2026-02-01 19:00:00+00:00,42182099999,18.64,1014.73,75.5
2026-02-01 20:00:00+00:00,42182099999,20.08,1014.82,70.1
2026-02-01 21:00:00+00:00,42182099999,22.19,1015.57,68.9
2026-02-01 22:00:00+00:00,42182099999,23.66,1015.49,65.3
2026-02-01 23:00:00+00:00,42182099999,25.74,1014.61,68.7
2026-02-02 00:00:00+00:00,42182099999,28.93,1014.75,58.4
2026-02-02 01:00:00+00:00,42182099999,29.92,1015.27,49.0
2026-02-02 02:00:00+00:00,42182099999,32.55,1014.79,52.2
2026-02-02 03:00:00+00:00,42182099999,34.05,1015.08,53.5
2026-02-02 04:00:00+00:00,42182099999,36.69,1015.02,41.9
2026-02-02 05:00:00+00:00,42182099999,35.52,1015.32,51.6
2026-02-02 06:00:00+00:00,42182099999,36.6,1014.39,42.0
2026-02-02 07:00:00+00:00,42182099999,36.38,1014.49,45.3
2026-02-02 08:00:00+00:00,42182099999,36.19,1014.78,42.9
2026-02-02 09:00:00+00:00,42182099999,34.73,1015.46,46.2
2026-02-02 10:00:00+00:00,42182099999,33.34,1015.11,47.0
2026-02-02 11:00:00+00:00,42182099999,29.38,1014.64,51.3
2026-02-02 12:00:00+00:00,42182099999,28.45,1015.3,52.7
2026-02-02 13:00:00+00:00,42182099999,25.49,1015.36,65.2
2026-02-02 14:00:00+00:00,42182099999,23.1,1015.08,63.2
2026-02-02 15:00:00+00:00,42182099999,21.96,1015.05,70.4
2026-02-02 16:00:00+00:00,42182099999,19.65,1015.28,72.9
2026-02-02 17:00:00+00:00,42182099999,18.06,1015.51,71.9
2026-02-02 18:00:00+00:00,42182099999,18.78,1015.2,74.3
2026-02-02 19:00:00+00:00,42182099999,18.41,1015.31,73.4
2026-02-02 20:00:00+00:00,42182099999,19.82,1015.14,70.7
2026-02-02 21:00:00+00:00,42182099999,21.86,1015.04,69.6
2026-02-02 22:00:00+00:00,42182099999,23.69,1014.88,66.3
2026-02-02 23:00:00+00:00,42182099999,26.62,1015.23,59.7
2026-02-03 00:00:00+00:00,42182099999,27.88,1015.12,54.8
2026-02-03 01:00:00+00:00,42182099999,29.41,1015.14,51.8
2026-02-03 02:00:00+00:00,42182099999,32.05,1015.49,50.5
2026-02-03 03:00:00+00:00,42182099999,33.81,1015.36,50.4
2026-02-03 04:00:00+00:00,42182099999,35.06,1015.47,48.1
2026-02-03 05:00:00+00:00,42182099999,36.95,1014.74,43.5
2026-02-03 06:00:00+00:00,42182099999,36.61,1015.38,44.6
2026-02-03 07:00:00+00:00,42182099999,35.51,1015.03,43.0
2026-02-03 08:00:00+00:00,42182099999,36.21,1014.97,47.1
2026-02-03 09:00:00+00:00,42182099999,34.3,1014.95,47.2
2026-02-03 10:00:00+00:00,42182099999,32.71,1015.57,51.2
2026-02-03 11:00:00+00:00,42182099999,30.39,1015.46,53.3
2026-02-03 12:00:00+00:00,42182099999,28.38,1014.99,58.1
2026-02-03 13:00:00+00:00,42182099999,25.69,1014.87,67.2
2026-02-03 14:00:00+00:00,42182099999,24.24,1015.21,63.1
2026-02-03 15:00:00+00:00,42182099999,21.89,1015.07,69.5
2026-02-03 16:00:00+00:00,42182099999,20.44,1015.71,70.5
2026-02-03 17:00:00+00:00,42182099999,19.55,1014.77,76.1
2026-02-03 18:00:00+00:00,42182099999,18.13,1014.66,78.8
2026-02-03 19:00:00+00:00,42182099999,19.21,1015.13,72.8
2026-02-03 20:00:00+00:00,42182099999,20.05,1015.21,64.8
2026-02-03 21:00:00+00:00,42182099999,21.76,1015.25,71.0
2026-02-03 22:00:00+00:00,42182099999,22.68,1015.44,67.7
2026-02-03 23:00:00+00:00,42182099999,26.65,1015.83,57.9
2026-02-04 00:00:00+00:00,42182099999,28.06,1015.16,57.5
2026-02-04 01:00:00+00:00,42182099999,29.6,1015.1,53.8
2026-02-04 02:00:00+00:00,42182099999,31.47,1014.74,44.2
2026-02-04 03:00:00+00:00,42182099999,34.2,1015.34,48.6
2026-02-04 04:00:00+00:00,42182099999,35.74,1015.52,45.4
2026-02-04 05:00:00+00:00,42182099999,36.26,1015.19,43.3
2026-02-04 06:00:00+00:00,42182099999,37.06,1015.62,39.4
2026-02-04 07:00:00+00:00,42182099999,36.31,1015.28,40.8
2026-02-04 08:00:00+00:00,42182099999,36.13,1015.72,42.6
2026-02-04 09:00:00+00:00,42182099999,33.93,1015.37,48.1
2026-02-04 10:00:00+00:00,42182099999,32.48,1014.95,47.6
2026-02-04 11:00:00+00:00,42182099999,30.92,1015.08,57.8
2026-02-04 12:00:00+00:00,42182099999,29.54,1014.81,59.1
2026-02-04 13:00:00+00:00,42182099999,25.07,1014.75,56.6
2026-02-04 14:00:00+00:00,42182099999,23.22,1015.35,70.5
2026-02-04 15:00:00+00:00,42182099999,21.13,1015.53,69.9
2026-02-04 16:00:00+00:00,42182099999,20.68,1015.85,70.6
2026-02-04 17:00:00+00:00,42182099999,18.62,1015.25,73.9
2026-02-04 18:00:00+00:00,42182099999,18.71,1015.2,69.4
2026-02-04 19:00:00+00:00,42182099999,19.29,1014.93,74.1
2026-02-04 20:00:00+00:00,42182099999,19.62,1015.56,65.6
2026-02-04 21:00:00+00:00,42182099999,21.06,1015.38,66.8
2026-02-04 22:00:00+00:00,42182099999,23.21,1015.09,69.6
2026-02-04 23:00:00+00:00,42182099999,24.41,1015.47,65.5
2026-02-05 00:00:00+00:00,42182099999,27.13,1015.49,57.2
2026-02-05 01:00:00+00:00,42182099999,30.08,1014.76,51.5
2026-02-05 02:00:00+00:00,42182099999,32.59,1015.55,52.5
2026-02-05 03:00:00+00:00,42182099999,34.25,1015.36,46.7
2026-02-05 04:00:00+00:00,42182099999,34.73,1015.21,44.8
2026-02-05 05:00:00+00:00,42182099999,36.42,1015.2,44.3
2026-02-05 06:00:00+00:00,42182099999,37.48,1015.85,39.3
2026-02-05 07:00:00+00:00,42182099999,37.03,1015.78,44.7
2026-02-05 08:00:00+00:00,42182099999,35.75,1015.87,38.8
2026-02-05 09:00:00+00:00,42182099999,33.83,1014.98,50.6
2026-02-05 10:00:00+00:00,42182099999,32.88,1015.13,46.0
2026-02-05 11:00:00+00:00,42182099999,29.98,1015.59,52.3
2026-02-05 12:00:00+00:00,42182099999,27.3,1014.96,56.4
2026-02-05 13:00:00+00:00,42182099999,25.19,1015.11,64.1
2026-02-05 14:00:00+00:00,42182099999,24.37,1014.78,68.1
2026-02-05 15:00:00+00:00,42182099999,21.77,1015.88,70.4
2026-02-05 16:00:00+00:00,42182099999,20.9,1015.64,73.4
2026-02-05 17:00:00+00:00,42182099999,19.02,1015.46,74.8
2026-02-05 18:00:00+00:00,42182099999,19.56,1015.39,73.9
2026-02-05 19:00:00+00:00,42182099999,18.95,1015.2,68.6
2026-02-05 20:00:00+00:00,42182099999,20.11,1015.2,66.0
2026-02-05 21:00:00+00:00,42182099999,23.13,1015.51,63.4
2026-02-05 22:00:00+00:00,42182099999,23.96,1015.11,66.0
2026-02-05 23:00:00+00:00,42182099999,25.37,1015.69,61.7
2026-02-06 00:00:00+00:00,42182099999,27.95,1015.23,57.7
2026-02-06 01:00:00+00:00,42182099999,30.53,1015.12,54.5
2026-02-06 02:00:00+00:00,42182099999,33.23,1015.77,49.5
2026-02-06 03:00:00+00:00,42182099999,34.07,1015.34,44.2
2026-02-06 04:00:00+00:00,42182099999,34.75,1015.55,40.3
2026-02-06 05:00:00+00:00,42182099999,36.53,1015.25,37.7
2026-02-06 06:00:00+00:00,42182099999,37.01,1014.7,45.3
2026-02-06 07:00:00+00:00,42182099999,36.76,1015.54,45.0
2026-02-06 08:00:00+00:00,42182099999,36.58,1014.97,40.7
2026-02-06 09:00:00+00:00,42182099999,34.55,1015.7,46.1
2026-02-06 10:00:00+00:00,42182099999,32.99,1014.91,51.2
2026-02-06 11:00:00+00:00,42182099999,29.67,1014.82,58.1
2026-02-06 12:00:00+00:00,42182099999,28.52,1015.47,56.5
2026-02-06 13:00:00+00:00,42182099999,26.93,1015.51,62.7
2026-02-06 14:00:00+00:00,42182099999,23.96,1015.41,69.1
2026-02-06 15:00:00+00:00,42182099999,21.79,1015.01,64.9
2026-02-06 16:00:00+00:00,42182099999,20.3,1015.65,70.0
2026-02-06 17:00:00+00:00,42182099999,20.38,1014.94,73.4
2026-02-06 18:00:00+00:00,42182099999,18.44,1015.24,72.2
2026-02-06 19:00:00+00:00,42182099999,19.24,1015.14,79.1
2026-02-06 20:00:00+00:00,42182099999,20.48,1015.27,74.2
2026-02-06 21:00:00+00:00,42182099999,22.08,1015.63,69.9
2026-02-06 22:00:00+00:00,42182099999,23.24,1015.19,63.6
2026-02-06 23:00:00+00:00,42182099999,25.86,1015.55,64.5
2026-02-07 00:00:00+00:00,42182099999,27.83,1015.64,59.7
2026-02-07 01:00:00+00:00,42182099999,30.4,1014.92,52.6
2026-02-07 02:00:00+00:00,42182099999,32.42,1015.08,48.9
2026-02-07 03:00:00+00:00,42182099999,33.68,1015.32,42.9
2026-02-07 04:00:00+00:00,42182099999,35.78,1015.26,44.0
2026-02-07 05:00:00+00:00,42182099999,37.22,1015.53,44.9
2026-02-07 06:00:00+00:00,42182099999,36.42,1014.85,44.7
2026-02-07 07:00:00+00:00,42182099999,36.55,1015.65,44.1
2026-02-07 08:00:00+00:00,42182099999,36.19,1015.66,46.4
2026-02-07 09:00:00+00:00,42182099999,33.72,1015.38,45.2
2026-02-07 10:00:00+00:00,42182099999,32.61,1015.02,48.8
2026-02-07 11:00:00+00:00,42182099999,29.69,1015.44,57.1
2026-02-07 12:00:00+00:00,42182099999,28.68,1015.27,59.3
2026-02-07 13:00:00+00:00,42182099999,27.06,1015.6,60.1
2026-02-07 14:00:00+00:00,42182099999,24.71,1015.41,67.4
2026-02-07 15:00:00+00:00,42182099999,21.5,1015.65,71.6
2026-02-07 16:00:00+00:00,42182099999,20.65,1015.3,73.8
2026-02-07 17:00:00+00:00,42182099999,19.38,1015.87,73.8
2026-02-07 18:00:00+00:00,42182099999,19.06,1014.74,72.7
2026-02-07 19:00:00+00:00,42182099999,20.24,1015.13,74.6
2026-02-07 20:00:00+00:00,42182099999,19.41,1015.58,76.3
2026-02-07 21:00:00+00:00,42182099999,22.27,1014.98,69.8
2026-02-07 22:00:00+00:00,42182099999,23.47,1015.65,64.3
2026-02-07 23:00:00+00:00,42182099999,26.52,1015.07,63.1
2026-02-08 00:00:00+00:00,42182099999,28.11,1015.52,54.9
2026-02-08 01:00:00+00:00,42182099999,29.93,1015.21,54.5
2026-02-08 02:00:00+00:00,42182099999,32.67,1015.36,49.3
2026-02-08 03:00:00+00:00,42182099999,34.81,1015.54,49.3
2026-02-08 04:00:00+00:00,42182099999,35.82,1015.46,44.5
2026-02-08 05:00:00+00:00,42182099999,36.99,1015.37,45.3
2026-02-08 06:00:00+00:00,42182099999,36.69,1016.13,48.1
2026-02-08 07:00:00+00:00,42182099999,35.41,1015.49,42.0
2026-02-08 08:00:00+00:00,42182099999,36.33,1015.2,42.0
2026-02-08 09:00:00+00:00,42182099999,34.78,1015.77,47.9
2026-02-08 10:00:00+00:00,42182099999,32.59,1015.73,49.8
2026-02-08 11:00:00+00:00,42182099999,30.37,1015.86,54.3
2026-02-08 12:00:00+00:00,42182099999,28.62,1016.02,56.5
2026-02-08 13:00:00+00:00,42182099999,25.4,1015.21,63.7
2026-02-08 14:00:00+00:00,42182099999,23.08,1015.81,66.2
2026-02-08 15:00:00+00:00,42182099999,21.52,1015.83,63.7
2026-02-08 16:00:00+00:00,42182099999,20.92,1015.49,71.3
2026-02-08 17:00:00+00:00,42182099999,18.47,1015.56,74.4
2026-02-08 18:00:00+00:00,42182099999,19.72,1014.59,77.1
2026-02-08 19:00:00+00:00,42182099999,18.92,1015.32,72.0
2026-02-08 20:00:00+00:00,42182099999,19.55,1016.02,69.8
2026-02-08 21:00:00+00:00,42182099999,22.39,1014.95,72.4
2026-02-08 22:00:00+00:00,42182099999,23.44,1015.33,64.5
2026-02-08 23:00:00+00:00,42182099999,24.89,1015.57,62.5
2026-02-09 00:00:00+00:00,42182099999,27.78,1015.71,59.3
2026-02-09 01:00:00+00:00,42182099999,30.89,1016.03,55.8
2026-02-09 02:00:00+00:00,42182099999,33.22,1015.01,50.1
2026-02-09 03:00:00+00:00,42182099999,34.11,1015.55,43.9
2026-02-09 04:00:00+00:00,42182099999,36.04,1015.8,46.8
2026-02-09 05:00:00+00:00,42182099999,37.12,1015.15,41.5
2026-02-09 06:00:00+00:00,42182099999,36.61,1015.53,40.7
2026-02-09 07:00:00+00:00,42182099999,36.91,1016.11,47.8
2026-02-09 08:00:00+00:00,42182099999,35.78,1015.94,46.5
2026-02-09 09:00:00+00:00,42182099999,34.04,1015.7,44.0
2026-02-09 10:00:00+00:00,42182099999,32.2,1014.76,48.8
2026-02-09 11:00:00+00:00,42182099999,30.37,1015.5,53.3
2026-02-09 12:00:00+00:00,42182099999,28.02,1015.66,56.1
2026-02-09 13:00:00+00:00,42182099999,25.33,1015.45,57.2
2026-02-09 14:00:00+00:00,42182099999,23.24,1015.52,68.1
2026-02-09 15:00:00+00:00,42182099999,22.3,1016.47,71.4
2026-02-09 16:00:00+00:00,42182099999,20.33,1015.48,72.5
2026-02-09 17:00:00+00:00,42182099999,19.84,1015.25,72.5
2026-02-09 18:00:00+00:00,42182099999,19.72,1015.61,74.6
2026-02-09 19:00:00+00:00,42182099999,19.66,1015.45,75.2
2026-02-09 20:00:00+00:00,42182099999,21.57,1015.45,69.2
2026-02-09 21:00:00+00:00,42182099999,21.14,1015.52,68.5
2026-02-09 22:00:00+00:00,42182099999,23.99,1015.77,64.6
2026-02-09 23:00:00+00:00,42182099999,25.48,1015.61,64.0
2026-02-10 00:00:00+00:00,42182099999,29.11,1015.23,58.7
2026-02-10 01:00:00+00:00,42182099999,31.35,1015.55,50.5
2026-02-10 02:00:00+00:00,42182099999,31.33,1015.74,48.4
2026-02-10 03:00:00+00:00,42182099999,33.78,1015.45,51.3
2026-02-10 04:00:00+00:00,42182099999,36.19,1015.94,41.7
2026-02-10 05:00:00+00:00,42182099999,37.17,1015.83,43.0
2026-02-10 06:00:00+00:00,42182099999,37.44,1015.3,40.4
2026-02-10 07:00:00+00:00,42182099999,36.65,1015.69,45.8
2026-02-10 08:00:00+00:00,42182099999,36.07,1016.19,44.0
2026-02-10 09:00:00+00:00,42182099999,34.76,1016.06,45.6
2026-02-10 10:00:00+00:00,42182099999,32.45,1015.58,47.0
2026-02-10 11:00:00+00:00,42182099999,30.95,1015.86,53.3
2026-02-10 12:00:00+00:00,42182099999,26.64,1015.39,60.2
2026-02-10 13:00:00+00:00,42182099999,26.05,1015.16,63.9
2026-02-10 14:00:00+00:00,42182099999,22.88,1015.76,62.6
2026-02-10 15:00:00+00:00,42182099999,22.21,1015.67,73.4
2026-02-10 16:00:00+00:00,42182099999,20.07,1015.75,71.3
2026-02-10 17:00:00+00:00,42182099999,18.77,1015.59,70.8
2026-02-10 18:00:00+00:00,42182099999,19.22,1015.69,74.4
2026-02-10 19:00:00+00:00,42182099999,18.76,1015.44,71.9
2026-02-10 20:00:00+00:00,42182099999,19.66,1015.74,70.4
2026-02-10 21:00:00+00:00,42182099999,20.7,1015.84,67.7
2026-02-10 22:00:00+00:00,42182099999,23.48,1015.58,65.8
2026-02-10 23:00:00+00:00,42182099999,25.97,1015.84,60.9
2026-02-11 00:00:00+00:00,42182099999,28.61,1015.12,53.6
2026-02-11 01:00:00+00:00,42182099999,30.24,1015.41,55.2
2026-02-11 02:00:00+00:00,42182099999,33.13,1016.08,48.7
2026-02-11 03:00:00+00:00,42182099999,34.37,1016.18,49.8
2026-02-11 04:00:00+00:00,42182099999,35.74,1015.72,45.6
2026-02-11 05:00:00+00:00,42182099999,37.04,1015.62,44.2
2026-02-11 06:00:00+00:00,42182099999,37.64,1015.27,42.5
2026-02-11 07:00:00+00:00,42182099999,36.49,1015.76,45.9
2026-02-11 08:00:00+00:00,42182099999,35.65,1015.88,43.3
2026-02-11 09:00:00+00:00,42182099999,34.27,1015.2,44.1
2026-02-11 10:00:00+00:00,42182099999,32.55,1015.81,50.9
2026-02-11 11:00:00+00:00,42182099999,29.79,1015.79,46.9
2026-02-11 12:00:00+00:00,42182099999,28.62,1015.78,57.1
2026-02-11 13:00:00+00:00,42182099999,25.43,1015.31,62.7
2026-02-11 14:00:00+00:00,42182099999,23.78,1015.81,65.0
2026-02-11 15:00:00+00:00,42182099999,21.14,1015.2,72.6
2026-02-11 16:00:00+00:00,42182099999,20.42,1016.09,73.7
2026-02-11 17:00:00+00:00,42182099999,19.54,1015.69,73.8
2026-02-11 18:00:00+00:00,42182099999,18.75,1015.3,73.0
2026-02-11 19:00:00+00:00,42182099999,20.52,1016.05,76.3
2026-02-11 20:00:00+00:00,42182099999,20.43,1015.99,70.1
2026-02-11 21:00:00+00:00,42182099999,22.7,1015.45,68.3
2026-02-11 22:00:00+00:00,42182099999,24.08,1016.31,68.0
2026-02-11 23:00:00+00:00,42182099999,25.27,1015.35,63.7
2026-02-12 00:00:00+00:00,42182099999,27.77,1015.79,63.3
2026-02-12 01:00:00+00:00,42182099999,30.59,1016.05,53.3
2026-02-12 02:00:00+00:00,42182099999,32.54,1015.02,45.2
2026-02-12 03:00:00+00:00,42182099999,34.39,1016.0,48.4
2026-02-12 04:00:00+00:00,42182099999,35.62,1015.68,47.4
2026-02-12 05:00:00+00:00,42182099999,35.61,1015.69,42.1
2026-02-12 06:00:00+00:00,42182099999,36.86,1015.37,46.0
2026-02-12 07:00:00+00:00,42182099999,35.36,1015.8,47.2
2026-02-12 08:00:00+00:00,42182099999,36.02,1015.36,42.4
2026-02-12 09:00:00+00:00,42182099999,33.93,1015.41,45.5
2026-02-12 10:00:00+00:00,42182099999,32.07,1015.56,46.8
2026-02-12 11:00:00+00:00,42182099999,30.2,1015.33,55.3
2026-02-12 12:00:00+00:00,42182099999,28.16,1016.17,59.9
2026-02-12 13:00:00+00:00,42182099999,24.81,1015.3,63.7
2026-02-12 14:00:00+00:00,42182099999,22.45,1015.47,62.8
2026-02-12 15:00:00+00:00,42182099999,21.0,1015.6,67.4
2026-02-12 16:00:00+00:00,42182099999,18.98,1015.7,68.2
2026-02-12 17:00:00+00:00,42182099999,18.73,1015.94,69.3
2026-02-12 18:00:00+00:00,42182099999,19.95,1015.94,70.5
2026-02-12 19:00:00+00:00,42182099999,18.67,1015.61,69.4
2026-02-12 20:00:00+00:00,42182099999,20.6,1015.58,71.4
2026-02-12 21:00:00+00:00,42182099999,20.81,1015.71,70.4
2026-02-12 22:00:00+00:00,42182099999,23.68,1015.94,67.6
2026-02-12 23:00:00+00:00,42182099999,25.48,1015.91,62.1
2026-02-13 00:00:00+00:00,42182099999,27.96,1015.59,56.3
2026-02-13 01:00:00+00:00,42182099999,30.67,1015.13,53.8
2026-02-13 02:00:00+00:00,42182099999,33.55,1016.39,51.5
2026-02-13 03:00:00+00:00,42182099999,34.48,1016.03,45.9
2026-02-13 04:00:00+00:00,42182099999,35.87,1015.83,44.3
2026-02-13 05:00:00+00:00,42182099999,36.11,1015.85,41.8
2026-02-13 06:00:00+00:00,42182099999,37.35,1015.59,40.7
2026-02-13 07:00:00+00:00,42182099999,36.55,1015.45,42.6
2026-02-13 08:00:00+00:00,42182099999,36.29,1015.65,41.3
2026-02-13 09:00:00+00:00,42182099999,34.34,1015.68,49.4
2026-02-13 10:00:00+00:00,42182099999,33.54,1015.56,46.0
2026-02-13 11:00:00+00:00,42182099999,29.14,1015.31,55.1
2026-02-13 12:00:00+00:00,42182099999,27.82,1015.65,54.5
2026-02-13 13:00:00+00:00,42182099999,26.2,1015.92,66.0
2026-02-13 14:00:00+00:00,42182099999,23.29,1015.6,68.2
2026-02-13 15:00:00+00:00,42182099999,21.16,1015.75,67.2
2026-02-13 16:00:00+00:00,42182099999,20.05,1015.13,70.7
2026-02-13 17:00:00+00:00,42182099999,18.48,1015.69,70.6
2026-02-13 18:00:00+00:00,42182099999,19.07,1015.71,73.9
2026-02-13 19:00:00+00:00,42182099999,20.77,1015.38,74.5
2026-02-13 20:00:00+00:00,42182099999,20.89,1015.23,78.4
2026-02-13 21:00:00+00:00,42182099999,20.97,1015.87,65.8
2026-02-13 22:00:00+00:00,42182099999,22.98,1015.51,69.2
2026-02-13 23:00:00+00:00,42182099999,25.43,1015.89,60.6
2026-02-14 00:00:00+00:00,42182099999,28.6,1015.67,58.7
2026-02-14 01:00:00+00:00,42182099999,29.84,1015.98,56.1
2026-02-14 02:00:00+00:00,42182099999,32.09,1015.7,51.4
2026-02-14 03:00:00+00:00,42182099999,34.89,1015.35,47.8
2026-02-14 04:00:00+00:00,42182099999,36.31,1015.77,43.6
2026-02-14 05:00:00+00:00,42182099999,36.47,1015.7,42.5
2026-02-14 06:00:00+00:00,42182099999,36.33,1016.0,42.4
2026-02-14 07:00:00+00:00,42182099999,35.76,1015.66,45.6
2026-02-14 08:00:00+00:00,42182099999,35.37,1015.68,40.4
2026-02-14 09:00:00+00:00,42182099999,33.03,1016.06,45.4
2026-02-14 10:00:00+00:00,42182099999,32.95,1016.15,46.8
2026-02-14 11:00:00+00:00,42182099999,29.95,1016.03,51.4
2026-02-14 12:00:00+00:00,42182099999,28.29,1016.11,55.9
2026-02-14 13:00:00+00:00,42182099999,26.79,1015.93,65.0
2026-02-14 14:00:00+00:00,42182099999,24.2,1016.03,71.5
2026-02-14 15:00:00+00:00,42182099999,20.95,1016.06,72.8
2026-02-14 16:00:00+00:00,42182099999,20.73,1015.92,68.8
2026-02-14 17:00:00+00:00,42182099999,20.0,1015.82,73.6
2026-02-14 18:00:00+00:00,42182099999,18.55,1015.84,71.1
2026-02-14 19:00:00+00:00,42182099999,18.73,1016.52,74.6
2026-02-14 20:00:00+00:00,42182099999,20.14,1015.8,75.1
2026-02-14 21:00:00+00:00,42182099999,20.68,1015.73,70.8
2026-02-14 22:00:00+00:00,42182099999,24.38,1015.69,68.2
2026-02-14 23:00:00+00:00,42182099999,24.23,1015.79,61.8
2026-02-15 00:00:00+00:00,42182099999,27.34,1015.92,52.9
2026-02-15 01:00:00+00:00,42182099999,30.17,1015.51,48.8
2026-02-15 02:00:00+00:00,42182099999,32.36,1015.25,49.7
2026-02-15 03:00:00+00:00,42182099999,34.46,1015.94,48.2
2026-02-15 04:00:00+00:00,42182099999,35.96,1015.36,47.4
2026-02-15 05:00:00+00:00,42182099999,36.57,1015.92,41.6
2026-02-15 06:00:00+00:00,42182099999,37.68,1015.89,42.2
2026-02-15 07:00:00+00:00,42182099999,35.41,1016.19,43.2
2026-02-15 08:00:00+00:00,42182099999,35.79,1016.35,46.9
2026-02-15 09:00:00+00:00,42182099999,33.94,1015.96,46.5
2026-02-15 10:00:00+00:00,42182099999,32.58,1015.68,47.2
2026-02-15 11:00:00+00:00,42182099999,30.46,1015.49,56.6
2026-02-15 12:00:00+00:00,42182099999,27.45,1015.61,59.1
2026-02-15 13:00:00+00:00,42182099999,25.29,1015.86,63.1
2026-02-15 14:00:00+00:00,42182099999,23.98,1015.23,62.7
2026-02-15 15:00:00+00:00,42182099999,21.85,1015.87,69.3
2026-02-15 16:00:00+00:00,42182099999,19.8,1015.84,67.4
2026-02-15 17:00:00+00:00,42182099999,20.53,1016.04,68.3
2026-02-15 18:00:00+00:00,42182099999,20.39,1015.75,73.4
2026-02-15 19:00:00+00:00,42182099999,18.43,1015.88,72.3
2026-02-15 20:00:00+00:00,42182099999,20.39,1015.63,73.3
2026-02-15 21:00:00+00:00,42182099999,23.14,1015.71,73.0
2026-02-15 22:00:00+00:00,42182099999,23.97,1015.31,65.9
2026-02-15 23:00:00+00:00,42182099999,25.8,1015.88,66.7
2026-02-16 00:00:00+00:00,42182099999,27.88,1016.36,56.5
2026-02-16 01:00:00+00:00,42182099999,30.0,1015.94,55.8
2026-02-16 02:00:00+00:00,42182099999,32.37,1016.0,46.7
2026-02-16 03:00:00+00:00,42182099999,34.03,1015.6,47.0
2026-02-16 04:00:00+00:00,42182099999,36.24,1016.32,43.3
2026-02-16 05:00:00+00:00,42182099999,36.45,1015.66,42.0
2026-02-16 06:00:00+00:00,42182099999,36.74,1016.14,43.5
2026-02-16 07:00:00+00:00,42182099999,35.97,1015.93,37.7
2026-02-16 08:00:00+00:00,42182099999,35.76,1015.61,44.4
2026-02-16 09:00:00+00:00,42182099999,33.83,1016.2,44.6
2026-02-16 10:00:00+00:00,42182099999,32.39,1015.9,50.3
2026-02-16 11:00:00+00:00,42182099999,30.95,1015.95,54.9
2026-02-16 12:00:00+00:00,42182099999,28.22,1016.03,57.0
2026-02-16 13:00:00+00:00,42182099999,25.97,1015.89,61.2
2026-02-16 14:00:00+00:00,42182099999,23.71,1015.78,63.0
2026-02-16 15:00:00+00:00,42182099999,21.67,1016.03,70.7
2026-02-16 16:00:00+00:00,42182099999,20.13,1015.77,70.1
2026-02-16 17:00:00+00:00,42182099999,19.12,1015.91,74.6
2026-02-16 18:00:00+00:00,42182099999,19.46,1015.69,70.3
2026-02-16 19:00:00+00:00,42182099999,18.66,1015.45,77.0
2026-02-16 20:00:00+00:00,42182099999,21.01,1015.69,69.2
2026-02-16 21:00:00+00:00,42182099999,21.66,1015.75,72.3
2026-02-16 22:00:00+00:00,42182099999,23.05,1015.9,64.8
2026-02-16 23:00:00+00:00,42182099999,25.38,1016.25,63.5
2026-02-17 00:00:00+00:00,42182099999,27.59,1015.43,57.6
2026-02-17 01:00:00+00:00,42182099999,30.43,1015.98,55.6
2026-02-17 02:00:00+00:00,42182099999,32.07,1015.28,50.0
2026-02-17 03:00:00+00:00,42182099999,35.05,1015.63,49.9
2026-02-17 04:00:00+00:00,42182099999,35.33,1015.79,45.9
2026-02-17 05:00:00+00:00,42182099999,35.33,1015.27,44.3
2026-02-17 06:00:00+00:00,42182099999,36.56,1015.38,46.3
2026-02-17 07:00:00+00:00,42182099999,35.49,1015.99,40.8
2026-02-17 08:00:00+00:00,42182099999,35.77,1015.96,47.5
2026-02-17 09:00:00+00:00,42182099999,35.0,1015.91,46.9
2026-02-17 10:00:00+00:00,42182099999,32.89,1015.7,46.2
2026-02-17 11:00:00+00:00,42182099999,29.53,1016.59,55.1
2026-02-17 12:00:00+00:00,42182099999,27.54,1015.89,57.5
2026-02-17 13:00:00+00:00,42182099999,26.74,1015.68,66.5
2026-02-17 14:00:00+00:00,42182099999,23.69,1016.45,64.7
2026-02-17 15:00:00+00:00,42182099999,21.64,1016.13,69.4
2026-02-17 16:00:00+00:00,42182099999,20.84,1015.83,72.5
2026-02-17 17:00:00+00:00,42182099999,20.78,1016.3,68.6
2026-02-17 18:00:00+00:00,42182099999,19.78,1015.99,75.3
2026-02-17 19:00:00+00:00,42182099999,19.39,1016.13,70.9
2026-02-17 20:00:00+00:00,42182099999,20.42,1016.01,75.5
2026-02-17 21:00:00+00:00,42182099999,22.01,1015.63,73.6
2026-02-17 22:00:00+00:00,42182099999,23.13,1016.23,66.0
2026-02-17 23:00:00+00:00,42182099999,25.04,1015.99,58.1
2026-02-18 00:00:00+00:00,42182099999,28.03,1015.69,58.5
2026-02-18 01:00:00+00:00,42182099999,29.76,1015.76,54.3
2026-02-18 02:00:00+00:00,42182099999,32.46,1016.27,51.8
2026-02-18 03:00:00+00:00,42182099999,34.42,1015.88,45.9
2026-02-18 04:00:00+00:00,42182099999,37.2,1016.0,41.1
2026-02-18 05:00:00+00:00,42182099999,36.18,1016.18,42.2
2026-02-18 06:00:00+00:00,42182099999,36.93,1016.03,39.6
2026-02-18 07:00:00+00:00,42182099999,36.59,1015.53,47.1
2026-02-18 08:00:00+00:00,42182099999,36.06,1016.18,42.3
2026-02-18 09:00:00+00:00,42182099999,34.99,1016.27,45.0
2026-02-18 10:00:00+00:00,42182099999,32.21,1016.25,49.9
2026-02-18 11:00:00+00:00,42182099999,29.84,1016.47,50.7
2026-02-18 12:00:00+00:00,42182099999,27.02,1016.1,56.9
2026-02-18 13:00:00+00:00,42182099999,25.11,1016.22,61.8
2026-02-18 14:00:00+00:00,42182099999,23.82,1016.46,64.7
2026-02-18 15:00:00+00:00,42182099999,21.66,1015.9,68.7
2026-02-18 16:00:00+00:00,42182099999,19.6,1016.51,75.0
2026-02-18 17:00:00+00:00,42182099999,19.08,1016.51,74.6
2026-02-18 18:00:00+00:00,42182099999,19.02,1016.22,70.6
2026-02-18 19:00:00+00:00,42182099999,19.61,1016.54,72.4
2026-02-18 20:00:00+00:00,42182099999,19.85,1016.24,73.8
2026-02-18 21:00:00+00:00,42182099999,21.49,1015.72,67.6
2026-02-18 22:00:00+00:00,42182099999,22.41,1016.33,66.2
2026-02-18 23:00:00+00:00,42182099999,24.98,1016.09,62.1
2026-02-19 00:00:00+00:00,42182099999,28.97,1016.16,59.4
2026-02-19 01:00:00+00:00,42182099999,29.02,1016.08,53.4
2026-02-19 02:00:00+00:00,42182099999,32.3,1016.44,49.6
2026-02-19 03:00:00+00:00,42182099999,34.5,1016.2,44.5
2026-02-19 04:00:00+00:00,42182099999,35.57,1015.82,45.1
2026-02-19 05:00:00+00:00,42182099999,36.21,1016.18,40.2
2026-02-19 06:00:00+00:00,42182099999,36.96,1016.25,46.4
2026-02-19 07:00:00+00:00,42182099999,36.69,1015.82,42.5
2026-02-19 08:00:00+00:00,42182099999,35.74,1015.9,43.6
2026-02-19 09:00:00+00:00,42182099999,33.24,1015.92,48.7
2026-02-19 10:00:00+00:00,42182099999,32.41,1015.85,49.8
2026-02-19 11:00:00+00:00,42182099999,29.82,1016.14,54.1
2026-02-19 12:00:00+00:00,42182099999,27.67,1016.34,57.9
2026-02-19 13:00:00+00:00,42182099999,25.81,1016.6,60.3
2026-02-19 14:00:00+00:00,42182099999,23.88,1016.39,63.6
2026-02-19 15:00:00+00:00,42182099999,22.17,1016.34,67.5
2026-02-19 16:00:00+00:00,42182099999,19.91,1016.38,74.8
2026-02-19 17:00:00+00:00,42182099999,19.86,1016.43,71.8
2026-02-19 18:00:00+00:00,42182099999,19.7,1015.92,73.0
2026-02-19 19:00:00+00:00,42182099999,19.99,1016.24,72.3
2026-02-19 20:00:00+00:00,42182099999,21.04,1016.13,73.6
2026-02-19 21:00:00+00:00,42182099999,21.55,1015.99,74.4
2026-02-19 22:00:00+00:00,42182099999,23.4,1015.9,63.6
2026-02-19 23:00:00+00:00,42182099999,26.17,1015.88,63.5
2026-02-20 00:00:00+00:00,42182099999,27.18,1016.0,58.3
2026-02-20 01:00:00+00:00,42182099999,30.46,1015.71,53.1
2026-02-20 02:00:00+00:00,42182099999,32.18,1016.23,51.3
2026-02-20 03:00:00+00:00,42182099999,34.14,1016.07,43.4
2026-02-20 04:00:00+00:00,42182099999,34.75,1016.11,46.3
2026-02-20 05:00:00+00:00,42182099999,36.16,1016.18,43.1
2026-02-20 06:00:00+00:00,42182099999,36.99,1016.3,39.4
2026-02-20 07:00:00+00:00,42182099999,37.23,1015.9,46.6
2026-02-20 08:00:00+00:00,42182099999,36.39,1016.05,46.3
2026-02-20 09:00:00+00:00,42182099999,34.32,1015.6,49.7
2026-02-20 10:00:00+00:00,42182099999,32.39,1015.41,46.3
2026-02-20 11:00:00+00:00,42182099999,29.83,1015.5,53.2
2026-02-20 12:00:00+00:00,42182099999,28.24,1016.54,56.7
2026-02-20 13:00:00+00:00,42182099999,25.52,1015.53,63.7
2026-02-20 14:00:00+00:00,42182099999,23.86,1016.22,69.5
2026-02-20 15:00:00+00:00,42182099999,22.69,1016.52,64.4
2026-02-20 16:00:00+00:00,42182099999,20.19,1015.94,71.9
2026-02-20 17:00:00+00:00,42182099999,18.41,1016.57,73.1
2026-02-20 18:00:00+00:00,42182099999,18.48,1016.63,76.6
2026-02-20 19:00:00+00:00,42182099999,18.43,1016.36,73.4
2026-02-20 20:00:00+00:00,42182099999,19.49,1016.79,68.6
2026-02-20 21:00:00+00:00,42182099999,22.42,1016.26,68.8
2026-02-20 22:00:00+00:00,42182099999,23.64,1015.86,63.3
2026-02-20 23:00:00+00:00,42182099999,24.76,1016.23,60.2
2026-02-21 00:00:00+00:00,42182099999,28.39,1015.99,58.1
2026-02-21 01:00:00+00:00,42182099999,31.09,1015.73,52.6
2026-02-21 02:00:00+00:00,42182099999,32.28,1015.74,50.7
2026-02-21 03:00:00+00:00,42182099999,33.96,1016.82,42.8
2026-02-21 04:00:00+00:00,42182099999,35.59,1015.96,50.1
2026-02-21 05:00:00+00:00,42182099999,36.86,1016.12,45.8
2026-02-21 06:00:00+00:00,42182099999,37.38,1015.92,43.8
2026-02-21 07:00:00+00:00,42182099999,37.4,1016.16,39.2
2026-02-21 08:00:00+00:00,42182099999,36.52,1016.05,38.6
2026-02-21 09:00:00+00:00,42182099999,35.08,1016.0,44.5
2026-02-21 10:00:00+00:00,42182099999,33.32,1015.76,49.4
2026-02-21 11:00:00+00:00,42182099999,30.73,1015.7,59.6
2026-02-21 12:00:00+00:00,42182099999,27.08,1015.9,61.3
2026-02-21 13:00:00+00:00,42182099999,25.59,1016.21,60.8
2026-02-21 14:00:00+00:00,42182099999,23.69,1016.75,69.1
2026-02-21 15:00:00+00:00,42182099999,21.41,1016.44,72.4
2026-02-21 16:00:00+00:00,42182099999,20.75,1016.67,71.9
2026-02-21 17:00:00+00:00,42182099999,19.09,1016.27,76.6
2026-02-21 18:00:00+00:00,42182099999,18.44,1016.1,74.8
2026-02-21 19:00:00+00:00,42182099999,20.17,1015.73,71.8
2026-02-21 20:00:00+00:00,42182099999,20.61,1016.13,68.9
2026-02-21 21:00:00+00:00,42182099999,21.77,1015.48,69.0
2026-02-21 22:00:00+00:00,42182099999,24.06,1016.04,68.6
2026-02-21 23:00:00+00:00,42182099999,26.31,1016.61,58.7
2026-02-22 00:00:00+00:00,42182099999,28.2,1016.27,53.9
2026-02-22 01:00:00+00:00,42182099999,28.85,1016.51,55.3
2026-02-22 02:00:00+00:00,42182099999,32.09,1016.05,43.1
2026-02-22 03:00:00+00:00,42182099999,34.09,1015.76,51.3
2026-02-22 04:00:00+00:00,42182099999,35.2,1016.03,43.0
2026-02-22 05:00:00+00:00,42182099999,36.81,1016.05,44.4
2026-02-22 06:00:00+00:00,42182099999,37.72,1016.53,46.8
2026-02-22 07:00:00+00:00,42182099999,36.4,1016.76,38.8
2026-02-22 08:00:00+00:00,42182099999,35.11,1015.95,41.5
2026-02-22 09:00:00+00:00,42182099999,35.58,1016.06,52.4
2026-02-22 10:00:00+00:00,42182099999,32.23,1016.13,49.3
2026-02-22 11:00:00+00:00,42182099999,29.59,1016.07,53.5
2026-02-22 12:00:00+00:00,42182099999,28.14,1015.8,58.6
2026-02-22 13:00:00+00:00,42182099999,25.93,1016.2,64.8
2026-02-22 14:00:00+00:00,42182099999,23.08,1016.28,69.4
2026-02-22 15:00:00+00:00,42182099999,22.11,1016.29,69.6
2026-02-22 16:00:00+00:00,42182099999,19.91,1015.81,71.0
2026-02-22 17:00:00+00:00,42182099999,18.75,1016.14,73.4
2026-02-22 18:00:00+00:00,42182099999,19.11,1015.65,74.8
2026-02-22 19:00:00+00:00,42182099999,19.77,1016.45,76.8
2026-02-22 20:00:00+00:00,42182099999,19.83,1015.87,72.2
2026-02-22 21:00:00+00:00,42182099999,21.83,1016.09,74.0
2026-02-22 22:00:00+00:00,42182099999,23.44,1016.04,63.8
2026-02-22 23:00:00+00:00,42182099999,27.37,1016.0,63.5
2026-02-23 00:00:00+00:00,42182099999,27.57,1015.9,62.5
2026-02-23 01:00:00+00:00,42182099999,31.16,1015.68,57.2
2026-02-23 02:00:00+00:00,42182099999,32.47,1016.73,50.8
2026-02-23 03:00:00+00:00,42182099999,34.29,1016.29,44.4
2026-02-23 04:00:00+00:00,42182099999,36.23,1016.29,42.3
2026-02-23 05:00:00+00:00,42182099999,37.23,1016.84,42.1
2026-02-23 06:00:00+00:00,42182099999,37.76,1016.18,42.8
2026-02-23 07:00:00+00:00,42182099999,36.89,1016.38,41.9
2026-02-23 08:00:00+00:00,42182099999,35.43,1016.22,40.4
2026-02-23 09:00:00+00:00,42182099999,34.04,1016.57,44.8
2026-02-23 10:00:00+00:00,42182099999,32.81,1016.37,51.3
2026-02-23 11:00:00+00:00,42182099999,30.68,1016.31,56.0
2026-02-23 12:00:00+00:00,42182099999,28.84,1016.14,54.4
2026-02-23 13:00:00+00:00,42182099999,25.92,1016.3,61.2
2026-02-23 14:00:00+00:00,42182099999,24.14,1016.56,61.7
2026-02-23 15:00:00+00:00,42182099999,22.55,1015.59,67.9
2026-02-23 16:00:00+00:00,42182099999,20.3,1016.18,80.9
2026-02-23 17:00:00+00:00,42182099999,18.42,1016.09,73.6
2026-02-23 18:00:00+00:00,42182099999,18.29,1016.12,73.1
2026-02-23 19:00:00+00:00,42182099999,18.44,1015.62,71.9
2026-02-23 20:00:00+00:00,42182099999,21.16,1016.43,68.8
2026-02-23 21:00:00+00:00,42182099999,21.13,1015.96,64.6
2026-02-23 22:00:00+00:00,42182099999,24.24,1016.15,65.9
2026-02-23 23:00:00+00:00,42182099999,26.02,1016.06,61.4
2026-02-24 00:00:00+00:00,42182099999,29.03,1015.75,61.8
2026-02-24 01:00:00+00:00,42182099999,30.93,1016.12,49.7
2026-02-24 02:00:00+00:00,42182099999,32.44,1015.7,51.1
2026-02-24 03:00:00+00:00,42182099999,34.24,1015.97,50.1
2026-02-24 04:00:00+00:00,42182099999,35.85,1016.16,39.1
2026-02-24 05:00:00+00:00,42182099999,36.8,1016.25,44.2
2026-02-24 06:00:00+00:00,42182099999,36.68,1016.27,37.9
2026-02-24 07:00:00+00:00,42182099999,36.67,1016.21,43.9
2026-02-24 08:00:00+00:00,42182099999,36.76,1016.9,47.9
2026-02-24 09:00:00+00:00,42182099999,33.34,1016.39,46.7
2026-02-24 10:00:00+00:00,42182099999,32.66,1015.89,50.7
2026-02-24 11:00:00+00:00,42182099999,29.79,1016.07,52.1
2026-02-24 12:00:00+00:00,42182099999,28.11,1016.06,58.7
2026-02-24 13:00:00+00:00,42182099999,26.17,1016.2,65.0
2026-02-24 14:00:00+00:00,42182099999,23.47,1016.08,65.5
2026-02-24 15:00:00+00:00,42182099999,22.1,1016.0,69.0
2026-02-24 16:00:00+00:00,42182099999,19.25,1016.75,72.9
2026-02-24 17:00:00+00:00,42182099999,19.97,1016.27,75.6
2026-02-24 18:00:00+00:00,42182099999,18.64,1016.15,69.8
2026-02-24 19:00:00+00:00,42182099999,19.68,1016.18,73.6
2026-02-24 20:00:00+00:00,42182099999,20.32,1016.19,70.1
2026-02-24 21:00:00+00:00,42182099999,20.08,1016.67,70.6
2026-02-24 22:00:00+00:00,42182099999,23.05,1016.4,68.7
2026-02-24 23:00:00+00:00,42182099999,25.8,1016.59,62.9
2026-02-25 00:00:00+00:00,42182099999,28.93,1015.36,61.3
2026-02-25 01:00:00+00:00,42182099999,30.5,1016.39,51.3
2026-02-25 02:00:00+00:00,42182099999,32.65,1016.61,49.0
2026-02-25 03:00:00+00:00,42182099999,33.52,1016.89,44.2
2026-02-25 04:00:00+00:00,42182099999,36.65,1016.31,44.3
2026-02-25 05:00:00+00:00,42182099999,37.78,1015.78,42.8
2026-02-25 06:00:00+00:00,42182099999,37.02,1016.47,41.5
2026-02-25 07:00:00+00:00,42182099999,36.56,1016.12,39.4
2026-02-25 08:00:00+00:00,42182099999,34.82,1015.76,43.9
2026-02-25 09:00:00+00:00,42182099999,34.89,1016.11,45.6
2026-02-25 10:00:00+00:00,42182099999,34.12,1016.61,51.5
2026-02-25 11:00:00+00:00,42182099999,30.76,1016.66,53.2
2026-02-25 12:00:00+00:00,42182099999,28.76,1016.51,61.0
2026-02-25 13:00:00+00:00,42182099999,26.0,1015.98,62.7
2026-02-25 14:00:00+00:00,42182099999,22.91,1017.05,61.3
2026-02-25 15:00:00+00:00,42182099999,22.44,1015.95,68.9
2026-02-25 16:00:00+00:00,42182099999,19.47,1016.27,68.2
2026-02-25 17:00:00+00:00,42182099999,19.18,1015.86,75.9
2026-02-25 18:00:00+00:00,42182099999,19.17,1016.69,77.7
2026-02-25 19:00:00+00:00,42182099999,19.84,1016.43,73.4
2026-02-25 20:00:00+00:00,42182099999,20.46,1016.56,73.0
2026-02-25 21:00:00+00:00,42182099999,21.87,1016.32,65.6
2026-02-25 22:00:00+00:00,42182099999,23.04,1016.28,60.3
2026-02-25 23:00:00+00:00,42182099999,24.9,1016.35,60.7
2026-02-26 00:00:00+00:00,42182099999,28.04,1015.77,57.3
2026-02-26 01:00:00+00:00,42182099999,29.9,1016.63,50.0
2026-02-26 02:00:00+00:00,42182099999,31.72,1016.61,50.2
2026-02-26 03:00:00+00:00,42182099999,33.6,1016.22,47.5
2026-02-26 04:00:00+00:00,42182099999,35.5,1016.33,45.8
2026-02-26 05:00:00+00:00,42182099999,35.58,1016.43,46.5
2026-02-26 06:00:00+00:00,42182099999,36.19,1016.81,44.1
2026-02-26 07:00:00+00:00,42182099999,35.71,1016.47,41.6
2026-02-26 08:00:00+00:00,42182099999,35.9,1016.35,44.4
2026-02-26 09:00:00+00:00,42182099999,34.61,1016.18,48.2
2026-02-26 10:00:00+00:00,42182099999,33.7,1015.89,47.3
2026-02-26 11:00:00+00:00,42182099999,29.43,1016.16,57.3
2026-02-26 12:00:00+00:00,42182099999,27.59,1016.36,60.3
2026-02-26 13:00:00+00:00,42182099999,26.22,1016.26,61.6
2026-02-26 14:00:00+00:00,42182099999,23.37,1016.36,64.4
2026-02-26 15:00:00+00:00,42182099999,21.44,1016.56,79.1
2026-02-26 16:00:00+00:00,42182099999,21.23,1016.47,74.0
2026-02-26 17:00:00+00:00,42182099999,19.1,1016.42,75.9
2026-02-26 18:00:00+00:00,42182099999,18.31,1016.53,78.6
2026-02-26 19:00:00+00:00,42182099999,18.52,1016.39,76.0
2026-02-26 20:00:00+00:00,42182099999,20.41,1016.33,72.4
2026-02-26 21:00:00+00:00,42182099999,21.82,1016.48,71.1
2026-02-26 22:00:00+00:00,42182099999,22.68,1015.82,63.7
2026-02-26 23:00:00+00:00,42182099999,25.08,1016.71,64.0
2026-02-27 00:00:00+00:00,42182099999,28.32,1015.99,54.1
2026-02-27 01:00:00+00:00,42182099999,30.68,1016.63,55.0
2026-02-27 02:00:00+00:00,42182099999,32.11,1016.38,51.4
2026-02-27 03:00:00+00:00,42182099999,34.74,1016.71,42.7
2026-02-27 04:00:00+00:00,42182099999,36.14,1016.39,49.1
2026-02-27 05:00:00+00:00,42182099999,35.62,1016.09,39.6
2026-02-27 06:00:00+00:00,42182099999,36.81,1016.7,44.7
2026-02-27 07:00:00+00:00,42182099999,36.94,1016.43,41.2
2026-02-27 08:00:00+00:00,42182099999,35.45,1016.41,45.0
2026-02-27 09:00:00+00:00,42182099999,33.08,1016.4,45.0
2026-02-27 10:00:00+00:00,42182099999,32.33,1016.68,56.4
2026-02-27 11:00:00+00:00,42182099999,30.78,1016.62,56.5
2026-02-27 12:00:00+00:00,42182099999,28.95,1016.45,62.7
2026-02-27 13:00:00+00:00,42182099999,24.36,1015.91,64.2
2026-02-27 14:00:00+00:00,42182099999,25.07,1016.26,67.8
2026-02-27 15:00:00+00:00,42182099999,20.96,1016.41,69.7
2026-02-27 16:00:00+00:00,42182099999,20.78,1016.92,71.3
2026-02-27 17:00:00+00:00,42182099999,20.05,1016.49,75.0
2026-02-27 18:00:00+00:00,42182099999,19.59,1016.35,74.5
2026-02-27 19:00:00+00:00,42182099999,19.4,1016.74,73.1
2026-02-27 20:00:00+00:00,42182099999,19.51,1016.34,68.4
2026-02-27 21:00:00+00:00,42182099999,22.01,1016.37,68.6
2026-02-27 22:00:00+00:00,42182099999,23.07,1016.43,67.6
2026-02-27 23:00:00+00:00,42182099999,24.16,1015.93,61.0
2026-02-28 00:00:00+00:00,42182099999,29.7,1016.7,58.9
2026-02-28 01:00:00+00:00,42182099999,30.75,1016.54,53.5
2026-02-28 02:00:00+00:00,42182099999,33.59,1016.33,47.4
2026-02-28 03:00:00+00:00,42182099999,33.82,1016.07,44.4
2026-02-28 04:00:00+00:00,42182099999,36.67,1016.48,42.3
2026-02-28 05:00:00+00:00,42182099999,37.65,1016.84,41.9
2026-02-28 06:00:00+00:00,42182099999,37.93,1016.22,41.4
2026-02-28 07:00:00+00:00,42182099999,36.68,1016.1,45.5
2026-02-28 08:00:00+00:00,42182099999,35.07,1016.54,41.4
2026-02-28 09:00:00+00:00,42182099999,34.26,1015.94,41.5
2026-02-28 10:00:00+00:00,42182099999,31.18,1015.75,51.8
2026-02-28 11:00:00+00:00,42182099999,29.31,1016.28,52.7
2026-02-28 12:00:00+00:00,42182099999,28.06,1016.21,57.8
2026-02-28 13:00:00+00:00,42182099999,25.08,1016.33,68.7
2026-02-28 14:00:00+00:00,42182099999,23.4,1016.25,69.8
2026-02-28 15:00:00+00:00,42182099999,21.57,1016.52,70.9
2026-02-28 16:00:00+00:00,42182099999,21.36,1016.35,74.3
2026-02-28 17:00:00+00:00,42182099999,20.09,1016.24,73.8
2026-02-28 18:00:00+00:00,42182099999,18.97,1016.28,76.5
2026-02-28 19:00:00+00:00,42182099999,20.03,1016.61,72.0
2026-02-28 20:00:00+00:00,42182099999,19.74,1016.7,70.1
2026-02-28 21:00:00+00:00,42182099999,21.43,1016.69,68.2
2026-02-28 22:00:00+00:00,42182099999,24.05,1016.63,70.1
2026-02-28 23:00:00+00:00,42182099999,24.93,1015.43,66.2
2026-03-01 00:00:00+00:00,42182099999,27.83,1016.15,56.5
2026-03-01 01:00:00+00:00,42182099999,29.54,1016.36,56.9
2026-03-01 02:00:00+00:00,42182099999,32.57,1016.51,49.7
2026-03-01 03:00:00+00:00,42182099999,35.34,1015.97,49.5
2026-03-01 04:00:00+00:00,42182099999,35.34,1016.88,43.4
2026-03-01 05:00:00+00:00,42182099999,36.83,1016.54,45.1
2026-03-01 06:00:00+00:00,42182099999,36.46,1016.27,41.8
2026-03-01 07:00:00+00:00,42182099999,36.0,1016.5,41.9
2026-03-01 08:00:00+00:00,42182099999,35.05,1016.35,44.2
2026-03-01 09:00:00+00:00,42182099999,35.24,1016.23,47.2
2026-03-01 10:00:00+00:00,42182099999,33.92,1016.6,48.6
2026-03-01 11:00:00+00:00,42182099999,30.62,1016.32,50.4
2026-03-01 12:00:00+00:00,42182099999,27.57,1016.03,62.4
2026-03-01 13:00:00+00:00,42182099999,26.09,1016.26,61.2
2026-03-01 14:00:00+00:00,42182099999,23.3,1016.42,61.4
2026-03-01 15:00:00+00:00,42182099999,22.12,1016.13,63.6
2026-03-01 16:00:00+00:00,42182099999,20.38,1016.83,64.7
2026-03-01 17:00:00+00:00,42182099999,19.47,1016.13,72.0
2026-03-01 18:00:00+00:00,42182099999,19.36,1016.98,77.6
2026-03-01 19:00:00+00:00,42182099999,18.96,1016.72,69.4
2026-03-01 20:00:00+00:00,42182099999,19.96,1016.17,71.1
2026-03-01 21:00:00+00:00,42182099999,20.6,1016.49,64.7
2026-03-01 22:00:00+00:00,42182099999,23.23,1016.81,68.9
2026-03-01 23:00:00+00:00,42182099999,24.82,1016.4,63.2
2026-03-02 00:00:00+00:00,42182099999,27.91,1016.13,58.9
2026-03-02 01:00:00+00:00,42182099999,29.75,1016.52,57.4
2026-03-02 02:00:00+00:00,42182099999,32.56,1017.09,54.3
2026-03-02 03:00:00+00:00,42182099999,34.64,1016.04,49.4
2026-03-02 04:00:00+00:00,42182099999,34.94,1016.66,42.8
2026-03-02 05:00:00+00:00,42182099999,36.21,1016.49,39.2
2026-03-02 06:00:00+00:00,42182099999,36.43,1016.45,39.4
2026-03-02 07:00:00+00:00,42182099999,37.14,1016.37,38.1
2026-03-02 08:00:00+00:00,42182099999,36.82,1016.39,48.9
2026-03-02 09:00:00+00:00,42182099999,34.87,1016.8,46.3
2026-03-02 10:00:00+00:00,42182099999,32.29,1016.67,50.4
2026-03-02 11:00:00+00:00,42182099999,31.21,1016.19,54.5
2026-03-02 12:00:00+00:00,42182099999,27.09,1016.96,63.3
2026-03-02 13:00:00+00:00,42182099999,26.57,1016.1,60.8
2026-03-02 14:00:00+00:00,42182099999,23.11,1016.69,69.1
2026-03-02 15:00:00+00:00,42182099999,19.97,1016.55,70.2
2026-03-02 16:00:00+00:00,42182099999,21.8,1016.85,71.6
2026-03-02 17:00:00+00:00,42182099999,20.25,1016.6,68.6
2026-03-02 18:00:00+00:00,42182099999,18.38,1016.81,76.5
2026-03-02 19:00:00+00:00,42182099999,19.41,1016.48,71.6
2026-03-02 20:00:00+00:00,42182099999,20.08,1016.78,70.8
2026-03-02 21:00:00+00:00,42182099999,21.7,1016.59,70.0
2026-03-02 22:00:00+00:00,42182099999,22.61,1017.14,66.3
2026-03-02 23:00:00+00:00,42182099999,25.26,1016.28,65.1
2026-03-03 00:00:00+00:00,42182099999,28.28,1016.88,56.4
2026-03-03 01:00:00+00:00,42182099999,30.46,1016.66,54.4
2026-03-03 02:00:00+00:00,42182099999,33.22,1016.58,50.8
2026-03-03 03:00:00+00:00,42182099999,34.41,1016.36,46.9
2026-03-03 04:00:00+00:00,42182099999,37.2,1016.66,46.0
2026-03-03 05:00:00+00:00,42182099999,36.26,1016.08,42.0
2026-03-03 06:00:00+00:00,42182099999,37.16,1016.11,45.2
2026-03-03 07:00:00+00:00,42182099999,35.54,1016.74,40.8
2026-03-03 08:00:00+00:00,42182099999,35.04,1016.06,40.5
2026-03-03 09:00:00+00:00,42182099999,35.16,1016.96,46.7
2026-03-03 10:00:00+00:00,42182099999,31.93,1016.44,53.1
2026-03-03 11:00:00+00:00,42182099999,30.65,1016.6,52.6
2026-03-03 12:00:00+00:00,42182099999,27.96,1016.55,56.5
2026-03-03 13:00:00+00:00,42182099999,25.04,1016.65,61.4
2026-03-03 14:00:00+00:00,42182099999,23.29,1016.44,66.5
2026-03-03 15:00:00+00:00,42182099999,21.33,1016.42,69.0
2026-03-03 16:00:00+00:00,42182099999,19.91,1016.49,72.8
2026-03-03 17:00:00+00:00,42182099999,19.76,1016.84,69.1
2026-03-03 18:00:00+00:00,42182099999,19.39,1016.87,78.0
2026-03-03 19:00:00+00:00,42182099999,18.96,1016.91,75.1
2026-03-03 20:00:00+00:00,42182099999,19.66,1016.64,69.7
2026-03-03 21:00:00+00:00,42182099999,21.81,1016.47,73.0
2026-03-03 22:00:00+00:00,42182099999,23.44,1016.02,67.3
2026-03-03 23:00:00+00:00,42182099999,26.29,1016.72,66.0
2026-03-04 00:00:00+00:00,42182099999,29.59,1016.81,55.1
2026-03-04 01:00:00+00:00,42182099999,30.84,1016.44,58.2
2026-03-04 02:00:00+00:00,42182099999,32.48,1016.8,50.2
2026-03-04 03:00:00+00:00,42182099999,34.26,1016.95,41.5
2026-03-04 04:00:00+00:00,42182099999,35.28,1016.59,46.2
2026-03-04 05:00:00+00:00,42182099999,36.15,1016.88,41.9
2026-03-04 06:00:00+00:00,42182099999,36.4,1016.65,39.5
2026-03-04 07:00:00+00:00,42182099999,36.46,1016.04,42.1
2026-03-04 08:00:00+00:00,42182099999,35.54,1016.42,39.3
2026-03-04 09:00:00+00:00,42182099999,34.81,1016.44,48.3
2026-03-04 10:00:00+00:00,42182099999,32.26,1016.72,49.6
2026-03-04 11:00:00+00:00,42182099999,30.21,1016.3,53.3
2026-03-04 12:00:00+00:00,42182099999,31.4,1016.43,61.7
2026-03-04 13:00:00+00:00,42182099999,31.4,1016.27,62.3
2026-03-04 14:00:00+00:00,42182099999,31.4,1016.55,64.4
2026-03-04 15:00:00+00:00,42182099999,31.4,1016.58,67.0
2026-03-04 16:00:00+00:00,42182099999,31.4,1016.85,71.8
2026-03-04 17:00:00+00:00,42182099999,31.4,1016.8,76.3
2026-03-04 18:00:00+00:00,42182099999,31.4,1016.61,72.6
2026-03-04 19:00:00+00:00,42182099999,31.4,1016.63,70.9
2026-03-04 20:00:00+00:00,42182099999,31.4,1016.59,74.3
2026-03-04 21:00:00+00:00,42182099999,31.4,1016.59,69.6
2026-03-04 22:00:00+00:00,42182099999,31.4,1017.02,66.0
2026-03-04 23:00:00+00:00,42182099999,31.4,1015.81,67.6
2026-03-05 00:00:00+00:00,42182099999,31.4,1016.54,55.0
2026-03-05 01:00:00+00:00,42182099999,31.4,1016.68,54.5
2026-03-05 02:00:00+00:00,42182099999,31.4,1016.93,45.5
2026-03-05 03:00:00+00:00,42182099999,31.4,1016.26,46.0
2026-03-05 04:00:00+00:00,42182099999,31.4,1016.7,45.8
2026-03-05 05:00:00+00:00,42182099999,31.4,1016.85,45.5
2026-03-05 06:00:00+00:00,42182099999,31.4,1016.46,38.8
2026-03-05 07:00:00+00:00,42182099999,31.4,1016.02,44.8
2026-03-05 08:00:00+00:00,42182099999,31.4,1016.48,46.3
2026-03-05 09:00:00+00:00,42182099999,31.4,1016.23,46.5
2026-03-05 10:00:00+00:00,42182099999,31.4,1016.79,56.4
2026-03-05 11:00:00+00:00,42182099999,31.4,1016.34,54.0
2026-03-05 12:00:00+00:00,42182099999,31.4,1017.13,55.8
2026-03-05 13:00:00+00:00,42182099999,31.4,1016.63,63.3
2026-03-05 14:00:00+00:00,42182099999,31.4,1016.35,61.3
2026-03-05 15:00:00+00:00,42182099999,31.4,1016.44,73.4
2026-03-05 16:00:00+00:00,42182099999,31.4,1016.26,74.5
2026-03-05 17:00:00+00:00,42182099999,31.4,1016.71,72.5
2026-03-05 18:00:00+00:00,42182099999,31.4,1017.04,75.7
2026-03-05 19:00:00+00:00,42182099999,31.4,1016.53,74.9
2026-03-05 20:00:00+00:00,42182099999,31.4,1016.87,76.9
2026-03-05 21:00:00+00:00,42182099999,31.4,1016.31,67.8
2026-03-05 22:00:00+00:00,42182099999,31.4,1016.68,62.8
2026-03-05 23:00:00+00:00,42182099999,31.4,1017.28,57.0
2026-03-06 00:00:00+00:00,42182099999,28.23,1016.2,57.3
2026-03-06 01:00:00+00:00,42182099999,30.26,1016.99,49.9
2026-03-06 02:00:00+00:00,42182099999,33.34,1016.97,49.7
2026-03-06 03:00:00+00:00,42182099999,33.64,1016.06,47.8
2026-03-06 04:00:00+00:00,42182099999,35.89,1016.19,43.1
2026-03-06 05:00:00+00:00,42182099999,37.59,1016.33,40.2
2026-03-06 06:00:00+00:00,42182099999,36.88,1016.91,45.2
2026-03-06 07:00:00+00:00,42182099999,36.44,1016.49,42.1
2026-03-06 08:00:00+00:00,42182099999,35.87,1016.57,44.8
2026-03-06 09:00:00+00:00,42182099999,34.09,1016.83,49.2
2026-03-06 10:00:00+00:00,42182099999,33.45,1016.66,46.7
2026-03-06 11:00:00+00:00,42182099999,29.77,1016.69,51.6
2026-03-06 12:00:00+00:00,42182099999,28.54,1016.53,64.5
2026-03-06 13:00:00+00:00,42182099999,24.9,1016.96,61.8
2026-03-06 14:00:00+00:00,42182099999,23.91,1016.39,63.4
2026-03-06 15:00:00+00:00,42182099999,21.57,1017.12,68.8
2026-03-06 16:00:00+00:00,42182099999,18.61,1016.52,70.5
2026-03-06 17:00:00+00:00,42182099999,19.3,1016.38,70.4
2026-03-06 18:00:00+00:00,42182099999,18.34,1016.82,73.1
2026-03-06 19:00:00+00:00,42182099999,19.03,1016.76,73.5
2026-03-06 20:00:00+00:00,42182099999,21.15,1016.03,71.9
2026-03-06 21:00:00+00:00,42182099999,20.95,1016.69,70.8
2026-03-06 22:00:00+00:00,42182099999,22.85,1016.22,61.6
2026-03-06 23:00:00+00:00,42182099999,26.56,1016.37,58.4
2026-03-07 00:00:00+00:00,42182099999,28.07,1016.89,60.1
2026-03-07 01:00:00+00:00,42182099999,31.28,1016.39,52.8
2026-03-07 02:00:00+00:00,42182099999,32.7,1016.76,53.2
2026-03-07 03:00:00+00:00,42182099999,33.82,1016.54,47.6
2026-03-07 04:00:00+00:00,42182099999,35.75,1017.23,40.6
2026-03-07 05:00:00+00:00,42182099999,37.45,1016.62,44.0
2026-03-07 06:00:00+00:00,42182099999,37.58,1016.3,39.5
2026-03-07 07:00:00+00:00,42182099999,36.69,1016.32,43.3
2026-03-07 08:00:00+00:00,42182099999,35.82,1016.38,47.4
2026-03-07 09:00:00+00:00,42182099999,34.29,1016.69,52.2
2026-03-07 10:00:00+00:00,42182099999,32.14,1016.65,49.9
2026-03-07 11:00:00+00:00,42182099999,31.52,1016.94,55.8
2026-03-07 12:00:00+00:00,42182099999,28.0,1016.7,58.9
2026-03-07 13:00:00+00:00,42182099999,24.97,1016.69,64.3
2026-03-07 14:00:00+00:00,42182099999,23.21,1016.75,59.5
2026-03-07 15:00:00+00:00,42182099999,22.08,1016.61,68.4
2026-03-07 16:00:00+00:00,42182099999,20.6,1016.74,72.7
2026-03-07 17:00:00+00:00,42182099999,19.22,1016.88,74.8
2026-03-07 18:00:00+00:00,42182099999,18.59,1016.88,72.2
2026-03-07 19:00:00+00:00,42182099999,19.32,1016.48,75.7
2026-03-07 20:00:00+00:00,42182099999,19.17,1016.12,74.8
2026-03-07 21:00:00+00:00,42182099999,20.83,1016.41,69.6
2026-03-07 22:00:00+00:00,42182099999,23.99,1016.73,65.5
2026-03-07 23:00:00+00:00,42182099999,25.37,1015.9,61.3
2026-03-08 00:00:00+00:00,42182099999,28.23,1016.53,58.5
2026-03-08 01:00:00+00:00,42182099999,31.08,1016.81,57.0
2026-03-08 02:00:00+00:00,42182099999,32.9,1016.51,54.0
2026-03-08 03:00:00+00:00,42182099999,34.38,1016.34,45.6
2026-03-08 04:00:00+00:00,42182099999,37.11,1017.2,41.9
2026-03-08 05:00:00+00:00,42182099999,37.11,1017.09,40.6
2026-03-08 06:00:00+00:00,42182099999,36.78,1016.6,44.6
2026-03-08 07:00:00+00:00,42182099999,37.14,1017.07,43.2
2026-03-08 08:00:00+00:00,42182099999,36.05,1017.06,45.0
2026-03-08 09:00:00+00:00,42182099999,33.84,1016.34,48.0
2026-03-08 10:00:00+00:00,42182099999,32.55,1017.48,51.1
2026-03-08 11:00:00+00:00,42182099999,30.23,1016.39,53.6
2026-03-08 12:00:00+00:00,42182099999,26.79,1016.6,55.4
2026-03-08 13:00:00+00:00,42182099999,25.56,1016.35,60.7
2026-03-08 14:00:00+00:00,42182099999,23.33,1016.7,66.4
2026-03-08 15:00:00+00:00,42182099999,21.37,1016.28,70.4
2026-03-08 16:00:00+00:00,42182099999,19.19,1016.67,71.0
2026-03-08 17:00:00+00:00,42182099999,19.09,1017.0,72.5
2026-03-08 18:00:00+00:00,42182099999,18.98,1016.74,77.6
2026-03-08 19:00:00+00:00,42182099999,19.37,1016.59,72.4
2026-03-08 20:00:00+00:00,42182099999,19.51,1017.14,72.5
2026-03-08 21:00:00+00:00,42182099999,22.03,1016.4,68.6
2026-03-08 22:00:00+00:00,42182099999,22.75,1016.96,63.9
2026-03-08 23:00:00+00:00,42182099999,25.53,1016.58,58.4
2026-03-09 00:00:00+00:00,42182099999,28.8,1016.76,56.7
2026-03-09 01:00:00+00:00,42182099999,29.9,1016.71,51.9
2026-03-09 02:00:00+00:00,42182099999,32.18,1016.74,52.3
2026-03-09 03:00:00+00:00,42182099999,35.03,1016.68,43.8
2026-03-09 04:00:00+00:00,42182099999,35.56,1016.46,43.2
2026-03-09 05:00:00+00:00,42182099999,36.51,1016.53,44.3
2026-03-09 06:00:00+00:00,42182099999,37.14,1016.83,41.8
2026-03-09 07:00:00+00:00,42182099999,37.34,1016.67,43.9
2026-03-09 08:00:00+00:00,42182099999,34.44,1016.35,46.4
2026-03-09 09:00:00+00:00,42182099999,33.85,1016.49,42.5
2026-03-09 10:00:00+00:00,42182099999,31.88,1016.49,49.0
2026-03-09 11:00:00+00:00,42182099999,29.66,1016.68,51.5
2026-03-09 12:00:00+00:00,42182099999,27.47,1016.75,61.6
2026-03-09 13:00:00+00:00,42182099999,25.15,1016.72,61.9
2026-03-09 14:00:00+00:00,42182099999,23.69,1016.5,67.4
2026-03-09 15:00:00+00:00,42182099999,21.09,1016.7,73.8
2026-03-09 16:00:00+00:00,42182099999,20.28,1016.29,71.1
2026-03-09 17:00:00+00:00,42182099999,19.55,1015.83,73.7
2026-03-09 18:00:00+00:00,42182099999,18.55,1016.68,75.1
2026-03-09 19:00:00+00:00,42182099999,19.39,1016.2,72.9
2026-03-09 20:00:00+00:00,42182099999,21.21,1016.41,75.2
2026-03-09 21:00:00+00:00,42182099999,21.83,1016.33,71.5
2026-03-09 22:00:00+00:00,42182099999,23.11,1016.88,68.7
2026-03-09 23:00:00+00:00,42182099999,25.63,1016.33,62.4
2026-03-10 00:00:00+00:00,42182099999,27.44,1016.8,57.2
2026-03-10 01:00:00+00:00,42182099999,30.5,1016.57,53.1
2026-03-10 02:00:00+00:00,42182099999,33.03,1016.35,49.2
2026-03-10 03:00:00+00:00,42182099999,33.86,1016.25,42.6
2026-03-10 04:00:00+00:00,42182099999,35.67,1016.86,45.2
2026-03-10 05:00:00+00:00,42182099999,37.38,1016.83,44.7
2026-03-10 06:00:00+00:00,42182099999,36.69,1016.95,42.1
2026-03-10 07:00:00+00:00,42182099999,36.81,1017.27,41.4
2026-03-10 08:00:00+00:00,42182099999,35.17,1016.8,44.3
2026-03-10 09:00:00+00:00,42182099999,33.86,1016.8,47.4
2026-03-10 10:00:00+00:00,42182099999,32.19,1016.68,50.9
2026-03-10 11:00:00+00:00,42182099999,31.64,1016.75,58.5
2026-03-10 12:00:00+00:00,42182099999,27.75,1016.61,55.9
2026-03-10 13:00:00+00:00,42182099999,25.35,1016.45,63.2
2026-03-10 14:00:00+00:00,42182099999,23.16,1017.31,67.9
2026-03-10 15:00:00+00:00,42182099999,21.54,1016.16,69.6
2026-03-10 16:00:00+00:00,42182099999,20.6,1016.79,71.4
2026-03-10 17:00:00+00:00,42182099999,19.42,1016.85,70.9
2026-03-10 18:00:00+00:00,42182099999,20.23,1016.76,72.6
2026-03-10 19:00:00+00:00,42182099999,19.43,1016.43,75.3
2026-03-10 20:00:00+00:00,42182099999,21.07,1016.66,75.6
2026-03-10 21:00:00+00:00,42182099999,21.8,1016.58,67.7
2026-03-10 22:00:00+00:00,42182099999,23.86,1016.39,67.3
2026-03-10 23:00:00+00:00,42182099999,24.8,1016.7,63.6
2026-03-11 00:00:00+00:00,42182099999,27.92,1016.62,60.7
2026-03-11 01:00:00+00:00,42182099999,30.29,1016.57,54.6
2026-03-11 02:00:00+00:00,42182099999,32.35,1016.94,51.2
2026-03-11 03:00:00+00:00,42182099999,33.07,1016.42,49.1
2026-03-11 04:00:00+00:00,42182099999,36.32,1016.87,41.3
2026-03-11 05:00:00+00:00,42182099999,36.46,1016.55,42.8
2026-03-11 06:00:00+00:00,42182099999,36.74,1016.86,37.6
2026-03-11 07:00:00+00:00,42182099999,36.54,1016.76,37.6
2026-03-11 08:00:00+00:00,42182099999,35.66,1016.81,42.2
2026-03-11 09:00:00+00:00,42182099999,34.61,1016.44,42.9
2026-03-11 10:00:00+00:00,42182099999,31.74,1016.5,51.4
2026-03-11 11:00:00+00:00,42182099999,29.77,1016.48,56.5
2026-03-11 12:00:00+00:00,42182099999,28.17,1016.79,57.3
2026-03-11 13:00:00+00:00,42182099999,25.76,1016.96,61.9
2026-03-11 14:00:00+00:00,42182099999,23.27,1017.06,65.5
2026-03-11 15:00:00+00:00,42182099999,21.29,1016.58,68.7
2026-03-11 16:00:00+00:00,42182099999,19.71,1016.76,72.3
2026-03-11 17:00:00+00:00,42182099999,19.27,1016.25,74.4
2026-03-11 18:00:00+00:00,42182099999,19.71,1016.07,72.9
2026-03-11 19:00:00+00:00,42182099999,18.67,1016.47,71.6
2026-03-11 20:00:00+00:00,42182099999,21.12,1016.53,70.6
2026-03-11 21:00:00+00:00,42182099999,22.14,1016.27,71.4
2026-03-11 22:00:00+00:00,42182099999,23.23,1016.2,65.0
2026-03-11 23:00:00+00:00,42182099999,26.14,1016.89,65.9
2026-03-12 00:00:00+00:00,42182099999,27.12,1016.52,57.5
2026-03-12 01:00:00+00:00,42182099999,29.29,1016.25,57.4
2026-03-12 02:00:00+00:00,42182099999,31.73,1017.45,47.1
2026-03-12 03:00:00+00:00,42182099999,34.12,1016.81,45.0
2026-03-12 04:00:00+00:00,42182099999,35.6,1016.66,45.4
2026-03-12 05:00:00+00:00,42182099999,36.38,1016.96,43.9
2026-03-12 06:00:00+00:00,42182099999,37.06,1016.53,41.7
2026-03-12 07:00:00+00:00,42182099999,35.41,1017.23,47.8
2026-03-12 08:00:00+00:00,42182099999,36.09,1016.29,44.4
2026-03-12 09:00:00+00:00,42182099999,33.51,1016.36,47.5
2026-03-12 10:00:00+00:00,42182099999,32.1,1016.71,48.7
2026-03-12 11:00:00+00:00,42182099999,30.08,1016.52,58.1
2026-03-12 12:00:00+00:00,42182099999,27.31,1017.18,60.2
2026-03-12 13:00:00+00:00,42182099999,24.85,1016.27,63.3
2026-03-12 14:00:00+00:00,42182099999,22.9,1016.53,62.0
2026-03-12 15:00:00+00:00,42182099999,21.63,1016.82,70.3
2026-03-12 16:00:00+00:00,42182099999,20.56,1016.92,70.8
2026-03-12 17:00:00+00:00,42182099999,19.65,1017.05,74.5
2026-03-12 18:00:00+00:00,42182099999,18.4,1016.85,76.4
2026-03-12 19:00:00+00:00,42182099999,18.83,1017.41,71.7
2026-03-12 20:00:00+00:00,42182099999,19.65,1016.61,72.5
2026-03-12 21:00:00+00:00,42182099999,21.91,1016.8,71.6
2026-03-12 22:00:00+00:00,42182099999,22.28,1017.01,66.5
2026-03-12 23:00:00+00:00,42182099999,26.41,1016.66,61.4
2026-03-13 00:00:00+00:00,42182099999,27.71,1016.69,55.4
2026-03-13 01:00:00+00:00,42182099999,29.86,1016.63,52.3
2026-03-13 02:00:00+00:00,42182099999,32.7,1016.58,46.9
2026-03-13 03:00:00+00:00,42182099999,34.98,1016.43,49.3
2026-03-13 04:00:00+00:00,42182099999,36.0,1016.61,44.5
2026-03-13 05:00:00+00:00,42182099999,37.32,1016.31,39.6
2026-03-13 06:00:00+00:00,42182099999,37.08,1016.88,42.1
2026-03-13 07:00:00+00:00,42182099999,37.43,1016.3,39.4
2026-03-13 08:00:00+00:00,42182099999,36.54,1017.39,36.0
2026-03-13 09:00:00+00:00,42182099999,34.3,1017.28,49.8
2026-03-13 10:00:00+00:00,42182099999,33.36,1017.1,53.0
2026-03-13 11:00:00+00:00,42182099999,30.43,1016.71,50.2
2026-03-13 12:00:00+00:00,42182099999,28.05,1016.59,56.3
2026-03-13 13:00:00+00:00,42182099999,25.12,1017.14,62.7
2026-03-13 14:00:00+00:00,42182099999,23.33,1016.82,65.1
2026-03-13 15:00:00+00:00,42182099999,22.1,1016.94,67.2
2026-03-13 16:00:00+00:00,42182099999,19.42,1016.55,70.6
2026-03-13 17:00:00+00:00,42182099999,19.7,1017.09,72.9
2026-03-13 18:00:00+00:00,42182099999,19.21,1016.53,72.7
2026-03-13 19:00:00+00:00,42182099999,19.47,1016.8,74.1
2026-03-13 20:00:00+00:00,42182099999,18.88,1016.25,71.4
2026-03-13 21:00:00+00:00,42182099999,21.57,1016.57,67.5
2026-03-13 22:00:00+00:00,42182099999,23.89,1016.92,66.1
2026-03-13 23:00:00+00:00,42182099999,25.21,1016.63,58.1
2026-03-14 00:00:00+00:00,42182099999,28.05,1016.66,61.7
2026-03-14 01:00:00+00:00,42182099999,28.9,1017.03,49.6
2026-03-14 02:00:00+00:00,42182099999,32.9,1016.77,49.9
2026-03-14 03:00:00+00:00,42182099999,33.97,1017.16,47.6
2026-03-14 04:00:00+00:00,42182099999,36.32,1016.07,45.3
2026-03-14 05:00:00+00:00,42182099999,35.59,1016.96,43.3
2026-03-14 06:00:00+00:00,42182099999,37.42,1016.94,45.2
2026-03-14 07:00:00+00:00,42182099999,36.55,1016.33,39.8
2026-03-14 08:00:00+00:00,42182099999,36.28,1016.4,44.0
2026-03-14 09:00:00+00:00,42182099999,33.81,1017.05,47.1
2026-03-14 10:00:00+00:00,42182099999,32.13,1016.47,48.8
2026-03-14 11:00:00+00:00,42182099999,31.67,1016.6,52.4
2026-03-14 12:00:00+00:00,42182099999,27.5,1016.97,61.3
2026-03-14 13:00:00+00:00,42182099999,25.25,1016.69,60.4
2026-03-14 14:00:00+00:00,42182099999,23.33,1016.93,64.9
2026-03-14 15:00:00+00:00,42182099999,21.02,1016.53,68.7
2026-03-14 16:00:00+00:00,42182099999,20.92,1016.88,71.4
2026-03-14 17:00:00+00:00,42182099999,20.34,1017.11,73.9
2026-03-14 18:00:00+00:00,42182099999,18.58,1016.89,73.6
2026-03-14 19:00:00+00:00,42182099999,18.27,1016.13,74.5
2026-03-14 20:00:00+00:00,42182099999,20.91,1016.98,72.3
2026-03-14 21:00:00+00:00,42182099999,22.3,1016.81,70.6
2026-03-14 22:00:00+00:00,42182099999,23.99,1016.52,69.5
2026-03-14 23:00:00+00:00,42182099999,26.36,1017.2,60.1
2026-03-15 00:00:00+00:00,42182099999,27.48,1016.29,62.2
2026-03-15 01:00:00+00:00,42182099999,30.23,1017.37,52.8
2026-03-15 02:00:00+00:00,42182099999,31.67,1016.62,51.7
2026-03-15 03:00:00+00:00,42182099999,33.51,1017.28,47.2
2026-03-15 04:00:00+00:00,42182099999,36.38,1016.8,43.5
2026-03-15 05:00:00+00:00,42182099999,36.29,1016.41,37.7
2026-03-15 06:00:00+00:00,42182099999,38.37,1016.84,46.1
2026-03-15 07:00:00+00:00,42182099999,36.74,1016.91,40.7
2026-03-15 08:00:00+00:00,42182099999,35.41,1016.97,42.2
2026-03-15 09:00:00+00:00,42182099999,34.84,1017.13,49.4
2026-03-15 10:00:00+00:00,42182099999,33.58,1016.54,50.2
2026-03-15 11:00:00+00:00,42182099999,30.62,1016.96,58.7
2026-03-15 12:00:00+00:00,42182099999,27.27,1017.03,62.3
2026-03-15 13:00:00+00:00,42182099999,25.89,1016.73,64.0
2026-03-15 14:00:00+00:00,42182099999,24.33,1016.53,66.7
2026-03-15 15:00:00+00:00,42182099999,21.34,1016.52,71.3
2026-03-15 16:00:00+00:00,42182099999,19.74,1017.03,68.6
2026-03-15 17:00:00+00:00,42182099999,19.92,1017.05,73.9
2026-03-15 18:00:00+00:00,42182099999,19.08,1016.56,74.4
2026-03-15 19:00:00+00:00,42182099999,18.65,1016.41,72.3
2026-03-15 20:00:00+00:00,42182099999,19.98,1017.18,72.5
2026-03-15 21:00:00+00:00,42182099999,21.18,1016.34,65.7
2026-03-15 22:00:00+00:00,42182099999,23.68,1016.86,68.3
2026-03-15 23:00:00+00:00,42182099999,25.74,1016.57,65.4
2026-03-16 00:00:00+00:00,42182099999,28.69,1016.3,54.8
2026-03-16 01:00:00+00:00,42182099999,30.76,1016.87,54.3
2026-03-16 02:00:00+00:00,42182099999,31.56,1016.77,53.9
2026-03-16 03:00:00+00:00,42182099999,34.61,1017.26,47.8
2026-03-16 04:00:00+00:00,42182099999,36.33,1017.51,41.6
2026-03-16 05:00:00+00:00,42182099999,36.97,1016.77,40.1
2026-03-16 06:00:00+00:00,42182099999,37.62,1017.13,44.2
2026-03-16 07:00:00+00:00,42182099999,36.36,1017.14,47.2
2026-03-16 08:00:00+00:00,42182099999,35.22,1016.67,41.5
2026-03-16 09:00:00+00:00,42182099999,34.92,1016.57,46.8
2026-03-16 10:00:00+00:00,42182099999,31.86,1017.31,48.1
2026-03-16 11:00:00+00:00,42182099999,29.03,1016.72,53.2
2026-03-16 12:00:00+00:00,42182099999,28.62,1016.82,58.8
2026-03-16 13:00:00+00:00,42182099999,25.24,1016.74,62.1
2026-03-16 14:00:00+00:00,42182099999,23.32,1016.79,64.3
2026-03-16 15:00:00+00:00,42182099999,20.8,1016.65,74.6
2026-03-16 16:00:00+00:00,42182099999,19.41,1017.05,71.5
2026-03-16 17:00:00+00:00,42182099999,18.61,1017.2,73.1
2026-03-16 18:00:00+00:00,42182099999,18.78,1016.72,76.8
2026-03-16 19:00:00+00:00,42182099999,19.53,1016.42,73.5
2026-03-16 20:00:00+00:00,42182099999,18.83,1016.84,71.4
2026-03-16 21:00:00+00:00,42182099999,22.09,1016.38,71.7
2026-03-16 22:00:00+00:00,42182099999,22.79,1016.64,63.5
2026-03-16 23:00:00+00:00,42182099999,25.03,1017.2,64.0
2026-03-17 00:00:00+00:00,42182099999,28.41,1017.54,60.6
2026-03-17 01:00:00+00:00,42182099999,30.28,1016.96,55.6
2026-03-17 02:00:00+00:00,42182099999,31.58,1016.53,49.6
2026-03-17 03:00:00+00:00,42182099999,35.47,1017.08,46.7
2026-03-17 04:00:00+00:00,42182099999,35.28,1016.18,39.9
2026-03-17 05:00:00+00:00,42182099999,36.84,1016.64,42.3
2026-03-17 06:00:00+00:00,42182099999,37.12,1017.3,42.8
2026-03-17 07:00:00+00:00,42182099999,37.54,1017.07,44.7
2026-03-17 08:00:00+00:00,42182099999,35.52,1016.43,44.5
2026-03-17 09:00:00+00:00,42182099999,34.97,1016.35,45.8
2026-03-17 10:00:00+00:00,42182099999,32.05,1017.1,48.0
2026-03-17 11:00:00+00:00,42182099999,31.0,1016.83,53.8
2026-03-17 12:00:00+00:00,42182099999,27.54,1016.67,58.4
2026-03-17 13:00:00+00:00,42182099999,25.45,1016.97,65.2
2026-03-17 14:00:00+00:00,42182099999,24.64,1016.67,66.1
2026-03-17 15:00:00+00:00,42182099999,21.83,1016.27,68.1
2026-03-17 16:00:00+00:00,42182099999,20.27,1017.09,71.6
2026-03-17 17:00:00+00:00,42182099999,20.65,1016.65,72.3
2026-03-17 18:00:00+00:00,42182099999,19.22,1016.55,73.5
2026-03-17 19:00:00+00:00,42182099999,18.82,1016.45,68.0
2026-03-17 20:00:00+00:00,42182099999,20.65,1016.92,68.0
2026-03-17 21:00:00+00:00,42182099999,20.93,1016.61,66.4
2026-03-17 22:00:00+00:00,42182099999,24.18,1017.03,67.2
2026-03-17 23:00:00+00:00,42182099999,26.39,1016.77,62.0
2026-03-18 00:00:00+00:00,42182099999,27.66,1017.19,58.4
2026-03-18 01:00:00+00:00,42182099999,29.95,1016.75,56.8
2026-03-18 02:00:00+00:00,42182099999,32.61,1016.67,47.5
2026-03-18 03:00:00+00:00,42182099999,34.37,1016.28,49.6
2026-03-18 04:00:00+00:00,42182099999,35.21,1016.54,45.1
2026-03-18 05:00:00+00:00,42182099999,37.03,1017.08,40.8
2026-03-18 06:00:00+00:00,42182099999,35.77,1017.78,45.7
2026-03-18 07:00:00+00:00,42182099999,36.43,1016.49,39.1
2026-03-18 08:00:00+00:00,42182099999,35.55,1016.55,41.4
2026-03-18 09:00:00+00:00,42182099999,34.2,1016.96,46.2
2026-03-18 10:00:00+00:00,42182099999,32.68,1017.01,51.0
2026-03-18 11:00:00+00:00,42182099999,29.59,1016.66,53.4
2026-03-18 12:00:00+00:00,42182099999,28.35,1016.89,52.8
2026-03-18 13:00:00+00:00,42182099999,25.56,1016.38,61.4
2026-03-18 14:00:00+00:00,42182099999,23.11,1016.77,65.8
2026-03-18 15:00:00+00:00,42182099999,20.82,1017.13,75.6
2026-03-18 16:00:00+00:00,42182099999,19.5,1017.35,75.3
2026-03-18 17:00:00+00:00,42182099999,19.52,1016.81,73.8
2026-03-18 18:00:00+00:00,42182099999,18.42,1016.79,71.3
2026-03-18 19:00:00+00:00,42182099999,19.35,1017.0,74.3
2026-03-18 20:00:00+00:00,42182099999,20.84,1017.19,69.0
2026-03-18 21:00:00+00:00,42182099999,22.26,1017.01,69.9
2026-03-18 22:00:00+00:00,42182099999,24.44,1016.64,66.9
2026-03-18 23:00:00+00:00,42182099999,25.49,1016.97,61.2
2026-03-19 00:00:00+00:00,42182099999,27.35,1017.17,58.7
2026-03-19 01:00:00+00:00,42182099999,30.94,1016.67,53.1
2026-03-19 02:00:00+00:00,42182099999,32.69,1016.48,48.6
2026-03-19 03:00:00+00:00,42182099999,35.04,1017.03,50.5
2026-03-19 04:00:00+00:00,42182099999,35.8,1016.99,45.6
2026-03-19 05:00:00+00:00,42182099999,37.41,1017.17,41.8
2026-03-19 06:00:00+00:00,42182099999,37.51,1016.91,40.1
2026-03-19 07:00:00+00:00,42182099999,37.12,1016.69,43.0
2026-03-19 08:00:00+00:00,42182099999,36.1,1016.75,45.6
2026-03-19 09:00:00+00:00,42182099999,34.6,1016.57,48.8
2026-03-19 10:00:00+00:00,42182099999,32.64,1016.6,53.7
2026-03-19 11:00:00+00:00,42182099999,30.46,1016.71,55.0
2026-03-19 12:00:00+00:00,42182099999,28.59,1016.74,55.3
2026-03-19 13:00:00+00:00,42182099999,25.36,1017.21,67.2
2026-03-19 14:00:00+00:00,42182099999,24.54,1016.51,68.9
2026-03-19 15:00:00+00:00,42182099999,21.57,1016.87,71.4
2026-03-19 16:00:00+00:00,42182099999,20.8,1016.71,75.2
2026-03-19 17:00:00+00:00,42182099999,19.25,1017.33,69.8
2026-03-19 18:00:00+00:00,42182099999,18.85,1016.96,73.1
2026-03-19 19:00:00+00:00,42182099999,20.53,1016.77,72.2
2026-03-19 20:00:00+00:00,42182099999,20.02,1017.12,74.8
2026-03-19 21:00:00+00:00,42182099999,20.87,1016.9,66.4
2026-03-19 22:00:00+00:00,42182099999,23.07,1016.74,65.2
2026-03-19 23:00:00+00:00,42182099999,25.48,1017.34,65.9
2026-03-20 00:00:00+00:00,42182099999,29.29,1017.11,59.6
2026-03-20 01:00:00+00:00,42182099999,30.45,1017.41,52.9
2026-03-20 02:00:00+00:00,42182099999,33.06,1017.24,54.7
2026-03-20 03:00:00+00:00,42182099999,33.76,1017.13,43.4
2026-03-20 04:00:00+00:00,42182099999,36.01,1016.94,45.3
2026-03-20 05:00:00+00:00,42182099999,37.1,1016.57,42.0
2026-03-20 06:00:00+00:00,42182099999,38.08,1017.11,43.3
2026-03-20 07:00:00+00:00,42182099999,36.28,1016.92,41.9
2026-03-20 08:00:00+00:00,42182099999,36.16,1017.1,42.1
2026-03-20 09:00:00+00:00,42182099999,34.55,1016.9,47.2
2026-03-20 10:00:00+00:00,42182099999,31.89,1016.69,46.8
2026-03-20 11:00:00+00:00,42182099999,30.32,1016.6,55.2
2026-03-20 12:00:00+00:00,42182099999,27.84,1017.11,57.2
2026-03-20 13:00:00+00:00,42182099999,24.28,1017.28,64.4
2026-03-20 14:00:00+00:00,42182099999,23.86,1016.81,64.9
2026-03-20 15:00:00+00:00,42182099999,21.96,1017.03,67.7
2026-03-20 16:00:00+00:00,42182099999,19.94,1017.31,72.9
2026-03-20 17:00:00+00:00,42182099999,18.5,1016.65,76.5
2026-03-20 18:00:00+00:00,42182099999,19.89,1016.8,68.9
2026-03-20 19:00:00+00:00,42182099999,19.47,1016.56,73.8
2026-03-20 20:00:00+00:00,42182099999,20.82,1017.25,73.4
2026-03-20 21:00:00+00:00,42182099999,22.48,1016.98,65.8
2026-03-20 22:00:00+00:00,42182099999,23.19,1016.76,63.9
2026-03-20 23:00:00+00:00,42182099999,26.16,1016.41,63.8
2026-03-21 00:00:00+00:00,42182099999,27.86,1016.86,56.0
2026-03-21 01:00:00+00:00,42182099999,30.29,1017.21,52.3
2026-03-21 02:00:00+00:00,42182099999,32.45,1016.82,54.3
2026-03-21 03:00:00+00:00,42182099999,34.36,1016.79,44.4
2026-03-21 04:00:00+00:00,42182099999,36.46,1017.1,42.0
2026-03-21 05:00:00+00:00,42182099999,36.77,1016.55,36.9
2026-03-21 06:00:00+00:00,42182099999,36.91,1016.93,39.3
2026-03-21 07:00:00+00:00,42182099999,36.53,1017.09,39.5
2026-03-21 08:00:00+00:00,42182099999,36.0,1016.68,48.4
2026-03-21 09:00:00+00:00,42182099999,33.83,1016.67,49.7
2026-03-21 10:00:00+00:00,42182099999,32.2,1016.99,46.9
2026-03-21 11:00:00+00:00,42182099999,30.3,1016.88,58.7
2026-03-21 12:00:00+00:00,42182099999,27.66,1016.84,59.9
2026-03-21 13:00:00+00:00,42182099999,25.6,1016.98,61.7
2026-03-21 14:00:00+00:00,42182099999,23.13,1016.98,68.0
2026-03-21 15:00:00+00:00,42182099999,22.84,1016.64,70.3
2026-03-21 16:00:00+00:00,42182099999,21.0,1016.72,70.0
2026-03-21 17:00:00+00:00,42182099999,19.58,1017.05,69.1
2026-03-21 18:00:00+00:00,42182099999,18.97,1017.25,71.8
2026-03-21 19:00:00+00:00,42182099999,20.62,1017.32,73.5
2026-03-21 20:00:00+00:00,42182099999,20.4,1016.66,71.0
2026-03-21 21:00:00+00:00,42182099999,21.58,1017.24,67.5
2026-03-21 22:00:00+00:00,42182099999,23.68,1017.14,68.4
2026-03-21 23:00:00+00:00,42182099999,25.85,1016.91,59.5
2026-03-22 00:00:00+00:00,42182099999,28.85,1017.07,60.2
2026-03-22 01:00:00+00:00,42182099999,30.32,1017.17,52.7
2026-03-22 02:00:00+00:00,42182099999,33.76,1017.46,50.3
2026-03-22 03:00:00+00:00,42182099999,33.83,1016.61,43.9
2026-03-22 04:00:00+00:00,42182099999,36.21,1017.11,44.1
2026-03-22 05:00:00+00:00,42182099999,36.09,1016.89,40.6
2026-03-22 06:00:00+00:00,42182099999,38.09,1016.87,37.7
2026-03-22 07:00:00+00:00,42182099999,36.49,1017.27,42.5
2026-03-22 08:00:00+00:00,42182099999,35.76,1017.17,44.0
2026-03-22 09:00:00+00:00,42182099999,34.92,1016.63,48.7
2026-03-22 10:00:00+00:00,42182099999,33.25,1016.84,50.7
2026-03-22 11:00:00+00:00,42182099999,29.66,1017.0,51.4
2026-03-22 12:00:00+00:00,42182099999,27.79,1016.51,56.5
2026-03-22 13:00:00+00:00,42182099999,24.83,1017.18,56.0
2026-03-22 14:00:00+00:00,42182099999,23.58,1016.91,63.3
2026-03-22 15:00:00+00:00,42182099999,21.58,1016.98,72.5
2026-03-22 16:00:00+00:00,42182099999,20.0,1017.03,75.6
2026-03-22 17:00:00+00:00,42182099999,18.9,1017.47,75.4
2026-03-22 18:00:00+00:00,42182099999,18.77,1016.94,74.8
2026-03-22 19:00:00+00:00,42182099999,18.86,1016.82,74.9
2026-03-22 20:00:00+00:00,42182099999,20.52,1017.45,73.1
2026-03-22 21:00:00+00:00,42182099999,22.55,1016.78,65.1
2026-03-22 22:00:00+00:00,42182099999,22.34,1016.77,63.9
2026-03-22 23:00:00+00:00,42182099999,25.6,1016.52,65.1
2026-03-23 00:00:00+00:00,42182099999,27.75,1017.26,60.9
2026-03-23 01:00:00+00:00,42182099999,30.62,1017.02,54.5
2026-03-23 02:00:00+00:00,42182099999,31.93,1017.08,49.3
2026-03-23 03:00:00+00:00,42182099999,34.28,1016.99,45.8
2026-03-23 04:00:00+00:00,42182099999,35.17,1016.9,42.8
2026-03-23 05:00:00+00:00,42182099999,37.11,1016.71,40.3
2026-03-23 06:00:00+00:00,42182099999,37.06,1016.71,37.3
2026-03-23 07:00:00+00:00,42182099999,36.6,1017.07,42.9
2026-03-23 08:00:00+00:00,42182099999,36.02,1016.98,43.0
2026-03-23 09:00:00+00:00,42182099999,34.22,1017.42,46.2
2026-03-23 10:00:00+00:00,42182099999,31.57,1016.72,54.2
2026-03-23 11:00:00+00:00,42182099999,30.69,1016.8,55.3
2026-03-23 12:00:00+00:00,42182099999,28.17,1016.64,56.3
2026-03-23 13:00:00+00:00,42182099999,25.58,1017.35,63.6
2026-03-23 14:00:00+00:00,42182099999,24.09,1016.57,62.3
2026-03-23 15:00:00+00:00,42182099999,22.37,1017.17,71.9
2026-03-23 16:00:00+00:00,42182099999,19.55,1017.37,72.5
2026-03-23 17:00:00+00:00,42182099999,18.84,1016.9,73.0
2026-03-23 18:00:00+00:00,42182099999,19.93,1017.16,75.4
2026-03-23 19:00:00+00:00,42182099999,20.16,1016.31,77.1
2026-03-23 20:00:00+00:00,42182099999,19.76,1016.83,70.7
2026-03-23 21:00:00+00:00,42182099999,20.93,1016.45,66.9
2026-03-23 22:00:00+00:00,42182099999,23.12,1016.99,71.2
2026-03-23 23:00:00+00:00,42182099999,25.37,1016.94,62.2
2026-03-24 00:00:00+00:00,42182099999,27.05,1016.72,61.7
2026-03-24 01:00:00+00:00,42182099999,30.35,1017.23,52.2
2026-03-24 02:00:00+00:00,42182099999,31.73,1017.06,50.9
2026-03-24 03:00:00+00:00,42182099999,33.64,1016.8,45.1
2026-03-24 04:00:00+00:00,42182099999,36.34,1016.8,45.7
2026-03-24 05:00:00+00:00,42182099999,36.28,1016.52,41.9
2026-03-24 06:00:00+00:00,42182099999,36.96,1016.9,40.4
2026-03-24 07:00:00+00:00,42182099999,37.07,1017.58,46.4
2026-03-24 08:00:00+00:00,42182099999,36.28,1016.74,45.0
2026-03-24 09:00:00+00:00,42182099999,34.16,1017.08,41.7
2026-03-24 10:00:00+00:00,42182099999,32.53,1016.79,49.4
2026-03-24 11:00:00+00:00,42182099999,29.83,1017.19,51.6
2026-03-24 12:00:00+00:00,42182099999,29.05,1017.08,55.0
2026-03-24 13:00:00+00:00,42182099999,26.06,1016.88,60.7
2026-03-24 14:00:00+00:00,42182099999,22.84,1016.42,64.8
2026-03-24 15:00:00+00:00,42182099999,21.64,1016.8,69.4
2026-03-24 16:00:00+00:00,42182099999,20.63,1017.31,69.9
2026-03-24 17:00:00+00:00,42182099999,19.59,1016.88,68.9
2026-03-24 18:00:00+00:00,42182099999,20.1,1017.14,72.7
2026-03-24 19:00:00+00:00,42182099999,20.13,1016.81,75.6
2026-03-24 20:00:00+00:00,42182099999,19.88,1016.4,68.5
2026-03-24 21:00:00+00:00,42182099999,21.58,1017.08,70.9
2026-03-24 22:00:00+00:00,42182099999,22.73,1017.05,67.1
2026-03-24 23:00:00+00:00,42182099999,25.82,1016.78,61.0
2026-03-25 00:00:00+00:00,42182099999,28.09,1016.85,58.8
2026-03-25 01:00:00+00:00,42182099999,31.95,1017.05,52.0
2026-03-25 02:00:00+00:00,42182099999,32.56,1016.79,49.0
2026-03-25 03:00:00+00:00,42182099999,33.11,1017.06,44.2
2026-03-25 04:00:00+00:00,42182099999,35.39,1016.9,45.3
2026-03-25 05:00:00+00:00,42182099999,36.76,1016.26,45.9
2026-03-25 06:00:00+00:00,42182099999,36.25,1016.92,40.3
2026-03-25 07:00:00+00:00,42182099999,36.17,1016.78,45.5
2026-03-25 08:00:00+00:00,42182099999,35.57,1016.71,38.9
2026-03-25 09:00:00+00:00,42182099999,34.57,1017.08,44.5
2026-03-25 10:00:00+00:00,42182099999,32.4,1016.82,47.5
2026-03-25 11:00:00+00:00,42182099999,29.8,1017.12,58.1
2026-03-25 12:00:00+00:00,42182099999,28.47,1017.29,56.5
2026-03-25 13:00:00+00:00,42182099999,25.35,1017.0,64.1
2026-03-25 14:00:00+00:00,42182099999,23.2,1016.5,60.9
2026-03-25 15:00:00+00:00,42182099999,20.81,1016.75,69.6
2026-03-25 16:00:00+00:00,42182099999,19.73,1017.23,73.3
2026-03-25 17:00:00+00:00,42182099999,19.7,1016.89,73.4
2026-03-25 18:00:00+00:00,42182099999,18.03,1016.72,67.2
2026-03-25 19:00:00+00:00,42182099999,19.26,1016.94,73.9
2026-03-25 20:00:00+00:00,42182099999,20.64,1017.11,73.9
2026-03-25 21:00:00+00:00,42182099999,21.41,1017.04,72.6
2026-03-25 22:00:00+00:00,42182099999,23.64,1017.15,67.0
2026-03-25 23:00:00+00:00,42182099999,25.0,1016.72,57.9
2026-03-26 00:00:00+00:00,42182099999,28.79,1016.89,57.5
2026-03-26 01:00:00+00:00,42182099999,30.99,1016.9,56.1
2026-03-26 02:00:00+00:00,42182099999,32.64,1016.96,48.0
2026-03-26 03:00:00+00:00,42182099999,33.31,1016.35,48.1
2026-03-26 04:00:00+00:00,42182099999,35.17,1016.9,43.0
2026-03-26 05:00:00+00:00,42182099999,37.28,1016.57,42.8
2026-03-26 06:00:00+00:00,42182099999,38.03,1017.38,43.9
2026-03-26 07:00:00+00:00,42182099999,36.87,1017.43,40.8
2026-03-26 08:00:00+00:00,42182099999,36.54,1017.47,51.3
2026-03-26 09:00:00+00:00,42182099999,34.0,1017.21,47.1
2026-03-26 10:00:00+00:00,42182099999,32.39,1016.83,50.9
2026-03-26 11:00:00+00:00,42182099999,30.33,1017.26,52.0
2026-03-26 12:00:00+00:00,42182099999,28.25,1016.91,58.2
2026-03-26 13:00:00+00:00,42182099999,24.75,1017.15,61.5
2026-03-26 14:00:00+00:00,42182099999,24.06,1016.7,62.4
2026-03-26 15:00:00+00:00,42182099999,22.43,1016.8,65.5
2026-03-26 16:00:00+00:00,42182099999,19.52,1017.11,72.6
2026-03-26 17:00:00+00:00,42182099999,18.49,1017.5,73.2
2026-03-26 18:00:00+00:00,42182099999,19.21,1016.96,67.4
2026-03-26 19:00:00+00:00,42182099999,18.91,1017.64,68.1
2026-03-26 20:00:00+00:00,42182099999,18.78,1017.79,71.1
2026-03-26 21:00:00+00:00,42182099999,22.12,1016.59,69.1
2026-03-26 22:00:00+00:00,42182099999,23.59,1016.96,67.5
2026-03-26 23:00:00+00:00,42182099999,25.38,1016.69,59.0
2026-03-27 00:00:00+00:00,42182099999,29.27,1016.94,59.5
2026-03-27 01:00:00+00:00,42182099999,30.41,1016.82,53.1
2026-03-27 02:00:00+00:00,42182099999,32.05,1016.96,48.7
2026-03-27 03:00:00+00:00,42182099999,34.42,1017.26,46.3
2026-03-27 04:00:00+00:00,42182099999,35.17,1017.26,46.6
2026-03-27 05:00:00+00:00,42182099999,36.24,1017.06,43.9
2026-03-27 06:00:00+00:00,42182099999,37.23,1016.98,44.2
2026-03-27 07:00:00+00:00,42182099999,36.36,1017.01,40.8
2026-03-27 08:00:00+00:00,42182099999,35.52,1017.02,43.4
2026-03-27 09:00:00+00:00,42182099999,35.37,1017.15,43.8
2026-03-27 10:00:00+00:00,42182099999,33.02,1016.98,48.6
2026-03-27 11:00:00+00:00,42182099999,30.81,1017.13,52.9
2026-03-27 12:00:00+00:00,42182099999,28.32,1016.59,56.8
2026-03-27 13:00:00+00:00,42182099999,25.96,1017.21,63.9
2026-03-27 14:00:00+00:00,42182099999,24.37,1017.5,67.1
2026-03-27 15:00:00+00:00,42182099999,21.62,1017.03,71.2
2026-03-27 16:00:00+00:00,42182099999,21.32,1016.56,72.2
2026-03-27 17:00:00+00:00,42182099999,18.74,1017.38,76.1
2026-03-27 18:00:00+00:00,42182099999,18.85,1016.88,74.3
2026-03-27 19:00:00+00:00,42182099999,18.48,1016.09,75.9
2026-03-27 20:00:00+00:00,42182099999,20.0,1016.91,73.1
2026-03-27 21:00:00+00:00,42182099999,21.95,1017.16,71.2
2026-03-27 22:00:00+00:00,42182099999,24.37,1017.09,65.8
2026-03-27 23:00:00+00:00,42182099999,25.27,1017.35,59.0
2026-03-28 00:00:00+00:00,42182099999,28.0,1017.17,54.4
2026-03-28 01:00:00+00:00,42182099999,30.11,1017.02,58.8
2026-03-28 02:00:00+00:00,42182099999,32.06,1016.4,51.0
2026-03-28 03:00:00+00:00,42182099999,33.65,1016.65,47.8
2026-03-28 04:00:00+00:00,42182099999,35.83,1017.04,43.7
2026-03-28 05:00:00+00:00,42182099999,35.65,1017.19,41.4
2026-03-28 06:00:00+00:00,42182099999,37.07,1016.68,49.2
2026-03-28 07:00:00+00:00,42182099999,36.71,1016.8,39.7
2026-03-28 08:00:00+00:00,42182099999,35.4,1017.12,44.0
2026-03-28 09:00:00+00:00,42182099999,33.76,1016.42,46.6
2026-03-28 10:00:00+00:00,42182099999,31.67,1016.41,47.2
2026-03-28 11:00:00+00:00,42182099999,31.45,1016.92,50.7
2026-03-28 12:00:00+00:00,42182099999,27.19,1017.06,56.2
2026-03-28 13:00:00+00:00,42182099999,26.61,1016.84,61.3
2026-03-28 14:00:00+00:00,42182099999,23.86,1016.3,64.8
2026-03-28 15:00:00+00:00,42182099999,21.42,1016.99,71.3
2026-03-28 16:00:00+00:00,42182099999,19.51,1016.59,68.9
2026-03-28 17:00:00+00:00,42182099999,19.93,1017.18,74.5
2026-03-28 18:00:00+00:00,42182099999,20.04,1016.96,77.7
2026-03-28 19:00:00+00:00,42182099999,18.75,1017.06,75.7
2026-03-28 20:00:00+00:00,42182099999,20.03,1017.18,69.0
2026-03-28 21:00:00+00:00,42182099999,22.27,1016.83,61.9
2026-03-28 22:00:00+00:00,42182099999,23.7,1017.23,68.1
2026-03-28 23:00:00+00:00,42182099999,26.87,1017.35,63.4
2026-03-29 00:00:00+00:00,42182099999,27.66,1017.11,56.5
2026-03-29 01:00:00+00:00,42182099999,30.65,1017.38,57.1
2026-03-29 02:00:00+00:00,42182099999,31.75,1016.8,49.0
2026-03-29 03:00:00+00:00,42182099999,35.62,1017.26,47.0
2026-03-29 04:00:00+00:00,42182099999,35.36,1017.07,41.5
2026-03-29 05:00:00+00:00,42182099999,35.37,1016.7,43.3
2026-03-29 06:00:00+00:00,42182099999,36.92,1016.97,40.9
2026-03-29 07:00:00+00:00,42182099999,36.61,1016.83,41.3
2026-03-29 08:00:00+00:00,42182099999,36.94,1016.83,46.8
2026-03-29 09:00:00+00:00,42182099999,34.16,1017.02,47.2
2026-03-29 10:00:00+00:00,42182099999,32.49,1017.31,46.3
2026-03-29 11:00:00+00:00,42182099999,30.69,1016.9,55.6
2026-03-29 12:00:00+00:00,42182099999,28.95,1017.03,60.1
2026-03-29 13:00:00+00:00,42182099999,25.63,1016.55,60.1
2026-03-29 14:00:00+00:00,42182099999,24.12,1017.02,65.0
2026-03-29 15:00:00+00:00,42182099999,21.95,1017.33,69.4
2026-03-29 16:00:00+00:00,42182099999,20.03,1017.23,71.2
2026-03-29 17:00:00+00:00,42182099999,19.35,1017.13,73.8
2026-03-29 18:00:00+00:00,42182099999,19.02,1016.83,75.6
2026-03-29 19:00:00+00:00,42182099999,18.76,1016.7,72.2
2026-03-29 20:00:00+00:00,42182099999,20.93,1016.96,77.1
2026-03-29 21:00:00+00:00,42182099999,20.8,1016.59,67.5
2026-03-29 22:00:00+00:00,42182099999,24.2,1016.62,64.7
2026-03-29 23:00:00+00:00,42182099999,26.24,1017.27,67.1
2026-03-30 00:00:00+00:00,42182099999,27.94,1016.72,64.0
2026-03-30 01:00:00+00:00,42182099999,29.87,1017.53,54.0
2026-03-30 02:00:00+00:00,42182099999,32.36,1016.57,49.5
2026-03-30 03:00:00+00:00,42182099999,34.65,1017.12,44.0
2026-03-30 04:00:00+00:00,42182099999,36.24,1016.65,47.0
2026-03-30 05:00:00+00:00,42182099999,36.87,1017.05,43.0
2026-03-30 06:00:00+00:00,42182099999,37.6,1016.68,39.9
2026-03-30 07:00:00+00:00,42182099999,36.36,1017.01,43.6
2026-03-30 08:00:00+00:00,42182099999,35.93,1016.95,47.6
2026-03-30 09:00:00+00:00,42182099999,33.42,1016.86,48.4
2026-03-30 10:00:00+00:00,42182099999,32.96,1017.15,55.5
2026-03-30 11:00:00+00:00,42182099999,30.42,1017.44,56.8
2026-03-30 12:00:00+00:00,42182099999,27.75,1016.82,59.1
2026-03-30 13:00:00+00:00,42182099999,26.37,1017.26,62.1
2026-03-30 14:00:00+00:00,42182099999,23.91,1017.02,67.4
2026-03-30 15:00:00+00:00,42182099999,19.95,1016.98,72.4
2026-03-30 16:00:00+00:00,42182099999,20.23,1017.65,74.0
2026-03-30 17:00:00+00:00,42182099999,18.43,1016.35,76.1
2026-03-30 18:00:00+00:00,42182099999,19.64,1016.79,74.6
2026-03-30 19:00:00+00:00,42182099999,20.8,1016.46,75.4
2026-03-30 20:00:00+00:00,42182099999,19.89,1016.9,74.9
2026-03-30 21:00:00+00:00,42182099999,21.68,1016.93,68.9
2026-03-30 22:00:00+00:00,42182099999,23.35,1018.13,62.8
2026-03-30 23:00:00+00:00,42182099999,25.88,1017.1,66.5
2026-03-31 00:00:00+00:00,42182099999,28.39,1017.53,59.5
2026-03-31 01:00:00+00:00,42182099999,31.1,1017.38,52.8
2026-03-31 02:00:00+00:00,42182099999,31.91,1016.86,50.6
2026-03-31 03:00:00+00:00,42182099999,35.31,1017.14,46.1
2026-03-31 04:00:00+00:00,42182099999,35.24,1017.49,39.9
2026-03-31 05:00:00+00:00,42182099999,36.86,1017.05,42.1
2026-03-31 06:00:00+00:00,42182099999,37.7,1017.06,38.4
2026-03-31 07:00:00+00:00,42182099999,37.12,1017.15,43.1
2026-03-31 08:00:00+00:00,42182099999,35.23,1016.55,43.9
2026-03-31 09:00:00+00:00,42182099999,33.94,1016.75,49.5
2026-03-31 10:00:00+00:00,42182099999,32.22,1017.1,49.7
2026-03-31 11:00:00+00:00,42182099999,30.3,1017.16,54.8
2026-03-31 12:00:00+00:00,42182099999,28.69,1016.72,57.3
2026-03-31 13:00:00+00:00,42182099999,24.9,1016.9,61.2
2026-03-31 14:00:00+00:00,42182099999,23.78,1016.96,62.5
2026-03-31 15:00:00+00:00,42182099999,22.0,1016.95,71.8
2026-03-31 16:00:00+00:00,42182099999,20.54,1017.2,72.3
2026-03-31 17:00:00+00:00,42182099999,19.59,1017.03,72.0
2026-03-31 18:00:00+00:00,42182099999,19.91,1017.04,74.5
2026-03-31 19:00:00+00:00,42182099999,19.6,1016.57,72.4
2026-03-31 20:00:00+00:00,42182099999,20.72,1016.68,70.0
2026-03-31 21:00:00+00:00,42182099999,21.97,1017.09,69.9
2026-03-31 22:00:00+00:00,42182099999,24.58,1016.52,69.0
2026-03-31 23:00:00+00:00,42182099999,24.53,1017.08,61.5
2026-04-01 00:00:00+00:00,42182099999,28.77,1016.8,54.4
2026-04-01 01:00:00+00:00,42182099999,30.17,1016.75,52.3
2026-04-01 02:00:00+00:00,42182099999,32.33,1017.19,54.5
2026-04-01 03:00:00+00:00,42182099999,33.78,1016.79,44.7
2026-04-01 04:00:00+00:00,42182099999,34.67,1016.74,47.1
2026-04-01 05:00:00+00:00,42182099999,36.46,1016.79,41.9
2026-04-01 06:00:00+00:00,42182099999,36.59,1017.01,43.9
2026-04-01 07:00:00+00:00,42182099999,36.99,1017.81,42.3
2026-04-01 08:00:00+00:00,42182099999,34.91,1016.36,40.2
2026-04-01 09:00:00+00:00,42182099999,35.22,1016.99,45.7
2026-04-01 10:00:00+00:00,42182099999,32.66,1016.92,55.3
2026-04-01 11:00:00+00:00,42182099999,30.18,1017.28,53.5
2026-04-01 12:00:00+00:00,42182099999,27.57,1016.88,59.4
2026-04-01 13:00:00+00:00,42182099999,25.2,1016.26,61.3
2026-04-01 14:00:00+00:00,42182099999,22.82,1017.39,65.7
2026-04-01 15:00:00+00:00,42182099999,21.31,1016.67,70.1
2026-04-01 16:00:00+00:00,42182099999,20.21,1016.98,73.0
2026-04-01 17:00:00+00:00,42182099999,19.2,1016.59,79.0
2026-04-01 18:00:00+00:00,42182099999,18.15,1016.67,74.0
2026-04-01 19:00:00+00:00,42182099999,19.15,1016.85,73.0
2026-04-01 20:00:00+00:00,42182099999,19.67,1017.25,70.2
2026-04-01 21:00:00+00:00,42182099999,21.73,1017.24,66.0
2026-04-01 22:00:00+00:00,42182099999,24.62,1016.82,62.0
2026-04-01 23:00:00+00:00,42182099999,26.05,1017.14,63.8
2026-04-02 00:00:00+00:00,42182099999,27.81,1016.88,53.3
2026-04-02 01:00:00+00:00,42182099999,29.35,1017.03,57.4
2026-04-02 02:00:00+00:00,42182099999,31.65,1017.04,52.2
2026-04-02 03:00:00+00:00,42182099999,33.35,1017.18,46.0
2026-04-02 04:00:00+00:00,42182099999,36.23,1016.81,41.3
2026-04-02 05:00:00+00:00,42182099999,36.23,1016.95,42.6
2026-04-02 06:00:00+00:00,42182099999,37.04,1017.06,42.1
2026-04-02 07:00:00+00:00,42182099999,36.32,1017.02,45.4
2026-04-02 08:00:00+00:00,42182099999,35.85,1016.75,42.3
2026-04-02 09:00:00+00:00,42182099999,35.2,1017.51,45.7
2026-04-02 10:00:00+00:00,42182099999,32.09,1016.85,49.9
2026-04-02 11:00:00+00:00,42182099999,30.12,1017.22,53.2
2026-04-02 12:00:00+00:00,42182099999,27.52,1017.05,56.4
2026-04-02 13:00:00+00:00,42182099999,26.2,1017.36,57.9
2026-04-02 14:00:00+00:00,42182099999,22.88,1016.34,61.9
2026-04-02 15:00:00+00:00,42182099999,20.96,1017.6,67.6
2026-04-02 16:00:00+00:00,42182099999,19.37,1016.93,71.3
2026-04-02 17:00:00+00:00,42182099999,18.46,1016.62,76.0
2026-04-02 18:00:00+00:00,42182099999,19.28,1017.03,79.8
2026-04-02 19:00:00+00:00,42182099999,20.85,1017.66,77.7
2026-04-02 20:00:00+00:00,42182099999,19.61,1017.14,72.9
2026-04-02 21:00:00+00:00,42182099999,22.21,1016.62,74.0
2026-04-02 22:00:00+00:00,42182099999,23.65,1016.85,65.7
2026-04-02 23:00:00+00:00,42182099999,25.01,1017.39,60.8
2026-04-03 00:00:00+00:00,42182099999,27.83,1016.57,63.8
2026-04-03 01:00:00+00:00,42182099999,30.19,1016.94,51.2
2026-04-03 02:00:00+00:00,42182099999,32.09,1016.9,49.0
2026-04-03 03:00:00+00:00,42182099999,35.52,1017.64,46.0
2026-04-03 04:00:00+00:00,42182099999,34.65,1016.9,47.8
2026-04-03 05:00:00+00:00,42182099999,36.92,1017.38,41.1
2026-04-03 06:00:00+00:00,42182099999,37.2,1016.79,44.0
2026-04-03 07:00:00+00:00,42182099999,36.35,1016.75,41.5
2026-04-03 08:00:00+00:00,42182099999,35.88,1017.29,41.1
2026-04-03 09:00:00+00:00,42182099999,34.89,1017.17,47.3
2026-04-03 10:00:00+00:00,42182099999,32.59,1016.47,50.4
2026-04-03 11:00:00+00:00,42182099999,30.58,1017.18,51.0
2026-04-03 12:00:00+00:00,42182099999,28.42,1017.18,55.8
2026-04-03 13:00:00+00:00,42182099999,24.45,1016.81,60.2
2026-04-03 14:00:00+00:00,42182099999,24.39,1017.05,68.4
2026-04-03 15:00:00+00:00,42182099999,23.0,1017.07,70.5
2026-04-03 16:00:00+00:00,42182099999,20.79,1016.84,72.5
2026-04-03 17:00:00+00:00,42182099999,19.91,1016.81,74.7
2026-04-03 18:00:00+00:00,42182099999,18.16,1016.79,72.8
2026-04-03 19:00:00+00:00,42182099999,19.24,1016.91,74.7
2026-04-03 20:00:00+00:00,42182099999,19.72,1016.59,70.4
2026-04-03 21:00:00+00:00,42182099999,21.28,1016.98,66.0
2026-04-03 22:00:00+00:00,42182099999,24.08,1016.54,64.3
2026-04-03 23:00:00+00:00,42182099999,25.19,1017.01,62.7
2026-04-04 00:00:00+00:00,42182099999,27.92,1016.96,58.2
2026-04-04 01:00:00+00:00,42182099999,29.18,1016.68,56.5
2026-04-04 02:00:00+00:00,42182099999,32.4,1017.24,45.8
2026-04-04 03:00:00+00:00,42182099999,34.42,1017.56,46.2
2026-04-04 04:00:00+00:00,42182099999,35.37,1017.38,45.1
2026-04-04 05:00:00+00:00,42182099999,36.26,1016.58,40.2
2026-04-04 06:00:00+00:00,42182099999,38.13,1017.36,42.6
2026-04-04 07:00:00+00:00,42182099999,35.97,1017.05,41.5
2026-04-04 08:00:00+00:00,42182099999,35.16,1016.97,41.3
2026-04-04 09:00:00+00:00,42182099999,33.88,1016.81,49.5
2026-04-04 10:00:00+00:00,42182099999,33.22,1016.98,46.5
2026-04-04 11:00:00+00:00,42182099999,31.59,1017.4,56.4
2026-04-04 12:00:00+00:00,42182099999,28.2,1017.15,57.0
2026-04-04 13:00:00+00:00,42182099999,25.24,1016.86,59.8
2026-04-04 14:00:00+00:00,42182099999,23.24,1016.79,63.8
2026-04-04 15:00:00+00:00,42182099999,22.27,1016.86,67.5
2026-04-04 16:00:00+00:00,42182099999,19.66,1017.16,69.8
2026-04-04 17:00:00+00:00,42182099999,20.18,1017.54,74.1
2026-04-04 18:00:00+00:00,42182099999,19.85,1016.67,69.3
2026-04-04 19:00:00+00:00,42182099999,19.35,1016.98,76.6
2026-04-04 20:00:00+00:00,42182099999,20.59,1016.87,74.0
2026-04-04 21:00:00+00:00,42182099999,22.09,1016.76,72.8
2026-04-04 22:00:00+00:00,42182099999,24.43,1017.1,63.6
2026-04-04 23:00:00+00:00,42182099999,25.04,1017.15,56.4
2026-04-05 00:00:00+00:00,42182099999,28.71,1016.56,56.5
2026-04-05 01:00:00+00:00,42182099999,30.1,1016.67,53.5
2026-04-05 02:00:00+00:00,42182099999,32.04,1017.34,50.8
2026-04-05 03:00:00+00:00,42182099999,34.43,1017.08,45.4
2026-04-05 04:00:00+00:00,42182099999,35.67,1017.14,44.0
2026-04-05 05:00:00+00:00,42182099999,36.1,1016.83,42.9
2026-04-05 06:00:00+00:00,42182099999,36.04,1016.87,38.2
2026-04-05 07:00:00+00:00,42182099999,36.13,1017.12,47.1
2026-04-05 08:00:00+00:00,42182099999,36.67,1016.83,41.4
2026-04-05 09:00:00+00:00,42182099999,35.54,1016.65,47.4
2026-04-05 10:00:00+00:00,42182099999,32.89,1016.98,52.7
2026-04-05 11:00:00+00:00,42182099999,31.04,1017.25,51.9
2026-04-05 12:00:00+00:00,42182099999,27.69,1016.67,58.0
2026-04-05 13:00:00+00:00,42182099999,25.62,1017.3,66.2
2026-04-05 14:00:00+00:00,42182099999,23.67,1017.19,65.3
2026-04-05 15:00:00+00:00,42182099999,20.99,1016.72,72.0
2026-04-05 16:00:00+00:00,42182099999,19.61,1016.98,72.6
2026-04-05 17:00:00+00:00,42182099999,19.36,1016.97,74.1
2026-04-05 18:00:00+00:00,42182099999,18.81,1017.17,75.8
2026-04-05 19:00:00+00:00,42182099999,18.67,1017.18,72.9
2026-04-05 20:00:00+00:00,42182099999,20.44,1016.59,71.4
2026-04-05 21:00:00+00:00,42182099999,21.48,1016.58,71.7
2026-04-05 22:00:00+00:00,42182099999,24.11,1017.29,66.7
2026-04-05 23:00:00+00:00,42182099999,25.67,1017.02,63.4
2026-04-06 00:00:00+00:00,42182099999,27.82,1017.1,55.0
2026-04-06 01:00:00+00:00,42182099999,30.41,1017.08,53.9
2026-04-06 02:00:00+00:00,42182099999,32.4,1017.43,53.1
2026-04-06 03:00:00+00:00,42182099999,33.96,1016.62,49.0
2026-04-06 04:00:00+00:00,42182099999,35.55,1017.3,45.0
2026-04-06 05:00:00+00:00,42182099999,37.14,1016.73,41.3
2026-04-06 06:00:00+00:00,42182099999,37.39,1017.19,40.5
2026-04-06 07:00:00+00:00,42182099999,37.47,1017.37,43.7
2026-04-06 08:00:00+00:00,42182099999,34.78,1016.57,47.7
2026-04-06 09:00:00+00:00,42182099999,34.13,1017.1,46.8
2026-04-06 10:00:00+00:00,42182099999,32.25,1016.89,53.3
2026-04-06 11:00:00+00:00,42182099999,30.43,1016.89,53.1
2026-04-06 12:00:00+00:00,42182099999,27.73,1016.99,61.0
2026-04-06 13:00:00+00:00,42182099999,25.36,1016.66,59.7
2026-04-06 14:00:00+00:00,42182099999,23.97,1016.69,66.5
2026-04-06 15:00:00+00:00,42182099999,21.74,1017.17,66.7
2026-04-06 16:00:00+00:00,42182099999,19.51,1017.23,73.5
2026-04-06 17:00:00+00:00,42182099999,20.11,1016.81,74.9
2026-04-06 18:00:00+00:00,42182099999,19.6,1016.54,71.7
2026-04-06 19:00:00+00:00,42182099999,18.96,1017.66,71.6
2026-04-06 20:00:00+00:00,42182099999,20.7,1017.3,70.8
2026-04-06 21:00:00+00:00,42182099999,21.19,1017.08,65.6
2026-04-06 22:00:00+00:00,42182099999,24.18,1016.67,63.7
2026-04-06 23:00:00+00:00,42182099999,25.54,1016.8,60.0
2026-04-07 00:00:00+00:00,42182099999,27.52,1017.04,60.0
2026-04-07 01:00:00+00:00,42182099999,30.11,1016.69,57.4
2026-04-07 02:00:00+00:00,42182099999,32.04,1017.45,48.9
2026-04-07 03:00:00+00:00,42182099999,34.48,1017.01,46.0
2026-04-07 04:00:00+00:00,42182099999,35.9,1017.09,44.7
2026-04-07 05:00:00+00:00,42182099999,36.71,1016.67,41.3
2026-04-07 06:00:00+00:00,42182099999,36.67,1016.7,41.3
2026-04-07 07:00:00+00:00,42182099999,34.5,1016.74,44.7
2026-04-07 08:00:00+00:00,42182099999,35.85,1017.05,44.8
2026-04-07 09:00:00+00:00,42182099999,33.23,1016.89,46.5
2026-04-07 10:00:00+00:00,42182099999,32.65,1016.88,48.6
2026-04-07 11:00:00+00:00,42182099999,31.01,1017.06,57.6
2026-04-07 12:00:00+00:00,42182099999,28.16,1017.04,56.5
2026-04-07 13:00:00+00:00,42182099999,25.44,1017.41,62.5
2026-04-07 14:00:00+00:00,42182099999,23.39,1016.91,63.5
2026-04-07 15:00:00+00:00,42182099999,21.56,1016.67,67.9
2026-04-07 16:00:00+00:00,42182099999,19.88,1016.97,72.1
2026-04-07 17:00:00+00:00,42182099999,18.96,1017.4,72.5
2026-04-07 18:00:00+00:00,42182099999,18.45,1016.81,75.4
2026-04-07 19:00:00+00:00,42182099999,20.02,1016.98,73.7
2026-04-07 20:00:00+00:00,42182099999,20.2,1016.86,68.4
2026-04-07 21:00:00+00:00,42182099999,22.21,1017.09,63.6
2026-04-07 22:00:00+00:00,42182099999,23.35,1017.05,68.5
2026-04-07 23:00:00+00:00,42182099999,25.71,1016.73,60.7
2026-04-08 00:00:00+00:00,42182099999,27.9,1016.9,61.7
2026-04-08 01:00:00+00:00,42182099999,30.61,1017.24,53.9
2026-04-08 02:00:00+00:00,42182099999,33.0,1017.29,48.1
2026-04-08 03:00:00+00:00,42182099999,34.51,1017.24,48.1
2026-04-08 04:00:00+00:00,42182099999,35.39,1017.22,43.5
2026-04-08 05:00:00+00:00,42182099999,36.23,1016.86,42.6
2026-04-08 06:00:00+00:00,42182099999,38.0,1016.86,39.7
2026-04-08 07:00:00+00:00,42182099999,36.53,1017.24,44.2
2026-04-08 08:00:00+00:00,42182099999,35.62,1016.62,46.9
2026-04-08 09:00:00+00:00,42182099999,35.24,1016.95,45.4
2026-04-08 10:00:00+00:00,42182099999,33.15,1016.42,54.5
2026-04-08 11:00:00+00:00,42182099999,30.65,1016.85,52.5
2026-04-08 12:00:00+00:00,42182099999,27.76,1016.75,58.7
2026-04-08 13:00:00+00:00,42182099999,27.08,1016.61,58.1
2026-04-08 14:00:00+00:00,42182099999,23.74,1017.13,61.2
2026-04-08 15:00:00+00:00,42182099999,21.96,1016.75,74.6
2026-04-08 16:00:00+00:00,42182099999,20.1,1016.85,75.4
2026-04-08 17:00:00+00:00,42182099999,18.46,1016.89,76.4
2026-04-08 18:00:00+00:00,42182099999,18.2,1016.75,69.8
2026-04-08 19:00:00+00:00,42182099999,19.55,1017.38,74.1
2026-04-08 20:00:00+00:00,42182099999,20.44,1016.82,72.9
2026-04-08 21:00:00+00:00,42182099999,21.49,1017.02,69.5
2026-04-08 22:00:00+00:00,42182099999,22.8,1016.58,66.8
2026-04-08 23:00:00+00:00,42182099999,24.81,1016.82,59.9
2026-04-09 00:00:00+00:00,42182099999,27.8,1016.86,57.6
2026-04-09 01:00:00+00:00,42182099999,29.46,1016.86,51.0
2026-04-09 02:00:00+00:00,42182099999,33.04,1016.78,49.2
2026-04-09 03:00:00+00:00,42182099999,35.06,1017.0,47.6
2026-04-09 04:00:00+00:00,42182099999,37.49,1017.41,42.2
2026-04-09 05:00:00+00:00,42182099999,37.22,1016.92,41.9
2026-04-09 06:00:00+00:00,42182099999,36.64,1016.91,41.0
2026-04-09 07:00:00+00:00,42182099999,36.17,1016.84,42.6
2026-04-09 08:00:00+00:00,42182099999,33.72,1017.7,46.5
2026-04-09 09:00:00+00:00,42182099999,34.01,1017.43,47.3
2026-04-09 10:00:00+00:00,42182099999,32.39,1017.12,51.0
2026-04-09 11:00:00+00:00,42182099999,30.91,1017.16,50.3
2026-04-09 12:00:00+00:00,42182099999,28.37,1016.75,57.1
2026-04-09 13:00:00+00:00,42182099999,26.02,1016.91,64.2
2026-04-09 14:00:00+00:00,42182099999,23.63,1017.02,63.9
2026-04-09 15:00:00+00:00,42182099999,22.03,1016.99,68.3
2026-04-09 16:00:00+00:00,42182099999,21.07,1016.7,69.5
2026-04-09 17:00:00+00:00,42182099999,18.67,1016.73,76.8
2026-04-09 18:00:00+00:00,42182099999,18.73,1017.11,72.9
2026-04-09 19:00:00+00:00,42182099999,18.47,1017.05,71.7
2026-04-09 20:00:00+00:00,42182099999,21.18,1016.33,73.4
2026-04-09 21:00:00+00:00,42182099999,22.41,1016.98,72.1
2026-04-09 22:00:00+00:00,42182099999,23.95,1017.33,67.3
2026-04-09 23:00:00+00:00,42182099999,24.95,1016.77,64.6
2026-04-10 00:00:00+00:00,42182099999,28.1,1017.02,58.6
2026-04-10 01:00:00+00:00,42182099999,30.19,1016.52,53.6
2026-04-10 02:00:00+00:00,42182099999,32.55,1017.19,48.9
2026-04-10 03:00:00+00:00,42182099999,34.25,1016.62,45.4
2026-04-10 04:00:00+00:00,42182099999,36.11,1016.58,42.7
2026-04-10 05:00:00+00:00,42182099999,36.46,1016.85,43.5
2026-04-10 06:00:00+00:00,42182099999,37.51,1017.64,41.7
2026-04-10 07:00:00+00:00,42182099999,36.84,1016.77,42.8
2026-04-10 08:00:00+00:00,42182099999,35.62,1016.57,45.7
2026-04-10 09:00:00+00:00,42182099999,34.3,1017.08,46.6
2026-04-10 10:00:00+00:00,42182099999,32.24,1017.01,46.6
2026-04-10 11:00:00+00:00,42182099999,30.82,1017.43,51.9
2026-04-10 12:00:00+00:00,42182099999,27.84,1016.57,55.2
2026-04-10 13:00:00+00:00,42182099999,25.85,1016.48,57.4
2026-04-10 14:00:00+00:00,42182099999,23.26,1016.85,66.3
2026-04-10 15:00:00+00:00,42182099999,20.74,1017.06,66.3
2026-04-10 16:00:00+00:00,42182099999,20.75,1017.05,68.7
2026-04-10 17:00:00+00:00,42182099999,18.67,1017.26,70.8
2026-04-10 18:00:00+00:00,42182099999,19.41,1016.51,76.2
2026-04-10 19:00:00+00:00,42182099999,19.56,1016.7,72.7
2026-04-10 20:00:00+00:00,42182099999,19.21,1016.91,74.4
2026-04-10 21:00:00+00:00,42182099999,21.07,1017.19,69.1
2026-04-10 22:00:00+00:00,42182099999,23.19,1017.09,64.9
2026-04-10 23:00:00+00:00,42182099999,25.18,1016.82,63.6
2026-04-11 00:00:00+00:00,42182099999,27.29,1016.63,59.5
2026-04-11 01:00:00+00:00,42182099999,30.77,1017.19,54.3
2026-04-11 02:00:00+00:00,42182099999,32.36,1017.21,47.6
2026-04-11 03:00:00+00:00,42182099999,34.6,1017.73,45.8
2026-04-11 04:00:00+00:00,42182099999,35.54,1016.88,41.6
2026-04-11 05:00:00+00:00,42182099999,36.88,1017.41,42.4
2026-04-11 06:00:00+00:00,42182099999,36.55,1016.58,42.8
2026-04-11 07:00:00+00:00,42182099999,36.68,1016.77,46.9
2026-04-11 08:00:00+00:00,42182099999,36.14,1016.74,48.5
2026-04-11 09:00:00+00:00,42182099999,34.39,1016.8,49.3
2026-04-11 10:00:00+00:00,42182099999,32.23,1016.68,53.5
2026-04-11 11:00:00+00:00,42182099999,29.68,1016.78,55.7
2026-04-11 12:00:00+00:00,42182099999,28.1,1016.92,66.6
2026-04-11 13:00:00+00:00,42182099999,25.88,1016.8,67.8
2026-04-11 14:00:00+00:00,42182099999,23.34,1017.13,74.8
2026-04-11 15:00:00+00:00,42182099999,21.17,1016.91,72.5
2026-04-11 16:00:00+00:00,42182099999,20.53,1016.93,75.3
2026-04-11 17:00:00+00:00,42182099999,20.8,1017.37,78.8
2026-04-11 18:00:00+00:00,42182099999,18.82,1017.03,77.3
2026-04-11 19:00:00+00:00,42182099999,19.51,1016.98,77.2
2026-04-11 20:00:00+00:00,42182099999,20.43,1016.93,72.3
2026-04-11 21:00:00+00:00,42182099999,20.1,1016.95,74.8
2026-04-11 22:00:00+00:00,42182099999,23.57,1017.1,69.4
2026-04-11 23:00:00+00:00,42182099999,25.25,1016.7,67.3
2026-04-12 00:00:00+00:00,42182099999,28.83,1017.26,60.3
2026-04-12 01:00:00+00:00,42182099999,30.18,1017.38,52.0
2026-04-12 02:00:00+00:00,42182099999,32.03,1017.26,54.1
2026-04-12 03:00:00+00:00,42182099999,34.23,1016.78,52.4
2026-04-12 04:00:00+00:00,42182099999,35.89,1016.45,43.4
2026-04-12 05:00:00+00:00,42182099999,36.36,1016.79,42.6
2026-04-12 06:00:00+00:00,42182099999,36.97,1016.97,43.8
2026-04-12 07:00:00+00:00,42182099999,35.88,1017.17,44.7
2026-04-12 08:00:00+00:00,42182099999,35.66,1016.87,42.6
2026-04-12 09:00:00+00:00,42182099999,34.83,1016.83,54.6
2026-04-12 10:00:00+00:00,42182099999,33.68,1017.37,56.3
2026-04-12 11:00:00+00:00,42182099999,30.75,1016.73,56.2
2026-04-12 12:00:00+00:00,42182099999,28.16,1017.24,57.5
2026-04-12 13:00:00+00:00,42182099999,26.38,1017.19,67.9
2026-04-12 14:00:00+00:00,42182099999,24.11,1016.53,76.6
2026-04-12 15:00:00+00:00,42182099999,22.63,1017.0,77.2
2026-04-12 16:00:00+00:00,42182099999,20.86,1016.76,81.0
2026-04-12 17:00:00+00:00,42182099999,19.24,1016.64,77.2
2026-04-12 18:00:00+00:00,42182099999,19.16,1016.38,81.1
2026-04-12 19:00:00+00:00,42182099999,19.41,1016.46,76.0
2026-04-12 20:00:00+00:00,42182099999,20.39,1017.04,83.9
2026-04-12 21:00:00+00:00,42182099999,21.76,1016.81,77.4
2026-04-12 22:00:00+00:00,42182099999,23.03,1017.0,66.6
2026-04-12 23:00:00+00:00,42182099999,24.41,1016.61,63.2
2026-04-13 00:00:00+00:00,42182099999,27.6,1016.82,65.2
2026-04-13 01:00:00+00:00,42182099999,29.11,1016.83,59.8
2026-04-13 02:00:00+00:00,42182099999,32.54,1016.46,54.4
2026-04-13 03:00:00+00:00,42182099999,34.37,1016.42,53.4
2026-04-13 04:00:00+00:00,42182099999,34.79,1017.04,54.5
2026-04-13 05:00:00+00:00,42182099999,37.11,1016.95,48.3
2026-04-13 06:00:00+00:00,42182099999,37.52,1016.64,41.7
2026-04-13 07:00:00+00:00,42182099999,36.75,1016.88,47.0
2026-04-13 08:00:00+00:00,42182099999,36.79,1017.1,45.7
2026-04-13 09:00:00+00:00,42182099999,35.49,1017.45,50.0
2026-04-13 10:00:00+00:00,42182099999,31.78,1016.65,57.0
2026-04-13 11:00:00+00:00,42182099999,30.95,1017.09,60.0
2026-04-13 12:00:00+00:00,42182099999,28.26,1017.53,62.3
2026-04-13 13:00:00+00:00,42182099999,25.92,1016.93,70.0
2026-04-13 14:00:00+00:00,42182099999,24.06,1017.34,72.3
2026-04-13 15:00:00+00:00,42182099999,21.2,1016.15,80.0
2026-04-13 16:00:00+00:00,42182099999,19.85,1017.34,80.8
2026-04-13 17:00:00+00:00,42182099999,18.81,1016.91,84.6
2026-04-13 18:00:00+00:00,42182099999,18.55,1016.36,83.5
2026-04-13 19:00:00+00:00,42182099999,19.25,1017.14,85.9
2026-04-13 20:00:00+00:00,42182099999,19.33,1017.22,81.7
2026-04-13 21:00:00+00:00,42182099999,21.01,1017.26,79.3
2026-04-13 22:00:00+00:00,42182099999,23.85,1017.26,74.0
2026-04-13 23:00:00+00:00,42182099999,25.63,1016.9,71.8
2026-04-14 00:00:00+00:00,42182099999,28.23,1016.68,61.6
2026-04-14 01:00:00+00:00,42182099999,29.2,1016.76,69.8
2026-04-14 02:00:00+00:00,42182099999,32.03,1016.89,55.8
2026-04-14 03:00:00+00:00,42182099999,34.03,1017.01,54.3
2026-04-14 04:00:00+00:00,42182099999,35.81,1016.75,49.8
2026-04-14 05:00:00+00:00,42182099999,36.34,1016.91,48.0
2026-04-14 06:00:00+00:00,42182099999,37.56,1017.15,50.0
2026-04-14 07:00:00+00:00,42182099999,36.66,1016.99,48.1
2026-04-14 08:00:00+00:00,42182099999,35.8,1017.57,50.3
2026-04-14 09:00:00+00:00,42182099999,34.37,1017.53,50.5
2026-04-14 10:00:00+00:00,42182099999,32.92,1016.56,55.9
2026-04-14 11:00:00+00:00,42182099999,30.05,1016.73,59.8
2026-04-14 12:00:00+00:00,42182099999,28.67,1016.51,73.5
2026-04-14 13:00:00+00:00,42182099999,25.95,1016.55,69.2
2026-04-14 14:00:00+00:00,42182099999,23.59,1017.06,74.7
2026-04-14 15:00:00+00:00,42182099999,21.66,1016.6,82.5
2026-04-14 16:00:00+00:00,42182099999,20.52,1016.59,89.3
2026-04-14 17:00:00+00:00,42182099999,19.92,1016.82,82.1
2026-04-14 18:00:00+00:00,42182099999,19.57,1017.13,83.3
2026-04-14 19:00:00+00:00,42182099999,19.53,1016.79,87.8
2026-04-14 20:00:00+00:00,42182099999,20.73,1016.79,86.7
2026-04-14 21:00:00+00:00,42182099999,21.71,1017.17,78.6
2026-04-14 22:00:00+00:00,42182099999,24.25,1017.03,73.6
2026-04-14 23:00:00+00:00,42182099999,25.65,1017.03,71.6
2026-04-15 00:00:00+00:00,42182099999,26.75,1017.16,71.9
2026-04-15 01:00:00+00:00,42182099999,31.13,1016.58,64.6
2026-04-15 02:00:00+00:00,42182099999,32.56,1016.94,62.5
2026-04-15 03:00:00+00:00,42182099999,33.66,1016.69,56.0
2026-04-15 04:00:00+00:00,42182099999,35.68,1017.18,53.2
2026-04-15 05:00:00+00:00,42182099999,36.16,1017.12,53.4
2026-04-15 06:00:00+00:00,42182099999,38.26,1016.57,50.6
2026-04-15 07:00:00+00:00,42182099999,36.99,1017.27,52.4
2026-04-15 08:00:00+00:00,42182099999,34.85,1016.54,50.9
2026-04-15 09:00:00+00:00,42182099999,34.69,1017.22,55.1
2026-04-15 10:00:00+00:00,42182099999,32.26,1016.94,62.5
2026-04-15 11:00:00+00:00,42182099999,31.48,1016.62,65.1
2026-04-15 12:00:00+00:00,42182099999,27.37,1016.55,68.8
2026-04-15 13:00:00+00:00,42182099999,24.32,1016.79,78.3
2026-04-15 14:00:00+00:00,42182099999,23.54,1016.87,82.8
2026-04-15 15:00:00+00:00,42182099999,21.43,1016.67,85.4
2026-04-15 16:00:00+00:00,42182099999,19.96,1017.05,86.3
2026-04-15 17:00:00+00:00,42182099999,18.02,1016.47,93.6
2026-04-15 18:00:00+00:00,42182099999,19.26,1016.88,99.4
2026-04-15 19:00:00+00:00,42182099999,20.31,1016.88,88.5
2026-04-15 20:00:00+00:00,42182099999,19.06,1016.33,84.5
2026-04-15 21:00:00+00:00,42182099999,22.34,1016.97,83.8
2026-04-15 22:00:00+00:00,42182099999,23.16,1016.51,79.3
2026-04-15 23:00:00+00:00,42182099999,27.08,1016.14,73.6
2026-04-16 00:00:00+00:00,42182099999,28.26,1016.68,68.8
2026-04-16 01:00:00+00:00,42182099999,30.22,1016.8,70.1
2026-04-16 02:00:00+00:00,42182099999,33.16,1017.13,65.4
2026-04-16 03:00:00+00:00,42182099999,34.68,1016.72,63.3
2026-04-16 04:00:00+00:00,42182099999,35.44,1017.3,57.9
2026-04-16 05:00:00+00:00,42182099999,37.12,1017.29,52.1
2026-04-16 06:00:00+00:00,42182099999,36.69,1017.19,56.4
2026-04-16 07:00:00+00:00,42182099999,35.62,1017.25,51.9
2026-04-16 08:00:00+00:00,42182099999,37.01,1016.97,54.8
2026-04-16 09:00:00+00:00,42182099999,34.15,1016.7,55.5
2026-04-16 10:00:00+00:00,42182099999,32.13,1017.05,67.4
2026-04-16 11:00:00+00:00,42182099999,30.53,1017.15,71.8
2026-04-16 12:00:00+00:00,42182099999,27.06,1016.93,72.5
2026-04-16 13:00:00+00:00,42182099999,24.86,1016.79,78.4
2026-04-16 14:00:00+00:00,42182099999,23.2,1016.4,84.6
2026-04-16 15:00:00+00:00,42182099999,21.32,1017.06,89.5
2026-04-16 16:00:00+00:00,42182099999,20.25,1016.97,95.0
2026-04-16 17:00:00+00:00,42182099999,19.98,1016.48,94.7
2026-04-16 18:00:00+00:00,42182099999,18.72,1016.89,96.6
2026-04-16 19:00:00+00:00,42182099999,19.6,1017.08,89.9
2026-04-16 20:00:00+00:00,42182099999,20.57,1016.83,91.9
2026-04-16 21:00:00+00:00,42182099999,20.99,1017.09,83.9
2026-04-16 22:00:00+00:00,42182099999,23.64,1017.09,91.3
2026-04-16 23:00:00+00:00,42182099999,25.11,1016.43,85.2
2026-04-17 00:00:00+00:00,42182099999,28.64,1016.76,77.7
2026-04-17 01:00:00+00:00,42182099999,30.6,1016.99,73.8
2026-04-17 02:00:00+00:00,42182099999,32.51,1017.12,71.8
2026-04-17 03:00:00+00:00,42182099999,33.56,1017.26,64.0
2026-04-17 04:00:00+00:00,42182099999,35.86,1016.28,52.5
2026-04-17 05:00:00+00:00,42182099999,36.23,1016.83,55.1
2026-04-17 06:00:00+00:00,42182099999,37.42,1017.06,47.4
2026-04-17 07:00:00+00:00,42182099999,36.62,1017.21,53.2
2026-04-17 08:00:00+00:00,42182099999,35.31,1017.34,54.0
2026-04-17 09:00:00+00:00,42182099999,34.92,1016.57,61.5
2026-04-17 10:00:00+00:00,42182099999,32.93,1016.73,67.3
2026-04-17 11:00:00+00:00,42182099999,29.97,1016.53,68.2
2026-04-17 12:00:00+00:00,42182099999,28.7,1017.09,75.9
2026-04-17 13:00:00+00:00,42182099999,25.49,1016.45,83.4
2026-04-17 14:00:00+00:00,42182099999,23.31,1017.2,87.2
2026-04-17 15:00:00+00:00,42182099999,21.71,1017.12,91.7
2026-04-17 16:00:00+00:00,42182099999,19.75,1016.99,87.8
2026-04-17 17:00:00+00:00,42182099999,19.04,1016.2,96.7
2026-04-17 18:00:00+00:00,42182099999,18.9,1016.64,101.7
2026-04-17 19:00:00+00:00,42182099999,20.22,1017.07,99.3
2026-04-17 20:00:00+00:00,42182099999,21.11,1016.42,91.5
2026-04-17 21:00:00+00:00,42182099999,21.48,1016.77,92.3
2026-04-17 22:00:00+00:00,42182099999,24.47,1016.81,89.7
2026-04-17 23:00:00+00:00,42182099999,25.64,1017.11,80.5
2026-04-18 00:00:00+00:00,42182099999,28.23,1016.91,59.6
2026-04-18 01:00:00+00:00,42182099999,30.86,1016.91,51.8
2026-04-18 02:00:00+00:00,42182099999,32.68,1016.7,49.1
2026-04-18 03:00:00+00:00,42182099999,35.81,1016.83,46.3
2026-04-18 04:00:00+00:00,42182099999,35.94,1016.79,49.6
2026-04-18 05:00:00+00:00,42182099999,35.97,1017.04,41.7
2026-04-18 06:00:00+00:00,42182099999,37.78,1016.77,40.5
2026-04-18 07:00:00+00:00,42182099999,36.45,1017.13,44.2
2026-04-18 08:00:00+00:00,42182099999,35.61,1016.32,42.9
2026-04-18 09:00:00+00:00,42182099999,32.57,1017.18,47.1
2026-04-18 10:00:00+00:00,42182099999,33.1,1016.78,44.3
2026-04-18 11:00:00+00:00,42182099999,30.82,1017.16,54.5
2026-04-18 12:00:00+00:00,42182099999,28.48,1016.85,57.9
2026-04-18 13:00:00+00:00,42182099999,26.26,1017.08,58.8
2026-04-18 14:00:00+00:00,42182099999,24.51,1017.27,69.3
2026-04-18 15:00:00+00:00,42182099999,21.61,1016.66,68.6
2026-04-18 16:00:00+00:00,42182099999,20.77,1016.85,71.3
2026-04-18 17:00:00+00:00,42182099999,18.86,1016.78,70.1
2026-04-18 18:00:00+00:00,42182099999,18.79,1016.89,69.8
2026-04-18 19:00:00+00:00,42182099999,19.94,1016.35,71.9
2026-04-18 20:00:00+00:00,42182099999,20.44,1016.77,68.0
2026-04-18 21:00:00+00:00,42182099999,20.84,1016.75,70.4
2026-04-18 22:00:00+00:00,42182099999,23.72,1016.59,68.1
2026-04-18 23:00:00+00:00,42182099999,25.56,1016.77,60.5
2026-04-19 00:00:00+00:00,42182099999,27.51,1016.35,53.9
2026-04-19 01:00:00+00:00,42182099999,30.59,1017.22,52.8
2026-04-19 02:00:00+00:00,42182099999,32.26,1016.94,47.3
2026-04-19 03:00:00+00:00,42182099999,33.42,1017.36,47.0
2026-04-19 04:00:00+00:00,42182099999,35.13,1016.55,44.5
2026-04-19 05:00:00+00:00,42182099999,37.75,1016.46,41.4
2026-04-19 06:00:00+00:00,42182099999,36.09,1016.89,42.1
2026-04-19 07:00:00+00:00,42182099999,36.83,1016.31,45.0
2026-04-19 08:00:00+00:00,42182099999,36.16,1016.87,48.3
2026-04-19 09:00:00+00:00,42182099999,34.75,1016.6,45.3
2026-04-19 10:00:00+00:00,42182099999,31.76,1016.71,51.7
2026-04-19 11:00:00+00:00,42182099999,30.14,1016.88,53.2
2026-04-19 12:00:00+00:00,42182099999,28.08,1016.82,55.3
2026-04-19 13:00:00+00:00,42182099999,26.15,1017.36,65.2
2026-04-19 14:00:00+00:00,42182099999,23.11,1016.99,66.9
2026-04-19 15:00:00+00:00,42182099999,20.94,1016.42,69.6
2026-04-19 16:00:00+00:00,42182099999,20.81,1017.1,72.6
2026-04-19 17:00:00+00:00,42182099999,19.97,1016.41,72.9
2026-04-19 18:00:00+00:00,42182099999,19.22,1016.83,71.3
2026-04-19 19:00:00+00:00,42182099999,18.94,1016.43,77.8
2026-04-19 20:00:00+00:00,42182099999,20.45,1016.56,74.0
2026-04-19 21:00:00+00:00,42182099999,21.7,1017.19,69.9
2026-04-19 22:00:00+00:00,42182099999,24.0,1016.64,68.3
2026-04-19 23:00:00+00:00,42182099999,24.92,1016.61,65.3
2026-04-20 00:00:00+00:00,42182099999,28.07,1016.62,57.4
2026-04-20 01:00:00+00:00,42182099999,30.23,1016.69,55.2
2026-04-20 02:00:00+00:00,42182099999,31.83,1017.21,49.1
2026-04-20 03:00:00+00:00,42182099999,34.49,1016.43,48.2
2026-04-20 04:00:00+00:00,42182099999,35.82,1016.42,43.4
2026-04-20 05:00:00+00:00,42182099999,36.45,1016.95,48.5
2026-04-20 06:00:00+00:00,42182099999,37.24,1016.31,41.0
2026-04-20 07:00:00+00:00,42182099999,35.84,1016.67,43.7
2026-04-20 08:00:00+00:00,42182099999,35.76,1017.12,45.2
2026-04-20 09:00:00+00:00,42182099999,34.62,1016.78,45.7
2026-04-20 10:00:00+00:00,42182099999,32.67,1016.64,52.2
2026-04-20 11:00:00+00:00,42182099999,30.98,1016.57,53.5
2026-04-20 12:00:00+00:00,42182099999,27.28,1016.51,56.9
2026-04-20 13:00:00+00:00,42182099999,24.77,1016.61,62.0
2026-04-20 14:00:00+00:00,42182099999,23.64,1016.82,64.0
2026-04-20 15:00:00+00:00,42182099999,21.91,1017.15,72.2
2026-04-20 16:00:00+00:00,42182099999,21.48,1017.07,73.3
2026-04-20 17:00:00+00:00,42182099999,19.68,1016.61,75.8
2026-04-20 18:00:00+00:00,42182099999,18.48,1016.56,70.5
2026-04-20 19:00:00+00:00,42182099999,19.79,1016.99,74.0
2026-04-20 20:00:00+00:00,42182099999,19.7,1016.24,69.8
2026-04-20 21:00:00+00:00,42182099999,20.74,1016.65,69.4
2026-04-20 22:00:00+00:00,42182099999,25.07,1016.68,69.1
2026-04-20 23:00:00+00:00,42182099999,25.87,1016.45,62.7
2026-04-21 00:00:00+00:00,42182099999,28.43,1016.46,57.5
2026-04-21 01:00:00+00:00,42182099999,30.67,1016.86,56.6
2026-04-21 02:00:00+00:00,42182099999,33.59,1016.27,52.4
2026-04-21 03:00:00+00:00,42182099999,34.53,1016.49,51.2
2026-04-21 04:00:00+00:00,42182099999,36.52,1016.56,39.4
2026-04-21 05:00:00+00:00,42182099999,36.08,1016.78,43.3
2026-04-21 06:00:00+00:00,42182099999,36.16,1016.35,40.9
2026-04-21 07:00:00+00:00,42182099999,37.55,1017.08,40.3
2026-04-21 08:00:00+00:00,42182099999,36.68,1016.66,44.3
2026-04-21 09:00:00+00:00,42182099999,34.67,1016.68,43.7
2026-04-21 10:00:00+00:00,42182099999,32.64,1016.65,44.3
2026-04-21 11:00:00+00:00,42182099999,30.43,1016.55,51.5
2026-04-21 12:00:00+00:00,42182099999,27.59,1016.46,57.2
2026-04-21 13:00:00+00:00,42182099999,26.59,1017.09,66.7
2026-04-21 14:00:00+00:00,42182099999,23.9,1016.81,64.1
2026-04-21 15:00:00+00:00,42182099999,21.94,1016.72,66.3
2026-04-21 16:00:00+00:00,42182099999,20.43,1017.05,66.8
2026-04-21 17:00:00+00:00,42182099999,19.94,1016.54,72.5
2026-04-21 18:00:00+00:00,42182099999,19.3,1016.94,73.3
2026-04-21 19:00:00+00:00,42182099999,19.75,1016.76,73.7
2026-04-21 20:00:00+00:00,42182099999,19.5,1016.49,68.1
2026-04-21 21:00:00+00:00,42182099999,21.94,1016.98,67.3
2026-04-21 22:00:00+00:00,42182099999,24.81,1016.31,60.2
2026-04-21 23:00:00+00:00,42182099999,25.36,1016.94,62.5
2026-04-22 00:00:00+00:00,42182099999,27.92,1016.47,54.0
2026-04-22 01:00:00+00:00,42182099999,30.86,1016.85,46.9
2026-04-22 02:00:00+00:00,42182099999,33.07,1017.14,52.8
2026-04-22 03:00:00+00:00,42182099999,34.74,1016.89,47.8
2026-04-22 04:00:00+00:00,42182099999,34.82,1016.55,44.9
2026-04-22 05:00:00+00:00,42182099999,36.99,1016.72,43.3
2026-04-22 06:00:00+00:00,42182099999,36.29,1016.62,39.3
2026-04-22 07:00:00+00:00,42182099999,36.2,1016.38,45.1
2026-04-22 08:00:00+00:00,42182099999,36.12,1016.4,41.4
2026-04-22 09:00:00+00:00,42182099999,34.19,1016.74,51.4
2026-04-22 10:00:00+00:00,42182099999,32.99,1016.88,50.5
2026-04-22 11:00:00+00:00,42182099999,32.22,1016.2,49.1
2026-04-22 12:00:00+00:00,42182099999,28.47,1016.7,60.1
2026-04-22 13:00:00+00:00,42182099999,26.1,1016.87,67.0
2026-04-22 14:00:00+00:00,42182099999,22.96,1016.76,65.3
2026-04-22 15:00:00+00:00,42182099999,21.25,1016.43,71.9
2026-04-22 16:00:00+00:00,42182099999,19.57,1017.03,71.2
2026-04-22 17:00:00+00:00,42182099999,18.99,1016.36,71.8
2026-04-22 18:00:00+00:00,42182099999,18.34,1016.91,67.4
2026-04-22 19:00:00+00:00,42182099999,18.91,1017.2,76.4
2026-04-22 20:00:00+00:00,42182099999,20.08,1016.12,70.6
2026-04-22 21:00:00+00:00,42182099999,21.04,1016.8,70.2
2026-04-22 22:00:00+00:00,42182099999,22.65,1016.81,63.1
2026-04-22 23:00:00+00:00,42182099999,24.85,1016.79,59.8
2026-04-23 00:00:00+00:00,42182099999,28.27,1016.47,60.7
2026-04-23 01:00:00+00:00,42182099999,30.37,1016.61,52.8
2026-04-23 02:00:00+00:00,42182099999,33.12,1016.28,48.9
2026-04-23 03:00:00+00:00,42182099999,34.99,1016.74,43.4
2026-04-23 04:00:00+00:00,42182099999,35.59,1016.85,44.6
2026-04-23 05:00:00+00:00,42182099999,37.1,1016.5,44.4
2026-04-23 06:00:00+00:00,42182099999,36.14,1016.42,40.8
2026-04-23 07:00:00+00:00,42182099999,38.06,1016.56,42.0
2026-04-23 08:00:00+00:00,42182099999,36.51,1016.69,41.0
2026-04-23 09:00:00+00:00,42182099999,34.23,1016.71,50.1
2026-04-23 10:00:00+00:00,42182099999,31.8,1016.66,48.4
2026-04-23 11:00:00+00:00,42182099999,30.56,1016.72,53.4
2026-04-23 12:00:00+00:00,42182099999,26.88,1016.31,62.1
2026-04-23 13:00:00+00:00,42182099999,25.2,1015.89,61.5
2026-04-23 14:00:00+00:00,42182099999,23.95,1016.88,62.0
2026-04-23 15:00:00+00:00,42182099999,21.68,1017.11,66.9
2026-04-23 16:00:00+00:00,42182099999,19.91,1016.28,70.9
2026-04-23 17:00:00+00:00,42182099999,19.88,1016.5,77.8
2026-04-23 18:00:00+00:00,42182099999,18.38,1016.78,74.5
2026-04-23 19:00:00+00:00,42182099999,19.48,1016.98,72.8
2026-04-23 20:00:00+00:00,42182099999,19.91,1016.89,73.8
2026-04-23 21:00:00+00:00,42182099999,21.13,1017.07,72.5
2026-04-23 22:00:00+00:00,42182099999,23.78,1016.68,64.0
2026-04-23 23:00:00+00:00,42182099999,25.07,1016.82,65.7
2026-04-24 00:00:00+00:00,42182099999,29.14,1016.79,60.1
2026-04-24 01:00:00+00:00,42182099999,29.98,1016.54,54.9
2026-04-24 02:00:00+00:00,42182099999,33.69,1017.02,44.0
2026-04-24 03:00:00+00:00,42182099999,33.71,1016.85,47.1
2026-04-24 04:00:00+00:00,42182099999,36.16,1016.96,47.6
2026-04-24 05:00:00+00:00,42182099999,35.97,1016.55,41.8
2026-04-24 06:00:00+00:00,42182099999,36.2,1016.97,47.7
2026-04-24 07:00:00+00:00,42182099999,36.79,1016.36,42.7
2026-04-24 08:00:00+00:00,42182099999,36.2,1016.78,41.5
2026-04-24 09:00:00+00:00,42182099999,33.6,1015.9,48.1
2026-04-24 10:00:00+00:00,42182099999,33.21,1016.37,50.7
2026-04-24 11:00:00+00:00,42182099999,29.85,1016.88,55.9
2026-04-24 12:00:00+00:00,42182099999,28.08,1016.54,57.4
2026-04-24 13:00:00+00:00,42182099999,25.9,1016.72,65.3
2026-04-24 14:00:00+00:00,42182099999,23.86,1016.19,64.5
2026-04-24 15:00:00+00:00,42182099999,20.56,1017.12,69.6
2026-04-24 16:00:00+00:00,42182099999,21.18,1016.84,68.6
2026-04-24 17:00:00+00:00,42182099999,19.64,1016.66,71.4
2026-04-24 18:00:00+00:00,42182099999,18.74,1016.79,74.4
2026-04-24 19:00:00+00:00,42182099999,18.69,1016.76,71.7
2026-04-24 20:00:00+00:00,42182099999,19.19,1017.08,70.7
2026-04-24 21:00:00+00:00,42182099999,20.82,1016.73,68.7
2026-04-24 22:00:00+00:00,42182099999,23.83,1016.24,66.6
2026-04-24 23:00:00+00:00,42182099999,25.47,1016.59,64.0
2026-04-25 00:00:00+00:00,42182099999,27.32,1017.02,59.9
2026-04-25 01:00:00+00:00,42182099999,30.01,1016.81,56.4
2026-04-25 02:00:00+00:00,42182099999,33.44,1016.52,50.5
2026-04-25 03:00:00+00:00,42182099999,34.17,1016.82,45.3
2026-04-25 04:00:00+00:00,42182099999,35.44,1016.67,40.1
2026-04-25 05:00:00+00:00,42182099999,37.5,1016.82,41.6
2026-04-25 06:00:00+00:00,42182099999,37.28,1016.17,39.9
2026-04-25 07:00:00+00:00,42182099999,36.72,1016.38,37.9
2026-04-25 08:00:00+00:00,42182099999,35.43,1016.84,48.2
2026-04-25 09:00:00+00:00,42182099999,33.43,1016.58,42.0
2026-04-25 10:00:00+00:00,42182099999,31.8,1016.74,50.8
2026-04-25 11:00:00+00:00,42182099999,30.04,1017.22,55.2
2026-04-25 12:00:00+00:00,42182099999,27.87,1016.55,57.4
2026-04-25 13:00:00+00:00,42182099999,25.88,1016.71,68.6
2026-04-25 14:00:00+00:00,42182099999,23.83,1016.48,66.0
2026-04-25 15:00:00+00:00,42182099999,21.77,1016.46,67.3
2026-04-25 16:00:00+00:00,42182099999,20.34,1016.62,76.3
2026-04-25 17:00:00+00:00,42182099999,18.7,1016.21,71.4
2026-04-25 18:00:00+00:00,42182099999,17.71,1016.02,70.3
2026-04-25 19:00:00+00:00,42182099999,18.99,1017.04,70.9
2026-04-25 20:00:00+00:00,42182099999,19.63,1016.61,70.2
2026-04-25 21:00:00+00:00,42182099999,21.24,1016.97,69.4
2026-04-25 22:00:00+00:00,42182099999,23.34,1016.68,66.8
2026-04-25 23:00:00+00:00,42182099999,24.92,1016.68,58.2
2026-04-26 00:00:00+00:00,42182099999,27.33,1016.81,58.8
2026-04-26 01:00:00+00:00,42182099999,30.27,1016.82,59.5
2026-04-26 02:00:00+00:00,42182099999,32.57,1016.26,48.1
2026-04-26 03:00:00+00:00,42182099999,33.97,1016.97,46.3
2026-04-26 04:00:00+00:00,42182099999,36.09,1016.33,45.8
2026-04-26 05:00:00+00:00,42182099999,36.56,1016.67,45.5
2026-04-26 06:00:00+00:00,42182099999,36.39,1017.36,40.3
2026-04-26 07:00:00+00:00,42182099999,36.72,1016.64,40.1
2026-04-26 08:00:00+00:00,42182099999,36.92,1017.1,41.5
2026-04-26 09:00:00+00:00,42182099999,33.96,1016.51,49.4
2026-04-26 10:00:00+00:00,42182099999,33.2,1016.79,52.2
2026-04-26 11:00:00+00:00,42182099999,31.16,1016.63,48.3
2026-04-26 12:00:00+00:00,42182099999,28.9,1016.74,52.5
2026-04-26 13:00:00+00:00,42182099999,25.18,1016.36,58.9
2026-04-26 14:00:00+00:00,42182099999,24.71,1016.34,62.1
2026-04-26 15:00:00+00:00,42182099999,21.71,1016.71,70.3
2026-04-26 16:00:00+00:00,42182099999,20.05,1016.15,72.4
2026-04-26 17:00:00+00:00,42182099999,19.17,1016.37,78.4
2026-04-26 18:00:00+00:00,42182099999,19.36,1016.8,76.0
2026-04-26 19:00:00+00:00,42182099999,19.34,1016.43,73.7
2026-04-26 20:00:00+00:00,42182099999,20.1,1016.35,74.8
2026-04-26 21:00:00+00:00,42182099999,22.41,1016.29,67.0
2026-04-26 22:00:00+00:00,42182099999,23.07,1016.66,62.4
2026-04-26 23:00:00+00:00,42182099999,25.04,1016.51,62.2
2026-04-27 00:00:00+00:00,42182099999,28.48,1016.63,60.3
2026-04-27 01:00:00+00:00,42182099999,30.75,1016.53,49.7
2026-04-27 02:00:00+00:00,42182099999,33.16,1017.13,52.2
2026-04-27 03:00:00+00:00,42182099999,33.72,1016.46,48.8
2026-04-27 04:00:00+00:00,42182099999,36.44,1016.01,42.8
2026-04-27 05:00:00+00:00,42182099999,36.98,1016.62,42.9
2026-04-27 06:00:00+00:00,42182099999,38.06,1016.58,41.2
2026-04-27 07:00:00+00:00,42182099999,35.94,1016.63,42.7
2026-04-27 08:00:00+00:00,42182099999,35.93,1016.11,46.1
2026-04-27 09:00:00+00:00,42182099999,34.2,1016.92,44.6
2026-04-27 10:00:00+00:00,42182099999,31.55,1016.57,52.6
2026-04-27 11:00:00+00:00,42182099999,29.9,1016.57,56.0
2026-04-27 12:00:00+00:00,42182099999,28.68,1016.12,60.2
2026-04-27 13:00:00+00:00,42182099999,25.39,1016.72,57.1
2026-04-27 14:00:00+00:00,42182099999,23.07,1016.56,61.2
2026-04-27 15:00:00+00:00,42182099999,22.16,1016.98,71.0
2026-04-27 16:00:00+00:00,42182099999,20.8,1016.46,70.3
2026-04-27 17:00:00+00:00,42182099999,19.9,1016.22,71.6
2026-04-27 18:00:00+00:00,42182099999,18.53,1016.62,72.0
2026-04-27 19:00:00+00:00,42182099999,19.27,1016.32,70.0
2026-04-27 20:00:00+00:00,42182099999,20.82,1016.71,71.1
2026-04-27 21:00:00+00:00,42182099999,21.24,1016.27,67.4
2026-04-27 22:00:00+00:00,42182099999,23.05,1016.55,64.3
2026-04-27 23:00:00+00:00,42182099999,26.17,1016.52,63.3
2026-04-28 00:00:00+00:00,42182099999,28.94,1016.54,54.9
2026-04-28 01:00:00+00:00,42182099999,29.64,1016.4,56.7
2026-04-28 02:00:00+00:00,42182099999,30.94,1016.32,44.3
2026-04-28 03:00:00+00:00,42182099999,33.49,1016.54,53.0
2026-04-28 04:00:00+00:00,42182099999,35.19,1016.38,40.6
2026-04-28 05:00:00+00:00,42182099999,36.61,1016.6,44.0
2026-04-28 06:00:00+00:00,42182099999,37.37,1016.47,44.3
2026-04-28 07:00:00+00:00,42182099999,36.61,1015.9,42.5
2026-04-28 08:00:00+00:00,42182099999,35.37,1016.54,46.0
2026-04-28 09:00:00+00:00,42182099999,34.46,1016.96,46.4
2026-04-28 10:00:00+00:00,42182099999,31.92,1016.64,45.5
2026-04-28 11:00:00+00:00,42182099999,30.3,1016.73,54.7
2026-04-28 12:00:00+00:00,42182099999,27.62,1016.69,60.9
2026-04-28 13:00:00+00:00,42182099999,27.28,1016.42,60.7
2026-04-28 14:00:00+00:00,42182099999,23.99,1016.17,61.6
2026-04-28 15:00:00+00:00,42182099999,21.14,1016.79,67.7
2026-04-28 16:00:00+00:00,42182099999,19.61,1016.86,72.6
2026-04-28 17:00:00+00:00,42182099999,19.04,1016.72,74.2
2026-04-28 18:00:00+00:00,42182099999,18.01,1016.68,76.8
2026-04-28 19:00:00+00:00,42182099999,18.87,1016.67,74.8
2026-04-28 20:00:00+00:00,42182099999,19.76,1016.55,73.1
2026-04-28 21:00:00+00:00,42182099999,22.17,1016.63,64.2
2026-04-28 22:00:00+00:00,42182099999,23.24,1016.56,71.6
2026-04-28 23:00:00+00:00,42182099999,25.2,1016.65,62.2
2026-04-29 00:00:00+00:00,42182099999,27.2,1016.25,60.1
2026-04-29 01:00:00+00:00,42182099999,29.62,1016.34,52.9
2026-04-29 02:00:00+00:00,42182099999,32.46,1016.69,49.6
2026-04-29 03:00:00+00:00,42182099999,34.23,1016.42,46.8
2026-04-29 04:00:00+00:00,42182099999,36.47,1015.82,48.1
2026-04-29 05:00:00+00:00,42182099999,36.32,1016.56,46.4
2026-04-29 06:00:00+00:00,42182099999,37.64,1015.86,43.5
2026-04-29 07:00:00+00:00,42182099999,36.85,1017.08,47.5
2026-04-29 08:00:00+00:00,42182099999,35.79,1016.73,43.1
2026-04-29 09:00:00+00:00,42182099999,33.16,1016.72,48.0
2026-04-29 10:00:00+00:00,42182099999,31.73,1016.33,48.8
2026-04-29 11:00:00+00:00,42182099999,30.77,1016.2,57.1
2026-04-29 12:00:00+00:00,42182099999,28.84,1016.46,58.0
2026-04-29 13:00:00+00:00,42182099999,25.79,1016.53,64.6
2026-04-29 14:00:00+00:00,42182099999,23.96,1016.3,70.3
2026-04-29 15:00:00+00:00,42182099999,21.39,1016.57,64.0
2026-04-29 16:00:00+00:00,42182099999,19.98,1016.72,77.3
2026-04-29 17:00:00+00:00,42182099999,18.91,1016.7,74.2
2026-04-29 18:00:00+00:00,42182099999,19.58,1016.22,73.1
2026-04-29 19:00:00+00:00,42182099999,19.51,1015.9,68.5
2026-04-29 20:00:00+00:00,42182099999,20.07,1016.53,71.0
2026-04-29 21:00:00+00:00,42182099999,21.44,1016.33,63.4
2026-04-29 22:00:00+00:00,42182099999,23.83,1016.65,66.2
2026-04-29 23:00:00+00:00,42182099999,25.86,1017.0,61.7
2026-04-30 00:00:00+00:00,42182099999,27.5,1016.97,62.6
2026-04-30 01:00:00+00:00,42182099999,31.36,1016.58,53.0
2026-04-30 02:00:00+00:00,42182099999,32.65,1016.81,52.7
2026-04-30 03:00:00+00:00,42182099999,34.37,1016.97,49.6
2026-04-30 04:00:00+00:00,42182099999,36.68,1016.51,49.4
2026-04-30 05:00:00+00:00,42182099999,37.31,1016.57,41.9
2026-04-30 06:00:00+00:00,42182099999,36.95,1016.74,43.9
2026-04-30 07:00:00+00:00,42182099999,37.01,1016.48,38.6
2026-04-30 08:00:00+00:00,42182099999,35.15,1016.35,41.3
2026-04-30 09:00:00+00:00,42182099999,33.98,1016.28,46.0
2026-04-30 10:00:00+00:00,42182099999,31.14,1016.5,49.9
2026-04-30 11:00:00+00:00,42182099999,31.06,1016.32,50.7
2026-04-30 12:00:00+00:00,42182099999,26.86,1016.72,56.9
2026-04-30 13:00:00+00:00,42182099999,26.08,1016.4,63.9
2026-04-30 14:00:00+00:00,42182099999,23.0,1016.91,64.8
2026-04-30 15:00:00+00:00,42182099999,21.05,1016.84,68.9
2026-04-30 16:00:00+00:00,42182099999,20.09,1016.14,69.6
2026-04-30 17:00:00+00:00,42182099999,19.47,1016.81,77.0
2026-04-30 18:00:00+00:00,42182099999,19.37,1016.38,78.5
2026-04-30 19:00:00+00:00,42182099999,20.37,1016.89,74.0
2026-04-30 20:00:00+00:00,42182099999,20.42,1016.64,71.5
2026-04-30 21:00:00+00:00,42182099999,22.16,1016.48,73.6
2026-04-30 22:00:00+00:00,42182099999,23.14,1016.69,67.2
2026-04-30 23:00:00+00:00,42182099999,26.1,1016.34,60.4
2026-05-01 00:00:00+00:00,42182099999,28.09,1016.56,54.5
2026-05-01 01:00:00+00:00,42182099999,30.05,1016.57,52.3
2026-05-01 02:00:00+00:00,42182099999,32.44,1016.42,55.6
2026-05-01 03:00:00+00:00,42182099999,34.33,1016.57,45.1
2026-05-01 04:00:00+00:00,42182099999,35.91,1016.18,51.5
2026-05-01 05:00:00+00:00,42182099999,36.93,1016.62,42.5
2026-05-01 06:00:00+00:00,42182099999,36.69,1016.12,41.4
2026-05-01 07:00:00+00:00,42182099999,36.25,1016.64,45.9
2026-05-01 08:00:00+00:00,42182099999,36.24,1016.6,43.5
2026-05-01 09:00:00+00:00,42182099999,33.35,1016.67,47.6
2026-05-01 10:00:00+00:00,42182099999,32.13,1016.31,47.3
2026-05-01 11:00:00+00:00,42182099999,31.26,1017.33,50.7
2026-05-01 12:00:00+00:00,42182099999,26.38,1016.4,56.1
2026-05-01 13:00:00+00:00,42182099999,25.25,1016.51,62.7
2026-05-01 14:00:00+00:00,42182099999,23.91,1016.25,64.3
2026-05-01 15:00:00+00:00,42182099999,20.65,1016.88,64.3
2026-05-01 16:00:00+00:00,42182099999,21.76,1016.33,73.1
2026-05-01 17:00:00+00:00,42182099999,17.75,1016.75,73.0
2026-05-01 18:00:00+00:00,42182099999,19.86,1016.2,73.3
2026-05-01 19:00:00+00:00,42182099999,20.24,1016.56,71.9
2026-05-01 20:00:00+00:00,42182099999,20.76,1016.36,66.1
2026-05-01 21:00:00+00:00,42182099999,21.5,1016.73,73.4
2026-05-01 22:00:00+00:00,42182099999,23.71,1016.39,64.8
2026-05-01 23:00:00+00:00,42182099999,25.13,1016.22,63.5
2026-05-02 00:00:00+00:00,42182099999,28.49,1016.56,61.6
2026-05-02 01:00:00+00:00,42182099999,29.66,1016.1,56.7
2026-05-02 02:00:00+00:00,42182099999,32.34,1016.16,50.5
2026-05-02 03:00:00+00:00,42182099999,34.96,1016.65,46.7
2026-05-02 04:00:00+00:00,42182099999,35.13,1015.9,44.9
2026-05-02 05:00:00+00:00,42182099999,36.47,1016.65,44.9
2026-05-02 06:00:00+00:00,42182099999,37.1,1016.32,43.5
2026-05-02 07:00:00+00:00,42182099999,35.89,1016.18,41.4
2026-05-02 08:00:00+00:00,42182099999,36.49,1016.51,45.3
2026-05-02 09:00:00+00:00,42182099999,34.57,1016.62,47.6
2026-05-02 10:00:00+00:00,42182099999,31.59,1016.27,51.8
2026-05-02 11:00:00+00:00,42182099999,30.3,1016.39,54.4
2026-05-02 12:00:00+00:00,42182099999,27.53,1016.67,61.5
2026-05-02 13:00:00+00:00,42182099999,25.28,1016.65,62.7
2026-05-02 14:00:00+00:00,42182099999,23.55,1016.42,68.3
2026-05-02 15:00:00+00:00,42182099999,21.21,1016.22,69.4
2026-05-02 16:00:00+00:00,42182099999,20.78,1016.17,70.4
2026-05-02 17:00:00+00:00,42182099999,18.88,1016.27,71.0
2026-05-02 18:00:00+00:00,42182099999,19.59,1016.63,73.6
2026-05-02 19:00:00+00:00,42182099999,19.28,1016.6,74.8
2026-05-02 20:00:00+00:00,42182099999,20.72,1016.53,75.1
2026-05-02 21:00:00+00:00,42182099999,21.31,1016.84,69.1
2026-05-02 22:00:00+00:00,42182099999,23.2,1016.36,64.7
2026-05-02 23:00:00+00:00,42182099999,24.98,1016.33,60.8
2026-05-03 00:00:00+00:00,42182099999,28.35,1016.3,61.3
2026-05-03 01:00:00+00:00,42182099999,30.89,1016.95,54.1
2026-05-03 02:00:00+00:00,42182099999,33.77,1015.82,48.7
2026-05-03 03:00:00+00:00,42182099999,35.14,1016.49,48.6
2026-05-03 04:00:00+00:00,42182099999,35.94,1016.53,40.8
2026-05-03 05:00:00+00:00,42182099999,36.57,1016.42,42.8
2026-05-03 06:00:00+00:00,42182099999,37.23,1017.07,41.9
2026-05-03 07:00:00+00:00,42182099999,36.68,1016.74,42.2
2026-05-03 08:00:00+00:00,42182099999,36.67,1016.63,41.2
2026-05-03 09:00:00+00:00,42182099999,34.93,1016.15,49.2
2026-05-03 10:00:00+00:00,42182099999,32.0,1016.55,54.3
2026-05-03 11:00:00+00:00,42182099999,29.92,1016.3,50.5
2026-05-03 12:00:00+00:00,42182099999,28.82,1016.42,58.3
2026-05-03 13:00:00+00:00,42182099999,25.86,1016.47,63.8
2026-05-03 14:00:00+00:00,42182099999,23.36,1016.27,71.8
2026-05-03 15:00:00+00:00,42182099999,22.35,1016.59,68.2
2026-05-03 16:00:00+00:00,42182099999,19.97,1016.87,69.4
2026-05-03 17:00:00+00:00,42182099999,19.14,1016.7,73.4
2026-05-03 18:00:00+00:00,42182099999,18.72,1016.47,79.2
2026-05-03 19:00:00+00:00,42182099999,18.13,1015.86,73.6
2026-05-03 20:00:00+00:00,42182099999,20.72,1016.72,72.5
2026-05-03 21:00:00+00:00,42182099999,20.91,1016.72,73.9
2026-05-03 22:00:00+00:00,42182099999,23.16,1016.36,60.5
2026-05-03 23:00:00+00:00,42182099999,25.22,1016.28,56.6
2026-05-04 00:00:00+00:00,42182099999,28.44,1016.56,60.3
2026-05-04 01:00:00+00:00,42182099999,30.29,1016.15,55.8
2026-05-04 02:00:00+00:00,42182099999,32.51,1016.6,46.4
2026-05-04 03:00:00+00:00,42182099999,33.36,1016.07,48.0
2026-05-04 04:00:00+00:00,42182099999,35.74,1016.12,44.2
2026-05-04 05:00:00+00:00,42182099999,35.81,1016.38,43.1
2026-05-04 06:00:00+00:00,42182099999,37.18,1015.97,39.9
2026-05-04 07:00:00+00:00,42182099999,36.91,1016.38,41.4
2026-05-04 08:00:00+00:00,42182099999,35.78,1016.53,41.9
2026-05-04 09:00:00+00:00,42182099999,35.59,1016.01,46.8
2026-05-04 10:00:00+00:00,42182099999,32.82,1016.64,49.4
2026-05-04 11:00:00+00:00,42182099999,30.69,1016.22,58.2
2026-05-04 12:00:00+00:00,42182099999,28.09,1016.53,59.6
2026-05-04 13:00:00+00:00,42182099999,25.55,1016.44,58.1
2026-05-04 14:00:00+00:00,42182099999,24.08,1016.25,67.1
2026-05-04 15:00:00+00:00,42182099999,22.3,1016.23,73.0
2026-05-04 16:00:00+00:00,42182099999,19.43,1015.9,72.6
2026-05-04 17:00:00+00:00,42182099999,19.94,1016.18,76.2
2026-05-04 18:00:00+00:00,42182099999,19.31,1016.16,73.9
2026-05-04 19:00:00+00:00,42182099999,19.88,1016.84,75.3
2026-05-04 20:00:00+00:00,42182099999,20.49,1016.67,69.5
2026-05-04 21:00:00+00:00,42182099999,20.89,1015.99,71.3
2026-05-04 22:00:00+00:00,42182099999,22.8,1016.6,62.5
2026-05-04 23:00:00+00:00,42182099999,26.77,1016.44,65.5
2026-05-05 00:00:00+00:00,42182099999,28.15,1016.23,54.1
2026-05-05 01:00:00+00:00,42182099999,29.48,1016.47,48.4
2026-05-05 02:00:00+00:00,42182099999,32.71,1016.56,51.4
2026-05-05 03:00:00+00:00,42182099999,34.15,1016.18,46.2
2026-05-05 04:00:00+00:00,42182099999,34.69,1016.26,44.4
2026-05-05 05:00:00+00:00,42182099999,35.32,1016.39,43.6
2026-05-05 06:00:00+00:00,42182099999,36.04,1016.06,41.9
2026-05-05 07:00:00+00:00,42182099999,36.86,1016.39,40.3
2026-05-05 08:00:00+00:00,42182099999,35.77,1016.32,44.7
2026-05-05 09:00:00+00:00,42182099999,34.21,1016.15,47.6
2026-05-05 10:00:00+00:00,42182099999,32.67,1016.11,51.3
2026-05-05 11:00:00+00:00,42182099999,30.69,1016.43,59.0
2026-05-05 12:00:00+00:00,42182099999,26.74,1016.59,56.1
2026-05-05 13:00:00+00:00,42182099999,25.49,1016.44,62.3
2026-05-05 14:00:00+00:00,42182099999,23.0,1016.1,67.4
2026-05-05 15:00:00+00:00,42182099999,20.9,1016.55,68.2
2026-05-05 16:00:00+00:00,42182099999,19.88,1016.39,68.8
2026-05-05 17:00:00+00:00,42182099999,19.23,1016.51,72.0
2026-05-05 18:00:00+00:00,42182099999,18.84,1016.67,76.7
2026-05-05 19:00:00+00:00,42182099999,18.43,1016.09,72.8
2026-05-05 20:00:00+00:00,42182099999,19.92,1016.3,73.4
2026-05-05 21:00:00+00:00,42182099999,22.85,1016.17,67.4
2026-05-05 22:00:00+00:00,42182099999,22.87,1016.1,67.1
2026-05-05 23:00:00+00:00,42182099999,24.66,1016.91,60.4
2026-05-06 00:00:00+00:00,42182099999,28.17,1028.57,55.8
2026-05-06 01:00:00+00:00,42182099999,30.69,1015.81,54.1
2026-05-06 02:00:00+00:00,42182099999,32.78,1016.42,50.1
2026-05-06 03:00:00+00:00,42182099999,33.69,1016.15,50.5
2026-05-06 04:00:00+00:00,42182099999,36.39,1016.63,40.0
2026-05-06 05:00:00+00:00,42182099999,36.22,1016.33,43.9
2026-05-06 06:00:00+00:00,42182099999,36.32,1016.26,46.1
2026-05-06 07:00:00+00:00,42182099999,36.33,1016.34,46.0
2026-05-06 08:00:00+00:00,42182099999,35.73,1016.41,43.2
2026-05-06 09:00:00+00:00,42182099999,34.79,1016.31,44.9
2026-05-06 10:00:00+00:00,42182099999,32.87,1031.24,48.7
2026-05-06 11:00:00+00:00,42182099999,30.32,1016.27,54.6
2026-05-06 12:00:00+00:00,42182099999,28.56,1016.45,58.5
2026-05-06 13:00:00+00:00,42182099999,25.72,1015.99,63.0
2026-05-06 14:00:00+00:00,42182099999,24.04,1016.3,67.5
2026-05-06 15:00:00+00:00,42182099999,20.79,1016.27,66.6
2026-05-06 16:00:00+00:00,42182099999,19.26,1016.17,69.0
2026-05-06 17:00:00+00:00,42182099999,19.77,1016.51,70.3
2026-05-06 18:00:00+00:00,42182099999,18.17,1015.94,70.6
2026-05-06 19:00:00+00:00,42182099999,19.13,1016.2,73.2
2026-05-06 20:00:00+00:00,42182099999,20.15,1016.07,72.7
2026-05-06 21:00:00+00:00,42182099999,21.34,1016.46,75.8
2026-05-06 22:00:00+00:00,42182099999,23.23,1016.17,67.4
2026-05-06 23:00:00+00:00,42182099999,26.51,1016.32,62.2
2026-05-07 00:00:00+00:00,42182099999,26.48,1016.37,61.6
2026-05-07 01:00:00+00:00,42182099999,30.86,1015.82,52.0
2026-05-07 02:00:00+00:00,42182099999,33.88,1016.39,50.9
2026-05-07 03:00:00+00:00,42182099999,34.38,1016.06,49.2
2026-05-07 04:00:00+00:00,42182099999,35.78,1016.19,46.2
2026-05-07 05:00:00+00:00,42182099999,37.13,1016.23,43.6
2026-05-07 06:00:00+00:00,42182099999,38.1,1016.49,41.1
2026-05-07 07:00:00+00:00,42182099999,35.98,1016.47,39.4
2026-05-07 08:00:00+00:00,42182099999,35.85,1016.76,43.8
2026-05-07 09:00:00+00:00,42182099999,34.25,1016.32,45.2
2026-05-07 10:00:00+00:00,42182099999,32.84,1016.13,51.8
2026-05-07 11:00:00+00:00,42182099999,30.42,1016.13,53.5
2026-05-07 12:00:00+00:00,42182099999,28.4,1016.45,59.4
2026-05-07 13:00:00+00:00,42182099999,25.42,1016.72,58.0
2026-05-07 14:00:00+00:00,42182099999,23.53,1016.36,68.5
2026-05-07 15:00:00+00:00,42182099999,21.23,1016.1,67.1
2026-05-07 16:00:00+00:00,42182099999,19.81,1016.34,67.9
2026-05-07 17:00:00+00:00,42182099999,19.22,1016.34,69.9
2026-05-07 18:00:00+00:00,42182099999,18.91,1016.28,72.4
2026-05-07 19:00:00+00:00,42182099999,18.6,1016.06,76.3
2026-05-07 20:00:00+00:00,42182099999,21.15,1015.55,73.7
2026-05-07 21:00:00+00:00,42182099999,21.55,1016.12,66.3
2026-05-07 22:00:00+00:00,42182099999,22.67,1016.56,66.2
2026-05-07 23:00:00+00:00,42182099999,26.33,1016.33,61.9
2026-05-08 00:00:00+00:00,42182099999,27.55,1015.61,54.0
2026-05-08 01:00:00+00:00,42182099999,30.63,1016.23,51.3
2026-05-08 02:00:00+00:00,42182099999,32.49,1015.71,44.8
2026-05-08 03:00:00+00:00,42182099999,34.51,1016.78,44.5
2026-05-08 04:00:00+00:00,42182099999,35.9,1016.28,37.4
2026-05-08 05:00:00+00:00,42182099999,36.35,1015.89,40.5
2026-05-08 06:00:00+00:00,42182099999,37.02,1016.45,39.6
2026-05-08 07:00:00+00:00,42182099999,37.91,1016.01,40.5
2026-05-08 08:00:00+00:00,42182099999,34.45,1016.38,42.0
2026-05-08 09:00:00+00:00,42182099999,34.4,1016.23,49.6
2026-05-08 10:00:00+00:00,42182099999,32.76,1015.9,49.1
2026-05-08 11:00:00+00:00,42182099999,29.7,1016.41,54.5
2026-05-08 12:00:00+00:00,42182099999,27.18,1015.85,59.9
2026-05-08 13:00:00+00:00,42182099999,26.97,1016.6,64.4
2026-05-08 14:00:00+00:00,42182099999,23.28,1016.24,67.7
2026-05-08 15:00:00+00:00,42182099999,22.88,1015.94,67.9
2026-05-08 16:00:00+00:00,42182099999,20.53,1015.72,69.0
2026-05-08 17:00:00+00:00,42182099999,19.35,1016.68,71.5
2026-05-08 18:00:00+00:00,42182099999,19.29,1016.63,72.8
2026-05-08 19:00:00+00:00,42182099999,19.69,1015.87,73.5
2026-05-08 20:00:00+00:00,42182099999,20.91,1016.69,71.6
2026-05-08 21:00:00+00:00,42182099999,21.9,1016.27,72.1
2026-05-08 22:00:00+00:00,42182099999,23.59,1016.16,65.7
2026-05-08 23:00:00+00:00,42182099999,25.78,1016.2,66.7
2026-05-09 00:00:00+00:00,42182099999,28.81,1016.11,60.6
2026-05-09 01:00:00+00:00,42182099999,30.82,1016.59,52.6
2026-05-09 02:00:00+00:00,42182099999,31.9,1016.23,52.2
2026-05-09 03:00:00+00:00,42182099999,33.98,1015.67,39.3
2026-05-09 04:00:00+00:00,42182099999,35.99,1016.77,47.7
2026-05-09 05:00:00+00:00,42182099999,36.32,1016.43,43.6
2026-05-09 06:00:00+00:00,42182099999,36.77,1015.88,43.0
2026-05-09 07:00:00+00:00,42182099999,36.12,1016.08,38.2
2026-05-09 08:00:00+00:00,42182099999,35.64,1015.93,50.6
2026-05-09 09:00:00+00:00,42182099999,34.62,1016.2,46.0
2026-05-09 10:00:00+00:00,42182099999,33.1,1016.3,49.6
2026-05-09 11:00:00+00:00,42182099999,30.33,1016.25,56.7
2026-05-09 12:00:00+00:00,42182099999,29.24,1016.02,57.5
2026-05-09 13:00:00+00:00,42182099999,25.62,1015.96,60.0
2026-05-09 14:00:00+00:00,42182099999,25.42,1016.42,67.7
2026-05-09 15:00:00+00:00,42182099999,22.24,1016.16,66.7
2026-05-09 16:00:00+00:00,42182099999,20.5,1016.82,73.8
2026-05-09 17:00:00+00:00,42182099999,19.01,1015.96,73.8
2026-05-09 18:00:00+00:00,42182099999,17.31,1016.41,76.9
2026-05-09 19:00:00+00:00,42182099999,19.21,1016.2,70.4
2026-05-09 20:00:00+00:00,42182099999,20.31,1015.97,75.0
2026-05-09 21:00:00+00:00,42182099999,22.79,1016.57,70.1
2026-05-09 22:00:00+00:00,42182099999,22.67,1016.22,71.0
2026-05-09 23:00:00+00:00,42182099999,26.81,1015.93,60.5
2026-05-10 00:00:00+00:00,42182099999,27.85,1016.05,62.7
2026-05-10 01:00:00+00:00,42182099999,30.76,1016.43,55.7
2026-05-10 02:00:00+00:00,42182099999,30.98,1015.8,52.0
2026-05-10 03:00:00+00:00,42182099999,34.45,1016.53,44.8
2026-05-10 04:00:00+00:00,42182099999,35.59,1016.33,45.6
2026-05-10 05:00:00+00:00,42182099999,37.1,1016.06,44.3
2026-05-10 06:00:00+00:00,42182099999,37.05,1016.52,39.9
2026-05-10 07:00:00+00:00,42182099999,36.01,1016.63,39.6
2026-05-10 08:00:00+00:00,42182099999,36.36,1016.31,42.2
2026-05-10 09:00:00+00:00,42182099999,34.78,1016.19,50.4
2026-05-10 10:00:00+00:00,42182099999,32.86,1016.66,50.4
2026-05-10 11:00:00+00:00,42182099999,30.93,1016.56,56.3
2026-05-10 12:00:00+00:00,42182099999,28.66,1015.88,58.7
2026-05-10 13:00:00+00:00,42182099999,25.66,1016.08,62.4
2026-05-10 14:00:00+00:00,42182099999,22.69,1016.08,66.6
2026-05-10 15:00:00+00:00,42182099999,20.81,1016.03,68.3
2026-05-10 16:00:00+00:00,42182099999,21.02,1015.72,75.0
2026-05-10 17:00:00+00:00,42182099999,19.73,1016.4,73.9
2026-05-10 18:00:00+00:00,42182099999,19.06,1016.17,74.6
2026-05-10 19:00:00+00:00,42182099999,19.05,1016.17,69.9
2026-05-10 20:00:00+00:00,42182099999,20.22,1016.54,72.6
2026-05-10 21:00:00+00:00,42182099999,21.65,1015.98,67.6
2026-05-10 22:00:00+00:00,42182099999,23.3,1016.13,64.7
2026-05-10 23:00:00+00:00,42182099999,25.25,1016.22,64.8
2026-05-11 00:00:00+00:00,42182099999,29.3,1015.98,55.2
2026-05-11 01:00:00+00:00,42182099999,30.47,1016.07,53.3
2026-05-11 02:00:00+00:00,42182099999,32.14,1016.32,51.6
2026-05-11 03:00:00+00:00,42182099999,33.58,1016.1,49.6
2026-05-11 04:00:00+00:00,42182099999,35.36,1016.47,42.8
2026-05-11 05:00:00+00:00,42182099999,37.13,1015.89,43.4
2026-05-11 06:00:00+00:00,42182099999,37.46,1016.16,42.7
2026-05-11 07:00:00+00:00,42182099999,36.56,1015.7,39.7
2026-05-11 08:00:00+00:00,42182099999,35.83,1016.07,38.7
2026-05-11 09:00:00+00:00,42182099999,34.18,1015.9,41.8
2026-05-11 10:00:00+00:00,42182099999,31.84,1016.48,51.5
2026-05-11 11:00:00+00:00,42182099999,31.11,1016.31,54.1
2026-05-11 12:00:00+00:00,42182099999,28.22,1016.24,54.6
2026-05-11 13:00:00+00:00,42182099999,27.16,1016.62,60.5
2026-05-11 14:00:00+00:00,42182099999,23.05,1016.51,65.0
2026-05-11 15:00:00+00:00,42182099999,21.55,1016.3,68.4
2026-05-11 16:00:00+00:00,42182099999,20.74,1015.9,71.8
2026-05-11 17:00:00+00:00,42182099999,19.16,1015.69,79.1
2026-05-11 18:00:00+00:00,42182099999,18.17,1016.09,72.0
2026-05-11 19:00:00+00:00,42182099999,18.74,1016.0,73.8
2026-05-11 20:00:00+00:00,42182099999,20.27,1015.92,69.9
2026-05-11 21:00:00+00:00,42182099999,21.84,1016.02,67.7
2026-05-11 22:00:00+00:00,42182099999,23.44,1015.63,63.7
2026-05-11 23:00:00+00:00,42182099999,26.27,1016.52,61.6
2026-05-12 00:00:00+00:00,42182099999,28.6,1015.73,56.6
2026-05-12 01:00:00+00:00,42182099999,30.52,1015.87,54.7
2026-05-12 02:00:00+00:00,42182099999,32.52,1016.22,50.5
2026-05-12 03:00:00+00:00,42182099999,34.21,1015.6,44.4
2026-05-12 04:00:00+00:00,42182099999,36.12,1016.32,49.0
2026-05-12 05:00:00+00:00,42182099999,37.25,1016.32,39.6
2026-05-12 06:00:00+00:00,42182099999,37.04,1015.97,42.9
2026-05-12 07:00:00+00:00,42182099999,36.96,1015.75,48.1
2026-05-12 08:00:00+00:00,42182099999,35.6,1015.92,42.3
2026-05-12 09:00:00+00:00,42182099999,33.52,1015.53,50.1
2026-05-12 10:00:00+00:00,42182099999,31.9,1016.45,53.6
2026-05-12 11:00:00+00:00,42182099999,30.79,1016.07,54.7
2026-05-12 12:00:00+00:00,42182099999,28.27,1015.85,53.3
2026-05-12 13:00:00+00:00,42182099999,26.62,1015.8,65.8
2026-05-12 14:00:00+00:00,42182099999,23.53,1016.22,66.2
2026-05-12 15:00:00+00:00,42182099999,22.15,1016.48,67.9
2026-05-12 16:00:00+00:00,42182099999,21.0,1015.69,75.1
2026-05-12 17:00:00+00:00,42182099999,19.9,1015.89,71.6
2026-05-12 18:00:00+00:00,42182099999,18.63,1015.56,76.7
2026-05-12 19:00:00+00:00,42182099999,19.2,1016.25,72.1
2026-05-12 20:00:00+00:00,42182099999,20.28,1016.1,73.2
2026-05-12 21:00:00+00:00,42182099999,21.04,1016.7,66.6
2026-05-12 22:00:00+00:00,42182099999,23.78,1016.02,65.0
2026-05-12 23:00:00+00:00,42182099999,26.29,1015.93,59.8
2026-05-13 00:00:00+00:00,42182099999,27.71,1015.81,56.2
2026-05-13 01:00:00+00:00,42182099999,31.51,1016.25,54.3
2026-05-13 02:00:00+00:00,42182099999,32.33,1015.55,49.6
2026-05-13 03:00:00+00:00,42182099999,34.24,1016.22,47.2
2026-05-13 04:00:00+00:00,42182099999,35.65,1016.08,47.4
2026-05-13 05:00:00+00:00,42182099999,36.27,1015.87,42.3
2026-05-13 06:00:00+00:00,42182099999,37.25,1015.75,37.2
2026-05-13 07:00:00+00:00,42182099999,36.71,1016.31,41.8
2026-05-13 08:00:00+00:00,42182099999,36.79,1016.54,44.3
2026-05-13 09:00:00+00:00,42182099999,34.73,1015.88,49.3
2026-05-13 10:00:00+00:00,42182099999,32.82,1016.16,52.6
2026-05-13 11:00:00+00:00,42182099999,30.2,1016.51,56.3
2026-05-13 12:00:00+00:00,42182099999,27.15,1015.83,57.4
2026-05-13 13:00:00+00:00,42182099999,25.62,1015.94,63.8
2026-05-13 14:00:00+00:00,42182099999,22.99,1015.66,62.3
2026-05-13 15:00:00+00:00,42182099999,22.21,1015.97,72.6
2026-05-13 16:00:00+00:00,42182099999,20.19,1015.99,73.0
2026-05-13 17:00:00+00:00,42182099999,20.31,1015.89,74.7
2026-05-13 18:00:00+00:00,42182099999,19.44,1015.8,73.0
2026-05-13 19:00:00+00:00,42182099999,19.81,1015.56,73.6
2026-05-13 20:00:00+00:00,42182099999,20.34,1015.63,70.1
2026-05-13 21:00:00+00:00,42182099999,21.76,1015.73,70.8
2026-05-13 22:00:00+00:00,42182099999,23.89,1016.19,62.6
2026-05-13 23:00:00+00:00,42182099999,26.22,1015.87,64.6
2026-05-14 00:00:00+00:00,42182099999,27.57,1015.72,59.4
2026-05-14 01:00:00+00:00,42182099999,30.62,1016.15,59.0
2026-05-14 02:00:00+00:00,42182099999,34.07,1016.13,49.9
2026-05-14 03:00:00+00:00,42182099999,34.31,1015.75,46.4
2026-05-14 04:00:00+00:00,42182099999,35.64,1015.79,44.6
2026-05-14 05:00:00+00:00,42182099999,36.28,1016.15,42.6
2026-05-14 06:00:00+00:00,42182099999,36.13,1016.07,41.7
2026-05-14 07:00:00+00:00,42182099999,37.41,1015.73,39.7
2026-05-14 08:00:00+00:00,42182099999,35.83,1016.03,41.3
2026-05-14 09:00:00+00:00,42182099999,34.54,1015.96,45.2
2026-05-14 10:00:00+00:00,42182099999,33.61,1016.28,49.3
2026-05-14 11:00:00+00:00,42182099999,31.83,1015.72,50.8
2026-05-14 12:00:00+00:00,42182099999,27.47,1016.22,55.0
2026-05-14 13:00:00+00:00,42182099999,26.3,1016.09,61.4
2026-05-14 14:00:00+00:00,42182099999,23.87,1015.68,67.9
2026-05-14 15:00:00+00:00,42182099999,21.88,1016.27,68.8
2026-05-14 16:00:00+00:00,42182099999,20.49,1016.22,73.6
2026-05-14 17:00:00+00:00,42182099999,19.29,1015.59,75.9
2026-05-14 18:00:00+00:00,42182099999,19.95,1016.53,76.0
2026-05-14 19:00:00+00:00,42182099999,19.68,1015.64,72.4
2026-05-14 20:00:00+00:00,42182099999,20.41,1015.7,70.8
2026-05-14 21:00:00+00:00,42182099999,22.39,1015.87,64.6
2026-05-14 22:00:00+00:00,42182099999,24.04,1016.19,64.3
2026-05-14 23:00:00+00:00,42182099999,25.95,1016.13,63.3
2026-05-15 00:00:00+00:00,42182099999,28.2,1015.89,55.2
2026-05-15 01:00:00+00:00,42182099999,31.38,1016.31,57.3
2026-05-15 02:00:00+00:00,42182099999,32.81,1016.03,53.7
2026-05-15 03:00:00+00:00,42182099999,34.31,1016.32,45.7
2026-05-15 04:00:00+00:00,42182099999,35.28,1016.73,46.5
2026-05-15 05:00:00+00:00,42182099999,36.49,1015.97,38.9
2026-05-15 06:00:00+00:00,42182099999,36.37,1015.18,39.3
2026-05-15 07:00:00+00:00,42182099999,36.76,1015.79,41.6
2026-05-15 08:00:00+00:00,42182099999,35.95,1015.61,44.2
2026-05-15 09:00:00+00:00,42182099999,33.14,1015.94,46.2
2026-05-15 10:00:00+00:00,42182099999,32.51,1015.95,47.8
2026-05-15 11:00:00+00:00,42182099999,30.72,1015.57,58.9
2026-05-15 12:00:00+00:00,42182099999,28.1,1015.59,58.7
2026-05-15 13:00:00+00:00,42182099999,25.1,1015.84,62.9
2026-05-15 14:00:00+00:00,42182099999,24.26,1015.86,67.7
2026-05-15 15:00:00+00:00,42182099999,21.22,1015.17,69.8
2026-05-15 16:00:00+00:00,42182099999,19.47,1016.2,71.3
2026-05-15 17:00:00+00:00,42182099999,18.66,1015.93,72.0
2026-05-15 18:00:00+00:00,42182099999,18.99,1015.92,69.8
2026-05-15 19:00:00+00:00,42182099999,19.9,1016.0,77.3
2026-05-15 20:00:00+00:00,42182099999,20.91,1015.62,69.5
2026-05-15 21:00:00+00:00,42182099999,21.76,1015.9,65.1
2026-05-15 22:00:00+00:00,42182099999,22.79,1016.22,63.9
2026-05-15 23:00:00+00:00,42182099999,25.28,1016.23,58.1
2026-05-16 00:00:00+00:00,42182099999,27.46,1016.0,63.1
2026-05-16 01:00:00+00:00,42182099999,30.22,1015.79,54.8
2026-05-16 02:00:00+00:00,42182099999,31.44,1015.63,53.6
2026-05-16 03:00:00+00:00,42182099999,34.43,1016.25,50.4
2026-05-16 04:00:00+00:00,42182099999,36.18,1016.02,45.6
2026-05-16 05:00:00+00:00,42182099999,36.6,1015.75,44.0
2026-05-16 06:00:00+00:00,42182099999,37.28,1015.24,40.2
2026-05-16 07:00:00+00:00,42182099999,36.13,1015.62,42.3
2026-05-16 08:00:00+00:00,42182099999,34.92,1015.31,42.6
2026-05-16 09:00:00+00:00,42182099999,33.98,1016.23,46.8
2026-05-16 10:00:00+00:00,42182099999,33.19,1015.93,48.2
2026-05-16 11:00:00+00:00,42182099999,30.95,1015.65,57.1
2026-05-16 12:00:00+00:00,42182099999,27.73,1015.79,60.0
2026-05-16 13:00:00+00:00,42182099999,26.39,1016.63,61.9
2026-05-16 14:00:00+00:00,42182099999,23.31,1016.23,61.7
2026-05-16 15:00:00+00:00,42182099999,22.54,1015.48,71.1
2026-05-16 16:00:00+00:00,42182099999,20.5,1015.83,74.1
2026-05-16 17:00:00+00:00,42182099999,19.04,1015.51,73.3
2026-05-16 18:00:00+00:00,42182099999,19.48,1015.37,70.8
2026-05-16 19:00:00+00:00,42182099999,18.84,1015.92,74.6
2026-05-16 20:00:00+00:00,42182099999,19.64,1016.58,74.5
2026-05-16 21:00:00+00:00,42182099999,20.77,1016.33,64.4
2026-05-16 22:00:00+00:00,42182099999,23.66,1015.88,67.4
2026-05-16 23:00:00+00:00,42182099999,25.64,1015.76,57.5
2026-05-17 00:00:00+00:00,42182099999,27.95,1015.88,58.2
2026-05-17 01:00:00+00:00,42182099999,30.08,1016.13,58.3
2026-05-17 02:00:00+00:00,42182099999,33.36,1015.39,50.2
2026-05-17 03:00:00+00:00,42182099999,34.11,1015.27,47.9
2026-05-17 04:00:00+00:00,42182099999,35.36,1016.38,43.3
2026-05-17 05:00:00+00:00,42182099999,37.44,1015.9,42.5
2026-05-17 06:00:00+00:00,42182099999,37.85,1016.3,48.0
2026-05-17 07:00:00+00:00,42182099999,36.9,1015.89,45.9
2026-05-17 08:00:00+00:00,42182099999,34.75,1016.26,43.3
2026-05-17 09:00:00+00:00,42182099999,34.0,1015.64,45.7
2026-05-17 10:00:00+00:00,42182099999,32.87,1015.97,50.0
2026-05-17 11:00:00+00:00,42182099999,30.34,1016.28,59.5
2026-05-17 12:00:00+00:00,42182099999,28.93,1016.12,58.5
2026-05-17 13:00:00+00:00,42182099999,24.85,1015.69,65.0
2026-05-17 14:00:00+00:00,42182099999,23.91,1016.09,65.1
2026-05-17 15:00:00+00:00,42182099999,21.26,1015.63,66.1
2026-05-17 16:00:00+00:00,42182099999,21.0,1015.4,75.2
2026-05-17 17:00:00+00:00,42182099999,19.26,1015.98,73.3
2026-05-17 18:00:00+00:00,42182099999,19.62,1016.24,72.0
2026-05-17 19:00:00+00:00,42182099999,18.92,1016.07,71.7
2026-05-17 20:00:00+00:00,42182099999,19.36,1015.45,70.1
2026-05-17 21:00:00+00:00,42182099999,20.97,1016.08,67.8
2026-05-17 22:00:00+00:00,42182099999,23.14,1016.02,62.1
2026-05-17 23:00:00+00:00,42182099999,25.06,1015.69,65.2
2026-05-18 00:00:00+00:00,42182099999,28.72,1015.04,59.0
2026-05-18 01:00:00+00:00,42182099999,31.13,1016.07,56.3
2026-05-18 02:00:00+00:00,42182099999,32.66,1016.04,49.1
2026-05-18 03:00:00+00:00,42182099999,33.74,1015.92,47.6
2026-05-18 04:00:00+00:00,42182099999,35.72,1015.26,44.6
2026-05-18 05:00:00+00:00,42182099999,36.28,1015.33,45.5
2026-05-18 06:00:00+00:00,42182099999,37.87,1016.07,44.1
2026-05-18 07:00:00+00:00,42182099999,36.88,1016.01,43.5
2026-05-18 08:00:00+00:00,42182099999,36.09,1015.92,42.5
2026-05-18 09:00:00+00:00,42182099999,34.12,1015.7,43.6
2026-05-18 10:00:00+00:00,42182099999,31.29,1015.89,48.0
2026-05-18 11:00:00+00:00,42182099999,29.87,1015.61,52.2
2026-05-18 12:00:00+00:00,42182099999,27.33,1015.68,56.6
2026-05-18 13:00:00+00:00,42182099999,25.89,1015.51,59.0
2026-05-18 14:00:00+00:00,42182099999,23.56,1015.85,70.2
2026-05-18 15:00:00+00:00,42182099999,21.16,1015.65,70.0
2026-05-18 16:00:00+00:00,42182099999,19.97,1016.06,66.7
2026-05-18 17:00:00+00:00,42182099999,20.25,1015.99,70.7
2026-05-18 18:00:00+00:00,42182099999,18.42,1015.53,70.6
2026-05-18 19:00:00+00:00,42182099999,18.76,1016.32,74.1
2026-05-18 20:00:00+00:00,42182099999,20.07,1015.44,74.6
2026-05-18 21:00:00+00:00,42182099999,21.22,1015.91,66.8
2026-05-18 22:00:00+00:00,42182099999,23.24,1016.1,67.6
2026-05-18 23:00:00+00:00,42182099999,25.99,1016.16,61.4
2026-05-19 00:00:00+00:00,42182099999,29.04,1015.06,60.9
2026-05-19 01:00:00+00:00,42182099999,29.26,1016.02,57.3
2026-05-19 02:00:00+00:00,42182099999,32.49,1016.09,50.8
2026-05-19 03:00:00+00:00,42182099999,34.39,1016.15,48.5
2026-05-19 04:00:00+00:00,42182099999,35.74,1015.06,44.1
2026-05-19 05:00:00+00:00,42182099999,36.58,1015.52,41.6
2026-05-19 06:00:00+00:00,42182099999,36.8,1015.69,39.0
2026-05-19 07:00:00+00:00,42182099999,37.3,1015.59,43.4
2026-05-19 08:00:00+00:00,42182099999,35.52,1016.12,44.0
2026-05-19 09:00:00+00:00,42182099999,34.29,1015.52,45.7
2026-05-19 10:00:00+00:00,42182099999,32.5,1016.09,49.8
2026-05-19 11:00:00+00:00,42182099999,30.39,1015.89,53.4
2026-05-19 12:00:00+00:00,42182099999,27.9,1015.29,55.4
2026-05-19 13:00:00+00:00,42182099999,26.27,1015.43,60.8
2026-05-19 14:00:00+00:00,42182099999,23.49,1015.58,68.9
2026-05-19 15:00:00+00:00,42182099999,21.74,1015.75,68.7
2026-05-19 16:00:00+00:00,42182099999,20.17,1016.02,75.4
2026-05-19 17:00:00+00:00,42182099999,18.7,1015.67,70.5
2026-05-19 18:00:00+00:00,42182099999,18.5,1016.0,70.6
2026-05-19 19:00:00+00:00,42182099999,18.68,1015.25,73.8
2026-05-19 20:00:00+00:00,42182099999,20.32,1014.81,73.8
2026-05-19 21:00:00+00:00,42182099999,21.21,1015.62,67.7
2026-05-19 22:00:00+00:00,42182099999,22.86,1015.86,67.6
2026-05-19 23:00:00+00:00,42182099999,25.81,1015.61,64.5
2026-05-20 00:00:00+00:00,42182099999,28.32,1015.37,60.7
2026-05-20 01:00:00+00:00,42182099999,29.27,1015.8,53.6
2026-05-20 02:00:00+00:00,42182099999,33.51,1016.25,49.9
2026-05-20 03:00:00+00:00,42182099999,34.38,1015.64,42.5
2026-05-20 04:00:00+00:00,42182099999,35.73,1015.45,44.2
2026-05-20 05:00:00+00:00,42182099999,37.33,1015.42,43.3
2026-05-20 06:00:00+00:00,42182099999,37.04,1016.26,45.6
2026-05-20 07:00:00+00:00,42182099999,36.33,1015.66,39.3
2026-05-20 08:00:00+00:00,42182099999,37.11,1015.86,42.0
2026-05-20 09:00:00+00:00,42182099999,33.72,1016.04,44.2
2026-05-20 10:00:00+00:00,42182099999,32.44,1016.0,52.3
2026-05-20 11:00:00+00:00,42182099999,30.84,1015.4,47.5
2026-05-20 12:00:00+00:00,42182099999,27.36,1015.96,55.3
2026-05-20 13:00:00+00:00,42182099999,25.61,1015.93,67.4
2026-05-20 14:00:00+00:00,42182099999,23.73,1015.82,67.7
2026-05-20 15:00:00+00:00,42182099999,23.08,1015.98,66.0
2026-05-20 16:00:00+00:00,42182099999,19.67,1015.5,71.7
2026-05-20 17:00:00+00:00,42182099999,19.28,1015.65,75.6
2026-05-20 18:00:00+00:00,42182099999,19.4,1015.51,75.4
2026-05-20 19:00:00+00:00,42182099999,19.36,1015.9,72.9
2026-05-20 20:00:00+00:00,42182099999,19.48,1015.48,69.9
2026-05-20 21:00:00+00:00,42182099999,21.88,1015.79,71.4
2026-05-20 22:00:00+00:00,42182099999,23.56,1015.34,66.0
2026-05-20 23:00:00+00:00,42182099999,25.94,1015.64,64.2
2026-05-21 00:00:00+00:00,42182099999,28.68,1015.51,59.0
2026-05-21 01:00:00+00:00,42182099999,30.94,1015.59,52.7
2026-05-21 02:00:00+00:00,42182099999,32.74,1015.66,53.6
2026-05-21 03:00:00+00:00,42182099999,34.55,1015.57,45.4
2026-05-21 04:00:00+00:00,42182099999,35.14,1015.55,45.2
2026-05-21 05:00:00+00:00,42182099999,36.61,1015.0,40.9
2026-05-21 06:00:00+00:00,42182099999,37.13,1015.95,41.4
2026-05-21 07:00:00+00:00,42182099999,36.45,1015.43,41.9
2026-05-21 08:00:00+00:00,42182099999,35.85,1015.55,42.5
2026-05-21 09:00:00+00:00,42182099999,33.87,1015.37,47.3
2026-05-21 10:00:00+00:00,42182099999,33.42,1015.92,53.3
2026-05-21 11:00:00+00:00,42182099999,31.62,1015.35,58.6
2026-05-21 12:00:00+00:00,42182099999,27.77,1015.77,61.6
2026-05-21 13:00:00+00:00,42182099999,25.91,1015.97,61.7
2026-05-21 14:00:00+00:00,42182099999,23.36,1016.11,69.7
2026-05-21 15:00:00+00:00,42182099999,22.39,1015.98,70.4
2026-05-21 16:00:00+00:00,42182099999,20.47,1015.81,76.4
2026-05-21 17:00:00+00:00,42182099999,19.35,1015.26,70.3
2026-05-21 18:00:00+00:00,42182099999,18.87,1016.01,77.7
2026-05-21 19:00:00+00:00,42182099999,19.38,1015.98,71.9
2026-05-21 20:00:00+00:00,42182099999,19.61,1015.87,74.8
2026-05-21 21:00:00+00:00,42182099999,22.04,1015.86,68.1
2026-05-21 22:00:00+00:00,42182099999,23.07,1015.64,68.3
2026-05-21 23:00:00+00:00,42182099999,25.99,1015.47,61.4
2026-05-22 00:00:00+00:00,42182099999,28.08,1015.89,53.3
2026-05-22 01:00:00+00:00,42182099999,30.99,1015.95,51.4
2026-05-22 02:00:00+00:00,42182099999,32.49,1015.26,49.4
2026-05-22 03:00:00+00:00,42182099999,34.98,1015.84,46.7
2026-05-22 04:00:00+00:00,42182099999,35.24,1015.64,38.5
2026-05-22 05:00:00+00:00,42182099999,37.06,1015.84,39.5
2026-05-22 06:00:00+00:00,42182099999,36.87,1015.65,40.2
2026-05-22 07:00:00+00:00,42182099999,36.81,1015.9,42.0
2026-05-22 08:00:00+00:00,42182099999,35.84,1015.88,44.7
2026-05-22 09:00:00+00:00,42182099999,34.93,1015.84,44.6
2026-05-22 10:00:00+00:00,42182099999,31.29,1015.16,46.2
2026-05-22 11:00:00+00:00,42182099999,30.52,1015.82,54.6
2026-05-22 12:00:00+00:00,42182099999,27.1,1015.59,57.2
2026-05-22 13:00:00+00:00,42182099999,26.39,1015.24,64.4
2026-05-22 14:00:00+00:00,42182099999,22.32,1015.78,64.7
2026-05-22 15:00:00+00:00,42182099999,21.03,1015.16,70.9
2026-05-22 16:00:00+00:00,42182099999,19.2,1015.84,69.6
2026-05-22 17:00:00+00:00,42182099999,20.29,1016.08,74.1
2026-05-22 18:00:00+00:00,42182099999,18.23,1015.42,74.2
2026-05-22 19:00:00+00:00,42182099999,19.38,1015.85,74.6
2026-05-22 20:00:00+00:00,42182099999,19.88,1015.71,69.5
2026-05-22 21:00:00+00:00,42182099999,20.56,1015.77,69.0
2026-05-22 22:00:00+00:00,42182099999,23.3,1015.17,63.9
2026-05-22 23:00:00+00:00,42182099999,26.07,1015.76,61.7
2026-05-23 00:00:00+00:00,42182099999,27.89,1015.56,59.6
2026-05-23 01:00:00+00:00,42182099999,30.89,1015.74,61.4
2026-05-23 02:00:00+00:00,42182099999,32.28,1015.52,50.1
2026-05-23 03:00:00+00:00,42182099999,34.37,1015.85,48.5
2026-05-23 04:00:00+00:00,42182099999,35.56,1015.6,44.4
2026-05-23 05:00:00+00:00,42182099999,36.9,1015.72,45.4
2026-05-23 06:00:00+00:00,42182099999,38.14,1015.93,43.2
2026-05-23 07:00:00+00:00,42182099999,36.91,1015.58,45.2
2026-05-23 08:00:00+00:00,42182099999,35.91,1015.82,45.0
2026-05-23 09:00:00+00:00,42182099999,33.99,1015.59,52.7
2026-05-23 10:00:00+00:00,42182099999,32.05,1015.68,53.5
2026-05-23 11:00:00+00:00,42182099999,31.21,1015.37,49.6
2026-05-23 12:00:00+00:00,42182099999,27.33,1015.75,58.8
2026-05-23 13:00:00+00:00,42182099999,25.12,1015.89,62.3
2026-05-23 14:00:00+00:00,42182099999,23.44,1015.5,60.5
2026-05-23 15:00:00+00:00,42182099999,21.38,1015.76,67.2
2026-05-23 16:00:00+00:00,42182099999,21.38,1015.65,70.7
2026-05-23 17:00:00+00:00,42182099999,17.89,1015.2,71.6
2026-05-23 18:00:00+00:00,42182099999,19.22,1015.63,74.3
2026-05-23 19:00:00+00:00,42182099999,19.73,1015.92,68.9
2026-05-23 20:00:00+00:00,42182099999,19.53,1015.38,73.7
2026-05-23 21:00:00+00:00,42182099999,21.25,1015.0,71.3
2026-05-23 22:00:00+00:00,42182099999,23.76,1015.59,66.9
2026-05-23 23:00:00+00:00,42182099999,26.65,1015.33,61.3
2026-05-24 00:00:00+00:00,42182099999,27.45,1016.03,58.0
2026-05-24 01:00:00+00:00,42182099999,29.38,1015.46,52.7
2026-05-24 02:00:00+00:00,42182099999,33.08,1015.47,52.9
2026-05-24 03:00:00+00:00,42182099999,35.28,1015.29,48.0
2026-05-24 04:00:00+00:00,42182099999,35.59,1015.54,49.2
2026-05-24 05:00:00+00:00,42182099999,35.37,1015.3,41.6
2026-05-24 06:00:00+00:00,42182099999,37.87,1015.2,45.7
2026-05-24 07:00:00+00:00,42182099999,36.57,1015.45,41.1
2026-05-24 08:00:00+00:00,42182099999,36.47,1015.23,43.7
2026-05-24 09:00:00+00:00,42182099999,34.34,1015.86,44.1
2026-05-24 10:00:00+00:00,42182099999,32.27,1015.13,51.3
2026-05-24 11:00:00+00:00,42182099999,30.06,1015.45,53.7
2026-05-24 12:00:00+00:00,42182099999,28.88,1015.27,59.6
2026-05-24 13:00:00+00:00,42182099999,26.53,1015.06,65.9
2026-05-24 14:00:00+00:00,42182099999,22.22,1015.96,65.9
2026-05-24 15:00:00+00:00,42182099999,21.07,1014.85,70.3
2026-05-24 16:00:00+00:00,42182099999,21.27,1015.9,74.1
2026-05-24 17:00:00+00:00,42182099999,19.09,1015.06,73.3
2026-05-24 18:00:00+00:00,42182099999,18.18,1015.5,72.6
2026-05-24 19:00:00+00:00,42182099999,19.31,1016.14,74.4
2026-05-24 20:00:00+00:00,42182099999,20.14,1014.85,73.1
2026-05-24 21:00:00+00:00,42182099999,21.58,1015.07,71.3
2026-05-24 22:00:00+00:00,42182099999,23.21,1015.86,68.1
2026-05-24 23:00:00+00:00,42182099999,25.48,1015.52,60.5
2026-05-25 00:00:00+00:00,42182099999,27.73,1015.26,59.1
2026-05-25 01:00:00+00:00,42182099999,30.53,1015.41,57.0
2026-05-25 02:00:00+00:00,42182099999,32.01,1015.13,48.9
2026-05-25 03:00:00+00:00,42182099999,34.19,1015.45,47.6
2026-05-25 04:00:00+00:00,42182099999,35.71,1015.86,42.6
2026-05-25 05:00:00+00:00,42182099999,37.48,1015.3,43.0
2026-05-25 06:00:00+00:00,42182099999,37.22,1015.46,46.4
2026-05-25 07:00:00+00:00,42182099999,36.63,1015.77,43.0
2026-05-25 08:00:00+00:00,42182099999,36.12,1016.0,41.7
2026-05-25 09:00:00+00:00,42182099999,34.61,1015.24,47.6
2026-05-25 10:00:00+00:00,42182099999,33.15,1015.51,50.6
2026-05-25 11:00:00+00:00,42182099999,30.63,1015.25,56.7
2026-05-25 12:00:00+00:00,42182099999,29.08,1015.23,54.6
2026-05-25 13:00:00+00:00,42182099999,26.48,1015.3,59.9
2026-05-25 14:00:00+00:00,42182099999,23.48,1015.23,65.8
2026-05-25 15:00:00+00:00,42182099999,21.39,1014.91,65.4
2026-05-25 16:00:00+00:00,42182099999,20.74,1014.83,74.7
2026-05-25 17:00:00+00:00,42182099999,19.62,1015.2,68.4
2026-05-25 18:00:00+00:00,42182099999,18.94,1015.46,71.9
2026-05-25 19:00:00+00:00,42182099999,18.42,1015.77,69.8
2026-05-25 20:00:00+00:00,42182099999,19.11,1015.26,70.2
2026-05-25 21:00:00+00:00,42182099999,21.84,1015.37,71.3
2026-05-25 22:00:00+00:00,42182099999,23.96,1015.61,67.5
2026-05-25 23:00:00+00:00,42182099999,26.15,1015.63,64.5
2026-05-26 00:00:00+00:00,42182099999,27.23,1015.33,59.5
2026-05-26 01:00:00+00:00,42182099999,30.95,1015.35,48.8
2026-05-26 02:00:00+00:00,42182099999,32.18,1015.91,50.8
2026-05-26 03:00:00+00:00,42182099999,34.6,1015.26,42.1
2026-05-26 04:00:00+00:00,42182099999,36.04,1015.22,42.9
2026-05-26 05:00:00+00:00,42182099999,36.21,1014.88,41.6
2026-05-26 06:00:00+00:00,42182099999,36.65,1015.49,40.7
2026-05-26 07:00:00+00:00,42182099999,35.45,1015.28,43.8
2026-05-26 08:00:00+00:00,42182099999,35.24,1015.92,42.1
2026-05-26 09:00:00+00:00,42182099999,33.28,1015.26,51.0
2026-05-26 10:00:00+00:00,42182099999,32.76,1015.6,51.5
2026-05-26 11:00:00+00:00,42182099999,30.37,1015.64,56.8
2026-05-26 12:00:00+00:00,42182099999,28.55,1015.85,59.9
2026-05-26 13:00:00+00:00,42182099999,25.88,1014.98,64.4
2026-05-26 14:00:00+00:00,42182099999,23.12,1015.82,65.9
2026-05-26 15:00:00+00:00,42182099999,21.84,1015.37,74.3
2026-05-26 16:00:00+00:00,42182099999,19.97,1015.33,69.2
2026-05-26 17:00:00+00:00,42182099999,19.67,1015.27,74.6
2026-05-26 18:00:00+00:00,42182099999,19.19,1015.25,74.0
2026-05-26 19:00:00+00:00,42182099999,18.71,1015.26,72.9
2026-05-26 20:00:00+00:00,42182099999,20.21,1014.68,72.7
2026-05-26 21:00:00+00:00,42182099999,21.67,1015.51,67.5
2026-05-26 22:00:00+00:00,42182099999,23.32,1015.38,68.2
2026-05-26 23:00:00+00:00,42182099999,26.21,1015.08,64.1
2026-05-27 00:00:00+00:00,42182099999,29.03,1015.29,58.3
2026-05-27 01:00:00+00:00,42182099999,30.11,1015.98,55.7
2026-05-27 02:00:00+00:00,42182099999,32.29,1015.42,47.4
2026-05-27 03:00:00+00:00,42182099999,33.02,1015.19,42.2
2026-05-27 04:00:00+00:00,42182099999,35.72,1015.81,42.7
2026-05-27 05:00:00+00:00,42182099999,36.43,1015.07,42.0
2026-05-27 06:00:00+00:00,42182099999,35.7,1015.26,48.3
2026-05-27 07:00:00+00:00,42182099999,36.87,1015.14,42.0
2026-05-27 08:00:00+00:00,42182099999,36.15,1015.24,46.8
2026-05-27 09:00:00+00:00,42182099999,33.92,1015.52,48.8
2026-05-27 10:00:00+00:00,42182099999,32.28,1015.48,55.3
2026-05-27 11:00:00+00:00,42182099999,29.75,1015.09,54.2
2026-05-27 12:00:00+00:00,42182099999,28.46,1015.27,59.7
2026-05-27 13:00:00+00:00,42182099999,24.76,1015.33,61.7
2026-05-27 14:00:00+00:00,42182099999,23.31,1015.19,63.9
2026-05-27 15:00:00+00:00,42182099999,22.81,1015.29,66.8
2026-05-27 16:00:00+00:00,42182099999,20.24,1015.09,69.9
2026-05-27 17:00:00+00:00,42182099999,19.59,1015.09,77.1
2026-05-27 18:00:00+00:00,42182099999,18.91,1015.32,74.7
2026-05-27 19:00:00+00:00,42182099999,18.6,1015.0,73.1
2026-05-27 20:00:00+00:00,42182099999,20.19,1015.43,71.9
2026-05-27 21:00:00+00:00,42182099999,21.88,1015.25,67.9
2026-05-27 22:00:00+00:00,42182099999,22.89,1015.04,65.9
2026-05-27 23:00:00+00:00,42182099999,25.88,1015.13,62.1
2026-05-28 00:00:00+00:00,42182099999,28.75,1015.11,59.7
2026-05-28 01:00:00+00:00,42182099999,30.97,1015.2,56.2
2026-05-28 02:00:00+00:00,42182099999,31.55,1015.28,45.9
2026-05-28 03:00:00+00:00,42182099999,33.78,1015.19,47.3
2026-05-28 04:00:00+00:00,42182099999,34.83,1014.99,47.6
2026-05-28 05:00:00+00:00,42182099999,37.34,1015.67,40.0
2026-05-28 06:00:00+00:00,42182099999,37.37,1015.51,41.4
2026-05-28 07:00:00+00:00,42182099999,37.12,1015.28,43.0
2026-05-28 08:00:00+00:00,42182099999,35.27,1015.53,46.9
2026-05-28 09:00:00+00:00,42182099999,33.66,1015.34,48.2
2026-05-28 10:00:00+00:00,42182099999,32.55,1015.17,49.5
2026-05-28 11:00:00+00:00,42182099999,30.39,1015.27,55.1
2026-05-28 12:00:00+00:00,42182099999,27.49,1016.02,60.6
2026-05-28 13:00:00+00:00,42182099999,25.76,1015.54,63.1
2026-05-28 14:00:00+00:00,42182099999,23.89,1015.55,70.7
2026-05-28 15:00:00+00:00,42182099999,21.77,1015.13,70.4
2026-05-28 16:00:00+00:00,42182099999,19.58,1015.42,69.3
2026-05-28 17:00:00+00:00,42182099999,18.04,1015.91,71.5
2026-05-28 18:00:00+00:00,42182099999,18.84,1015.37,73.7
2026-05-28 19:00:00+00:00,42182099999,19.41,1015.56,73.0
2026-05-28 20:00:00+00:00,42182099999,20.05,1015.61,73.4
2026-05-28 21:00:00+00:00,42182099999,21.38,1015.43,70.2
2026-05-28 22:00:00+00:00,42182099999,23.09,1015.71,70.3
2026-05-28 23:00:00+00:00,42182099999,26.1,1015.31,64.2
2026-05-29 00:00:00+00:00,42182099999,27.97,1015.33,61.7
2026-05-29 01:00:00+00:00,42182099999,30.4,1015.01,52.0
2026-05-29 02:00:00+00:00,42182099999,31.92,1015.96,49.0
2026-05-29 03:00:00+00:00,42182099999,33.99,1015.28,48.4
2026-05-29 04:00:00+00:00,42182099999,35.89,1015.22,44.4
2026-05-29 05:00:00+00:00,42182099999,36.09,1015.59,44.1
2026-05-29 06:00:00+00:00,42182099999,36.24,1015.05,42.7
2026-05-29 07:00:00+00:00,42182099999,36.5,1015.19,41.0
2026-05-29 08:00:00+00:00,42182099999,36.51,1014.96,48.4
2026-05-29 09:00:00+00:00,42182099999,34.48,1015.2,49.6
2026-05-29 10:00:00+00:00,42182099999,33.38,1015.08,46.1
2026-05-29 11:00:00+00:00,42182099999,30.25,1015.35,52.4
2026-05-29 12:00:00+00:00,42182099999,27.81,1015.15,58.1
2026-05-29 13:00:00+00:00,42182099999,24.84,1015.02,63.9
2026-05-29 14:00:00+00:00,42182099999,23.15,1015.1,65.9
2026-05-29 15:00:00+00:00,42182099999,22.5,1015.15,65.9
2026-05-29 16:00:00+00:00,42182099999,20.4,1015.04,74.0
2026-05-29 17:00:00+00:00,42182099999,19.75,1015.46,73.0
2026-05-29 18:00:00+00:00,42182099999,19.42,1015.38,77.0
2026-05-29 19:00:00+00:00,42182099999,19.3,1015.23,74.3
2026-05-29 20:00:00+00:00,42182099999,20.08,1014.84,74.4
2026-05-29 21:00:00+00:00,42182099999,21.71,1015.34,71.4
2026-05-29 22:00:00+00:00,42182099999,23.9,1014.82,68.3
2026-05-29 23:00:00+00:00,42182099999,25.95,1015.24,60.9
2026-05-30 00:00:00+00:00,42182099999,28.3,1015.14,60.6
2026-05-30 01:00:00+00:00,42182099999,30.42,1014.96,54.4
2026-05-30 02:00:00+00:00,42182099999,32.04,1014.89,46.9
2026-05-30 03:00:00+00:00,42182099999,34.21,1014.93,45.7
2026-05-30 04:00:00+00:00,42182099999,35.23,1015.73,43.3
2026-05-30 05:00:00+00:00,42182099999,37.3,1015.05,43.8
2026-05-30 06:00:00+00:00,42182099999,35.74,1015.07,43.8
2026-05-30 07:00:00+00:00,42182099999,36.56,1015.41,39.8
2026-05-30 08:00:00+00:00,42182099999,37.23,1015.25,46.0
2026-05-30 09:00:00+00:00,42182099999,34.16,1015.44,46.6
2026-05-30 10:00:00+00:00,42182099999,31.82,1014.78,47.4
2026-05-30 11:00:00+00:00,42182099999,30.32,1014.82,56.0
2026-05-30 12:00:00+00:00,42182099999,28.77,1016.1,56.2
2026-05-30 13:00:00+00:00,42182099999,25.57,1015.12,59.2
2026-05-30 14:00:00+00:00,42182099999,23.87,1015.05,67.9
2026-05-30 15:00:00+00:00,42182099999,21.7,1015.18,71.6
2026-05-30 16:00:00+00:00,42182099999,19.98,1015.42,70.3
2026-05-30 17:00:00+00:00,42182099999,21.2,1014.79,76.2
2026-05-30 18:00:00+00:00,42182099999,19.04,1015.21,76.6
2026-05-30 19:00:00+00:00,42182099999,18.98,1015.12,72.2
2026-05-30 20:00:00+00:00,42182099999,19.91,1015.33,76.9
2026-05-30 21:00:00+00:00,42182099999,21.86,1015.18,69.2
2026-05-30 22:00:00+00:00,42182099999,23.75,1014.98,66.6
2026-05-30 23:00:00+00:00,42182099999,26.13,1014.88,56.2
2026-05-31 00:00:00+00:00,42182099999,28.08,1014.37,59.6
2026-05-31 01:00:00+00:00,42182099999,29.47,1015.36,52.4
2026-05-31 02:00:00+00:00,42182099999,32.82,1014.65,51.2
2026-05-31 03:00:00+00:00,42182099999,34.18,1014.96,42.5
2026-05-31 04:00:00+00:00,42182099999,35.62,1015.55,47.1
2026-05-31 05:00:00+00:00,42182099999,35.8,1014.95,46.2
2026-05-31 06:00:00+00:00,42182099999,36.66,1015.25,46.8
2026-05-31 07:00:00+00:00,42182099999,36.26,1015.01,35.2
2026-05-31 08:00:00+00:00,42182099999,35.77,1015.27,45.7
2026-05-31 09:00:00+00:00,42182099999,33.49,1015.08,47.6
2026-05-31 10:00:00+00:00,42182099999,32.53,1014.93,42.5
2026-05-31 11:00:00+00:00,42182099999,30.4,1015.46,52.1
2026-05-31 12:00:00+00:00,42182099999,27.33,1015.0,57.9
2026-05-31 13:00:00+00:00,42182099999,25.3,1014.69,65.8
2026-05-31 14:00:00+00:00,42182099999,22.99,1014.98,64.0
2026-05-31 15:00:00+00:00,42182099999,22.18,1015.23,69.9
2026-05-31 16:00:00+00:00,42182099999,18.69,1014.75,71.8
2026-05-31 17:00:00+00:00,42182099999,19.1,1015.3,74.5
2026-05-31 18:00:00+00:00,42182099999,18.0,1015.29,73.1
2026-05-31 19:00:00+00:00,42182099999,19.05,1015.68,75.8
2026-05-31 20:00:00+00:00,42182099999,20.71,1014.89,74.4
2026-05-31 21:00:00+00:00,42182099999,21.26,1015.26,66.0
2026-05-31 22:00:00+00:00,42182099999,23.58,1014.59,68.9
2026-05-31 23:00:00+00:00,42182099999,25.16,1014.95,60.4
2026-06-01 00:00:00+00:00,42182099999,29.16,1015.04,57.4
2026-06-01 01:00:00+00:00,42182099999,30.88,1015.13,56.8
2026-06-01 02:00:00+00:00,42182099999,33.18,1015.0,50.3
2026-06-01 03:00:00+00:00,42182099999,33.57,1014.99,48.2
2026-06-01 04:00:00+00:00,42182099999,35.13,1014.84,46.2
2026-06-01 05:00:00+00:00,42182099999,37.34,1014.88,44.1
2026-06-01 06:00:00+00:00,42182099999,36.88,1015.1,40.8
2026-06-01 07:00:00+00:00,42182099999,36.54,1015.17,40.3
2026-06-01 08:00:00+00:00,42182099999,35.99,1015.2,46.0
2026-06-01 09:00:00+00:00,42182099999,33.61,1015.3,48.7
2026-06-01 10:00:00+00:00,42182099999,32.96,1015.36,51.0
2026-06-01 11:00:00+00:00,42182099999,30.34,1014.49,53.5
2026-06-01 12:00:00+00:00,42182099999,28.29,1014.86,60.3
2026-06-01 13:00:00+00:00,42182099999,25.27,1014.97,62.2
2026-06-01 14:00:00+00:00,42182099999,23.81,1014.83,62.7
2026-06-01 15:00:00+00:00,42182099999,21.21,1015.31,70.1
2026-06-01 16:00:00+00:00,42182099999,20.78,1015.23,73.2
2026-06-01 17:00:00+00:00,42182099999,19.98,1014.98,75.5
2026-06-01 18:00:00+00:00,42182099999,19.55,1015.05,71.9
2026-06-01 19:00:00+00:00,42182099999,19.62,1015.38,71.7
2026-06-01 20:00:00+00:00,42182099999,20.59,1014.91,72.8
2026-06-01 21:00:00+00:00,42182099999,20.01,1014.92,68.3
2026-06-01 22:00:00+00:00,42182099999,24.0,1015.27,66.0
2026-06-01 23:00:00+00:00,42182099999,25.51,1015.15,64.6
2026-06-02 00:00:00+00:00,42182099999,28.06,1015.36,59.1
2026-06-02 01:00:00+00:00,42182099999,30.16,1015.06,58.5
2026-06-02 02:00:00+00:00,42182099999,31.67,1015.17,50.9
2026-06-02 03:00:00+00:00,42182099999,34.04,1014.8,51.1
2026-06-02 04:00:00+00:00,42182099999,36.19,1014.68,46.9
2026-06-02 05:00:00+00:00,42182099999,37.54,1014.95,49.0
2026-06-02 06:00:00+00:00,42182099999,36.63,1014.19,42.2
2026-06-02 07:00:00+00:00,42182099999,36.15,1015.07,42.5
2026-06-02 08:00:00+00:00,42182099999,36.67,1015.23,47.6
2026-06-02 09:00:00+00:00,42182099999,33.83,1014.97,45.6
2026-06-02 10:00:00+00:00,42182099999,33.74,1014.89,49.0
2026-06-02 11:00:00+00:00,42182099999,30.36,1015.27,54.6
2026-06-02 12:00:00+00:00,42182099999,27.47,1014.94,59.1
2026-06-02 13:00:00+00:00,42182099999,26.26,1015.23,58.8
2026-06-02 14:00:00+00:00,42182099999,24.52,1015.58,66.8
2026-06-02 15:00:00+00:00,42182099999,20.78,1015.16,68.7
2026-06-02 16:00:00+00:00,42182099999,21.14,1015.22,72.0
2026-06-02 17:00:00+00:00,42182099999,19.14,1015.09,74.1
2026-06-02 18:00:00+00:00,42182099999,19.89,1015.03,73.7
2026-06-02 19:00:00+00:00,42182099999,19.08,1015.03,76.3
2026-06-02 20:00:00+00:00,42182099999,19.26,1014.97,73.3
2026-06-02 21:00:00+00:00,42182099999,21.94,1015.26,69.1
2026-06-02 22:00:00+00:00,42182099999,24.06,1014.49,66.4
2026-06-02 23:00:00+00:00,42182099999,26.93,1014.88,64.9
2026-06-03 00:00:00+00:00,42182099999,29.03,1015.08,60.2
2026-06-03 01:00:00+00:00,42182099999,30.75,1014.65,57.2
2026-06-03 02:00:00+00:00,42182099999,32.36,1014.86,49.9
2026-06-03 03:00:00+00:00,42182099999,34.05,1014.69,47.3
2026-06-03 04:00:00+00:00,42182099999,35.62,1015.02,49.4
2026-06-03 05:00:00+00:00,42182099999,36.19,1015.14,42.7
2026-06-03 06:00:00+00:00,42182099999,36.84,1015.31,46.4
2026-06-03 07:00:00+00:00,42182099999,35.17,1015.04,44.9
2026-06-03 08:00:00+00:00,42182099999,35.9,1014.69,43.3
2026-06-03 09:00:00+00:00,42182099999,34.35,1014.96,43.5
2026-06-03 10:00:00+00:00,42182099999,34.04,1015.06,51.8
2026-06-03 11:00:00+00:00,42182099999,30.78,1015.3,52.4
2026-06-03 12:00:00+00:00,42182099999,27.71,1014.28,56.5
2026-06-03 13:00:00+00:00,42182099999,26.01,1015.0,58.1
2026-06-03 14:00:00+00:00,42182099999,22.76,1014.37,69.2
2026-06-03 15:00:00+00:00,42182099999,21.27,1015.1,69.8
2026-06-03 16:00:00+00:00,42182099999,19.09,1015.02,72.2
2026-06-03 17:00:00+00:00,42182099999,20.17,1015.04,74.7
2026-06-03 18:00:00+00:00,42182099999,19.36,1015.15,74.9
2026-06-03 19:00:00+00:00,42182099999,18.6,1015.0,73.9
2026-06-03 20:00:00+00:00,42182099999,20.17,1014.71,73.4
2026-06-03 21:00:00+00:00,42182099999,22.21,1014.99,68.9
2026-06-03 22:00:00+00:00,42182099999,23.8,1015.24,59.8
2026-06-03 23:00:00+00:00,42182099999,25.9,1014.86,64.2
2026-06-04 00:00:00+00:00,42182099999,27.49,1014.84,59.3
2026-06-04 01:00:00+00:00,42182099999,29.95,1014.48,54.2
2026-06-04 02:00:00+00:00,42182099999,32.56,1015.16,54.2
2026-06-04 03:00:00+00:00,42182099999,34.92,1014.69,43.5
2026-06-04 04:00:00+00:00,42182099999,35.3,1014.62,37.2
2026-06-04 05:00:00+00:00,42182099999,36.02,1014.7,46.5
2026-06-04 06:00:00+00:00,42182099999,37.69,1014.58,43.3
2026-06-04 07:00:00+00:00,42182099999,36.14,1014.76,38.7
2026-06-04 08:00:00+00:00,42182099999,36.44,1015.2,43.4
2026-06-04 09:00:00+00:00,42182099999,34.51,1015.06,48.5
2026-06-04 10:00:00+00:00,42182099999,33.03,1015.24,47.2
2026-06-04 11:00:00+00:00,42182099999,31.38,1015.26,55.5
2026-06-04 12:00:00+00:00,42182099999,28.41,1014.58,63.5
2026-06-04 13:00:00+00:00,42182099999,26.14,1014.97,65.9
2026-06-04 14:00:00+00:00,42182099999,22.95,1015.26,66.2
2026-06-04 15:00:00+00:00,42182099999,21.22,1015.49,70.4
2026-06-04 16:00:00+00:00,42182099999,20.59,1014.43,69.8
2026-06-04 17:00:00+00:00,42182099999,20.23,1014.42,74.0
2026-06-04 18:00:00+00:00,42182099999,19.84,1014.97,73.4
2026-06-04 19:00:00+00:00,42182099999,20.7,1014.74,71.2
2026-06-04 20:00:00+00:00,42182099999,20.39,1014.55,68.8
2026-06-04 21:00:00+00:00,42182099999,21.76,1014.94,74.4
2026-06-04 22:00:00+00:00,42182099999,24.1,1014.61,66.5
2026-06-04 23:00:00+00:00,42182099999,25.68,1014.18,59.9
2026-06-05 00:00:00+00:00,42182099999,27.96,1014.76,57.2
2026-06-05 01:00:00+00:00,42182099999,29.7,1014.81,57.8
2026-06-05 02:00:00+00:00,42182099999,33.09,1014.95,54.3
2026-06-05 03:00:00+00:00,42182099999,33.72,1015.04,45.4
2026-06-05 04:00:00+00:00,42182099999,36.1,1014.82,44.9
2026-06-05 05:00:00+00:00,42182099999,35.84,1014.7,45.0
2026-06-05 06:00:00+00:00,42182099999,37.66,1014.58,41.4
2026-06-05 07:00:00+00:00,42182099999,36.08,1014.3,39.9
2026-06-05 08:00:00+00:00,42182099999,36.3,1014.64,42.0
2026-06-05 09:00:00+00:00,42182099999,33.41,1015.05,47.0
2026-06-05 10:00:00+00:00,42182099999,32.24,1014.96,48.3
2026-06-05 11:00:00+00:00,42182099999,31.04,1015.36,50.9
2026-06-05 12:00:00+00:00,42182099999,27.52,1014.73,57.7
2026-06-05 13:00:00+00:00,42182099999,25.71,1014.26,64.7
2026-06-05 14:00:00+00:00,42182099999,23.21,1015.01,68.0
2026-06-05 15:00:00+00:00,42182099999,20.25,1015.07,69.0
2026-06-05 16:00:00+00:00,42182099999,20.39,1014.43,76.8
2026-06-05 17:00:00+00:00,42182099999,19.57,1014.31,71.8
2026-06-05 18:00:00+00:00,42182099999,18.34,1014.81,74.1
2026-06-05 19:00:00+00:00,42182099999,19.65,1014.97,70.3
2026-06-05 20:00:00+00:00,42182099999,19.73,1014.45,74.0
2026-06-05 21:00:00+00:00,42182099999,21.03,1014.67,69.3
2026-06-05 22:00:00+00:00,42182099999,23.5,1014.55,62.1
2026-06-05 23:00:00+00:00,42182099999,25.26,1014.43,60.3
2026-06-06 00:00:00+00:00,42182099999,29.38,1014.33,62.7
2026-06-06 01:00:00+00:00,42182099999,29.4,1014.75,55.9
2026-06-06 02:00:00+00:00,42182099999,32.94,1014.6,50.5
2026-06-06 03:00:00+00:00,42182099999,34.96,1014.51,49.1
2026-06-06 04:00:00+00:00,42182099999,34.61,1013.96,40.4
2026-06-06 05:00:00+00:00,42182099999,35.65,1015.21,40.7
2026-06-06 06:00:00+00:00,42182099999,37.34,1014.44,39.0
2026-06-06 07:00:00+00:00,42182099999,36.4,1014.67,40.7
2026-06-06 08:00:00+00:00,42182099999,36.02,1014.38,43.4
2026-06-06 09:00:00+00:00,42182099999,35.05,1014.81,48.2
2026-06-06 10:00:00+00:00,42182099999,32.28,1014.27,52.7
2026-06-06 11:00:00+00:00,42182099999,29.69,1014.73,56.5
2026-06-06 12:00:00+00:00,42182099999,26.36,1014.65,64.9
2026-06-06 13:00:00+00:00,42182099999,25.79,1014.97,61.2
2026-06-06 14:00:00+00:00,42182099999,22.94,1014.39,66.2
2026-06-06 15:00:00+00:00,42182099999,21.82,1014.52,70.8
2026-06-06 16:00:00+00:00,42182099999,20.34,1014.64,70.0
2026-06-06 17:00:00+00:00,42182099999,18.48,1015.3,73.0
2026-06-06 18:00:00+00:00,42182099999,20.03,1014.28,75.3
2026-06-06 19:00:00+00:00,42182099999,19.96,1014.79,71.5
2026-06-06 20:00:00+00:00,42182099999,20.71,1014.52,73.3
2026-06-06 21:00:00+00:00,42182099999,20.93,1014.79,72.6
2026-06-06 22:00:00+00:00,42182099999,23.26,1014.89,63.5
2026-06-06 23:00:00+00:00,42182099999,25.34,1014.74,56.7
2026-06-07 00:00:00+00:00,42182099999,27.75,1014.72,58.4
2026-06-07 01:00:00+00:00,42182099999,29.65,1014.72,51.5
2026-06-07 02:00:00+00:00,42182099999,32.76,1014.47,50.7
2026-06-07 03:00:00+00:00,42182099999,34.5,1014.58,45.8
2026-06-07 04:00:00+00:00,42182099999,36.01,1014.17,45.1
2026-06-07 05:00:00+00:00,42182099999,36.39,1014.54,45.6
2026-06-07 06:00:00+00:00,42182099999,37.77,1014.42,44.3
2026-06-07 07:00:00+00:00,42182099999,36.81,1014.57,41.9
2026-06-07 08:00:00+00:00,42182099999,34.15,1014.85,41.5
2026-06-07 09:00:00+00:00,42182099999,33.98,1014.75,40.7
2026-06-07 10:00:00+00:00,42182099999,32.47,1014.78,44.8
2026-06-07 11:00:00+00:00,42182099999,30.91,1014.96,52.1
2026-06-07 12:00:00+00:00,42182099999,27.82,1013.96,58.5
2026-06-07 13:00:00+00:00,42182099999,25.52,1014.76,60.7
2026-06-07 14:00:00+00:00,42182099999,23.1,1014.63,64.7
2026-06-07 15:00:00+00:00,42182099999,22.04,1014.61,65.5
2026-06-07 16:00:00+00:00,42182099999,19.94,1014.27,67.9
2026-06-07 17:00:00+00:00,42182099999,18.94,1014.8,69.4
2026-06-07 18:00:00+00:00,42182099999,18.55,1014.97,75.7
2026-06-07 19:00:00+00:00,42182099999,19.64,1014.93,68.7
2026-06-07 20:00:00+00:00,42182099999,19.89,1014.61,73.7
2026-06-07 21:00:00+00:00,42182099999,20.63,1014.82,67.2
2026-06-07 22:00:00+00:00,42182099999,23.87,1014.9,67.5
2026-06-07 23:00:00+00:00,42182099999,25.25,1015.16,62.9
2026-06-08 00:00:00+00:00,42182099999,28.21,1014.93,60.0
2026-06-08 01:00:00+00:00,42182099999,30.55,1014.62,56.9
2026-06-08 02:00:00+00:00,42182099999,33.22,1014.6,48.2
2026-06-08 03:00:00+00:00,42182099999,34.99,1014.62,44.4
2026-06-08 04:00:00+00:00,42182099999,35.45,1014.64,43.1
2026-06-08 05:00:00+00:00,42182099999,36.59,1014.43,40.7
2026-06-08 06:00:00+00:00,42182099999,36.23,1014.8,43.7
2026-06-08 07:00:00+00:00,42182099999,37.7,1014.38,42.3
2026-06-08 08:00:00+00:00,42182099999,36.06,1014.35,44.2
2026-06-08 09:00:00+00:00,42182099999,35.2,1014.68,47.8
2026-06-08 10:00:00+00:00,42182099999,32.31,1014.41,48.9
2026-06-08 11:00:00+00:00,42182099999,29.1,1014.51,56.6
2026-06-08 12:00:00+00:00,42182099999,28.92,1013.98,53.5
2026-06-08 13:00:00+00:00,42182099999,25.73,1014.8,62.8
2026-06-08 14:00:00+00:00,42182099999,23.58,1014.57,67.3
2026-06-08 15:00:00+00:00,42182099999,21.67,1014.54,67.4
2026-06-08 16:00:00+00:00,42182099999,20.59,1014.71,70.2
2026-06-08 17:00:00+00:00,42182099999,19.63,1014.64,75.7
2026-06-08 18:00:00+00:00,42182099999,18.05,1014.38,73.2
2026-06-08 19:00:00+00:00,42182099999,19.96,1015.15,68.7
2026-06-08 20:00:00+00:00,42182099999,19.89,1014.45,68.5
2026-06-08 21:00:00+00:00,42182099999,21.36,1014.85,71.8
2026-06-08 22:00:00+00:00,42182099999,24.54,1015.1,63.8
2026-06-08 23:00:00+00:00,42182099999,26.22,1014.4,65.4
2026-06-09 00:00:00+00:00,42182099999,27.8,1014.54,61.4
2026-06-09 01:00:00+00:00,42182099999,29.22,1014.28,53.4
2026-06-09 02:00:00+00:00,42182099999,32.6,1014.81,51.4
2026-06-09 03:00:00+00:00,42182099999,34.69,1014.42,44.6
2026-06-09 04:00:00+00:00,42182099999,35.75,1014.2,43.1
2026-06-09 05:00:00+00:00,42182099999,35.95,1014.89,40.8
2026-06-09 06:00:00+00:00,42182099999,36.53,1014.77,43.5
2026-06-09 07:00:00+00:00,42182099999,35.94,1014.26,39.4
2026-06-09 08:00:00+00:00,42182099999,35.92,1014.85,43.8
2026-06-09 09:00:00+00:00,42182099999,34.86,1014.57,46.8
2026-06-09 10:00:00+00:00,42182099999,33.12,1015.29,51.3
2026-06-09 11:00:00+00:00,42182099999,29.89,1015.0,48.6
2026-06-09 12:00:00+00:00,42182099999,28.14,1014.35,53.5
2026-06-09 13:00:00+00:00,42182099999,26.0,1014.43,59.9
2026-06-09 14:00:00+00:00,42182099999,23.19,1014.26,65.4
2026-06-09 15:00:00+00:00,42182099999,21.55,1014.55,69.6
2026-06-09 16:00:00+00:00,42182099999,21.48,1014.52,72.3
2026-06-09 17:00:00+00:00,42182099999,19.43,1014.72,78.5
2026-06-09 18:00:00+00:00,42182099999,19.53,1014.54,75.6
2026-06-09 19:00:00+00:00,42182099999,19.05,1014.09,74.9
2026-06-09 20:00:00+00:00,42182099999,20.23,1014.28,70.6
2026-06-09 21:00:00+00:00,42182099999,20.61,1014.92,71.2
2026-06-09 22:00:00+00:00,42182099999,23.48,1014.84,67.7
2026-06-09 23:00:00+00:00,42182099999,26.39,1014.46,63.8
2026-06-10 00:00:00+00:00,42182099999,29.26,1014.41,57.7
2026-06-10 01:00:00+00:00,42182099999,31.05,1014.4,55.4
2026-06-10 02:00:00+00:00,42182099999,32.91,1014.45,53.8
2026-06-10 03:00:00+00:00,42182099999,34.4,1013.97,44.7
2026-06-10 04:00:00+00:00,42182099999,35.43,1014.7,38.7
2026-06-10 05:00:00+00:00,42182099999,36.6,1014.26,44.6
2026-06-10 06:00:00+00:00,42182099999,37.37,1014.49,43.8
2026-06-10 07:00:00+00:00,42182099999,36.22,1013.72,41.9
2026-06-10 08:00:00+00:00,42182099999,36.35,1014.51,43.0
2026-06-10 09:00:00+00:00,42182099999,33.77,1014.83,53.5
2026-06-10 10:00:00+00:00,42182099999,31.43,1013.81,48.8
2026-06-10 11:00:00+00:00,42182099999,29.72,1014.88,50.8
2026-06-10 12:00:00+00:00,42182099999,27.0,1014.58,56.8
2026-06-10 13:00:00+00:00,42182099999,24.85,1014.24,63.4
2026-06-10 14:00:00+00:00,42182099999,24.18,1013.99,64.4
2026-06-10 15:00:00+00:00,42182099999,21.52,1014.78,68.3
2026-06-10 16:00:00+00:00,42182099999,20.34,1014.52,72.6
2026-06-10 17:00:00+00:00,42182099999,20.0,1014.62,72.4
2026-06-10 18:00:00+00:00,42182099999,19.76,1014.37,74.3
2026-06-10 19:00:00+00:00,42182099999,19.0,1014.22,73.3
2026-06-10 20:00:00+00:00,42182099999,21.0,1014.7,69.2
2026-06-10 21:00:00+00:00,42182099999,21.87,1014.17,69.5
2026-06-10 22:00:00+00:00,42182099999,23.5,1014.71,63.1
2026-06-10 23:00:00+00:00,42182099999,25.94,1013.97,64.4
2026-06-11 00:00:00+00:00,42182099999,27.14,1014.12,55.6
2026-06-11 01:00:00+00:00,42182099999,29.86,1013.97,53.2
2026-06-11 02:00:00+00:00,42182099999,32.44,1014.76,45.4
2026-06-11 03:00:00+00:00,42182099999,34.73,1013.88,45.5
2026-06-11 04:00:00+00:00,42182099999,35.57,1014.06,41.0
2026-06-11 05:00:00+00:00,42182099999,36.62,1014.57,46.2
2026-06-11 06:00:00+00:00,42182099999,37.58,1014.45,41.7
2026-06-11 07:00:00+00:00,42182099999,37.54,1015.01,43.8
2026-06-11 08:00:00+00:00,42182099999,36.25,1014.91,39.8
2026-06-11 09:00:00+00:00,42182099999,35.13,1014.56,43.6
2026-06-11 10:00:00+00:00,42182099999,32.26,1014.58,49.5
2026-06-11 11:00:00+00:00,42182099999,30.15,1013.86,50.4
2026-06-11 12:00:00+00:00,42182099999,28.19,1014.13,60.8
2026-06-11 13:00:00+00:00,42182099999,25.49,1014.29,61.1
2026-06-11 14:00:00+00:00,42182099999,23.2,1014.33,66.3
2026-06-11 15:00:00+00:00,42182099999,22.63,1013.99,70.0
2026-06-11 16:00:00+00:00,42182099999,20.09,1014.12,71.4
2026-06-11 17:00:00+00:00,42182099999,18.73,1014.14,75.3
2026-06-11 18:00:00+00:00,42182099999,19.29,1014.69,72.3
2026-06-11 19:00:00+00:00,42182099999,20.41,1014.5,74.3
2026-06-11 20:00:00+00:00,42182099999,20.25,1014.29,74.8
2026-06-11 21:00:00+00:00,42182099999,22.37,1014.3,69.8
2026-06-11 22:00:00+00:00,42182099999,23.24,1014.47,66.3
2026-06-11 23:00:00+00:00,42182099999,25.38,1014.18,61.3
2026-06-12 00:00:00+00:00,42182099999,27.59,1014.24,58.1
2026-06-12 01:00:00+00:00,42182099999,30.24,1013.82,55.5
2026-06-12 02:00:00+00:00,42182099999,33.6,1014.51,49.3
2026-06-12 03:00:00+00:00,42182099999,33.67,1014.59,42.5
2026-06-12 04:00:00+00:00,42182099999,36.78,1014.42,44.5
2026-06-12 05:00:00+00:00,42182099999,36.09,1014.45,42.1
2026-06-12 06:00:00+00:00,42182099999,36.86,1014.42,43.1
2026-06-12 07:00:00+00:00,42182099999,37.19,1014.9,42.6
2026-06-12 08:00:00+00:00,42182099999,36.17,1014.38,48.0
2026-06-12 09:00:00+00:00,42182099999,34.53,1013.94,43.7
2026-06-12 10:00:00+00:00,42182099999,31.51,1014.02,47.5
2026-06-12 11:00:00+00:00,42182099999,30.55,1014.52,55.4
2026-06-12 12:00:00+00:00,42182099999,27.39,1014.62,55.4
2026-06-12 13:00:00+00:00,42182099999,27.21,1014.54,62.9
2026-06-12 14:00:00+00:00,42182099999,23.37,1014.56,65.9
2026-06-12 15:00:00+00:00,42182099999,21.75,1014.37,64.4
2026-06-12 16:00:00+00:00,42182099999,19.52,1013.89,73.4
2026-06-12 17:00:00+00:00,42182099999,19.02,1014.11,76.8
2026-06-12 18:00:00+00:00,42182099999,18.23,1013.8,74.4
2026-06-12 19:00:00+00:00,42182099999,19.9,1014.21,69.9
2026-06-12 20:00:00+00:00,42182099999,20.05,1013.93,73.7
2026-06-12 21:00:00+00:00,42182099999,21.97,1014.34,66.7
2026-06-12 22:00:00+00:00,42182099999,23.09,1014.27,65.6
2026-06-12 23:00:00+00:00,42182099999,25.37,1013.76,63.1
2026-06-13 00:00:00+00:00,42182099999,28.77,1014.46,56.0
2026-06-13 01:00:00+00:00,42182099999,29.75,1014.47,49.6
2026-06-13 02:00:00+00:00,42182099999,31.42,1013.85,49.6
2026-06-13 03:00:00+00:00,42182099999,34.61,1014.29,46.5
2026-06-13 04:00:00+00:00,42182099999,35.11,1014.46,42.0
2026-06-13 05:00:00+00:00,42182099999,36.43,1014.17,40.6
2026-06-13 06:00:00+00:00,42182099999,37.55,1014.5,43.7
2026-06-13 07:00:00+00:00,42182099999,36.2,1014.31,42.2
2026-06-13 08:00:00+00:00,42182099999,36.32,1014.56,42.9
2026-06-13 09:00:00+00:00,42182099999,33.96,1014.3,45.1
2026-06-13 10:00:00+00:00,42182099999,33.39,1014.2,50.3
2026-06-13 11:00:00+00:00,42182099999,31.12,1014.4,54.0
2026-06-13 12:00:00+00:00,42182099999,27.72,1014.48,57.5
2026-06-13 13:00:00+00:00,42182099999,25.54,1014.32,58.7
2026-06-13 14:00:00+00:00,42182099999,23.0,1014.12,65.0
2026-06-13 15:00:00+00:00,42182099999,21.76,1014.02,67.7
2026-06-13 16:00:00+00:00,42182099999,20.9,1014.14,71.9
2026-06-13 17:00:00+00:00,42182099999,18.44,1014.08,76.2
2026-06-13 18:00:00+00:00,42182099999,19.55,1014.31,76.2
2026-06-13 19:00:00+00:00,42182099999,18.51,1014.3,74.9
2026-06-13 20:00:00+00:00,42182099999,19.69,1014.22,72.0
2026-06-13 21:00:00+00:00,42182099999,20.56,1014.25,68.4
2026-06-13 22:00:00+00:00,42182099999,24.76,1014.3,66.7
2026-06-13 23:00:00+00:00,42182099999,25.71,1014.7,60.9
2026-06-14 00:00:00+00:00,42182099999,28.15,1014.53,57.1
2026-06-14 01:00:00+00:00,42182099999,29.92,1014.02,51.7
2026-06-14 02:00:00+00:00,42182099999,33.14,1014.3,49.8
2026-06-14 03:00:00+00:00,42182099999,33.1,1014.09,46.4
2026-06-14 04:00:00+00:00,42182099999,35.81,1014.15,48.6
2026-06-14 05:00:00+00:00,42182099999,38.02,1014.11,43.8
2026-06-14 06:00:00+00:00,42182099999,36.77,1014.0,41.0
2026-06-14 07:00:00+00:00,42182099999,36.7,1013.79,44.3
2026-06-14 08:00:00+00:00,42182099999,36.2,1013.47,42.9
2026-06-14 09:00:00+00:00,42182099999,33.88,1014.24,49.1
2026-06-14 10:00:00+00:00,42182099999,32.51,1014.52,51.8
2026-06-14 11:00:00+00:00,42182099999,30.91,1013.92,60.8
2026-06-14 12:00:00+00:00,42182099999,28.12,1014.33,55.3
2026-06-14 13:00:00+00:00,42182099999,25.89,1014.07,61.9
2026-06-14 14:00:00+00:00,42182099999,23.29,1014.26,65.6
2026-06-14 15:00:00+00:00,42182099999,21.83,1013.95,69.9
2026-06-14 16:00:00+00:00,42182099999,20.24,1014.11,73.5
2026-06-14 17:00:00+00:00,42182099999,20.18,1014.15,71.0
2026-06-14 18:00:00+00:00,42182099999,19.43,1013.49,72.2
2026-06-14 19:00:00+00:00,42182099999,19.16,1014.24,74.1
2026-06-14 20:00:00+00:00,42182099999,18.74,1014.14,74.1
2026-06-14 21:00:00+00:00,42182099999,22.07,1013.46,66.5
2026-06-14 22:00:00+00:00,42182099999,23.95,1014.37,62.2
2026-06-14 23:00:00+00:00,42182099999,25.12,1014.17,64.8
2026-06-15 00:00:00+00:00,42182099999,26.8,1014.17,60.0
2026-06-15 01:00:00+00:00,42182099999,29.64,1014.22,56.4
2026-06-15 02:00:00+00:00,42182099999,33.06,1013.99,47.6
2026-06-15 03:00:00+00:00,42182099999,33.73,1013.8,46.1
2026-06-15 04:00:00+00:00,42182099999,35.52,1013.99,44.6
2026-06-15 05:00:00+00:00,42182099999,36.83,1013.99,43.5
2026-06-15 06:00:00+00:00,42182099999,37.73,1014.76,41.6
2026-06-15 07:00:00+00:00,42182099999,36.68,1014.65,42.3
2026-06-15 08:00:00+00:00,42182099999,35.73,1013.97,46.5
2026-06-15 09:00:00+00:00,42182099999,34.03,1013.99,45.6
2026-06-15 10:00:00+00:00,42182099999,33.48,1014.21,48.6
2026-06-15 11:00:00+00:00,42182099999,30.97,1014.28,52.7
2026-06-15 12:00:00+00:00,42182099999,27.94,1013.91,56.7
2026-06-15 13:00:00+00:00,42182099999,24.83,1013.82,62.4
2026-06-15 14:00:00+00:00,42182099999,23.03,1014.67,65.4
2026-06-15 15:00:00+00:00,42182099999,21.98,1014.42,68.2
2026-06-15 16:00:00+00:00,42182099999,19.77,1013.66,75.2
2026-06-15 17:00:00+00:00,42182099999,19.84,1013.6,74.1
2026-06-15 18:00:00+00:00,42182099999,19.22,1013.87,73.1
2026-06-15 19:00:00+00:00,42182099999,19.48,1014.18,76.4
2026-06-15 20:00:00+00:00,42182099999,20.6,1014.27,70.4
2026-06-15 21:00:00+00:00,42182099999,21.94,1014.01,69.2
2026-06-15 22:00:00+00:00,42182099999,22.99,1013.64,65.7
2026-06-15 23:00:00+00:00,42182099999,25.48,1014.18,60.7
2026-06-16 00:00:00+00:00,42182099999,29.4,1014.22,57.0
2026-06-16 01:00:00+00:00,42182099999,29.6,1014.05,54.0
2026-06-16 02:00:00+00:00,42182099999,32.22,1013.9,46.5
2026-06-16 03:00:00+00:00,42182099999,35.0,1014.21,45.7
2026-06-16 04:00:00+00:00,42182099999,35.7,1014.03,44.7
2026-06-16 05:00:00+00:00,42182099999,36.21,1013.72,43.1
2026-06-16 06:00:00+00:00,42182099999,36.21,1014.07,42.6
2026-06-16 07:00:00+00:00,42182099999,37.01,1013.67,48.1
2026-06-16 08:00:00+00:00,42182099999,36.41,1014.33,45.7
2026-06-16 09:00:00+00:00,42182099999,35.2,1014.18,46.3
2026-06-16 10:00:00+00:00,42182099999,32.53,1013.76,49.6
2026-06-16 11:00:00+00:00,42182099999,30.96,1014.11,53.8
2026-06-16 12:00:00+00:00,42182099999,27.38,1014.41,59.0
2026-06-16 13:00:00+00:00,42182099999,25.77,1013.42,61.3
2026-06-16 14:00:00+00:00,42182099999,23.09,1014.0,69.5
2026-06-16 15:00:00+00:00,42182099999,21.74,1014.53,66.6
2026-06-16 16:00:00+00:00,42182099999,20.66,1013.59,73.3
2026-06-16 17:00:00+00:00,42182099999,19.95,1014.0,74.6
2026-06-16 18:00:00+00:00,42182099999,18.41,1013.63,71.2
2026-06-16 19:00:00+00:00,42182099999,20.07,1014.03,74.9
2026-06-16 20:00:00+00:00,42182099999,19.92,1013.34,73.1
2026-06-16 21:00:00+00:00,42182099999,21.02,1013.57,67.7
2026-06-16 22:00:00+00:00,42182099999,23.4,1013.89,71.4
2026-06-16 23:00:00+00:00,42182099999,24.79,1014.09,63.7
2026-06-17 00:00:00+00:00,42182099999,28.0,1014.09,57.1
2026-06-17 01:00:00+00:00,42182099999,30.5,1014.1,52.6
2026-06-17 02:00:00+00:00,42182099999,32.38,1014.32,48.1
2026-06-17 03:00:00+00:00,42182099999,34.69,1014.18,47.2
2026-06-17 04:00:00+00:00,42182099999,35.61,1014.2,44.2
2026-06-17 05:00:00+00:00,42182099999,36.7,1013.69,39.1
2026-06-17 06:00:00+00:00,42182099999,36.14,1013.93,39.4
2026-06-17 07:00:00+00:00,42182099999,36.72,1014.91,40.8
2026-06-17 08:00:00+00:00,42182099999,35.28,1014.64,43.1
2026-06-17 09:00:00+00:00,42182099999,34.09,1014.22,45.7
2026-06-17 10:00:00+00:00,42182099999,32.44,1014.2,48.3
2026-06-17 11:00:00+00:00,42182099999,30.44,1014.27,55.3
2026-06-17 12:00:00+00:00,42182099999,27.01,1013.86,60.2
2026-06-17 13:00:00+00:00,42182099999,24.73,1014.55,62.2
2026-06-17 14:00:00+00:00,42182099999,23.32,1013.87,60.7
2026-06-17 15:00:00+00:00,42182099999,21.92,1013.96,68.8
2026-06-17 16:00:00+00:00,42182099999,20.42,1014.62,73.1
2026-06-17 17:00:00+00:00,42182099999,19.84,1013.37,73.2
2026-06-17 18:00:00+00:00,42182099999,19.78,1014.09,74.6
2026-06-17 19:00:00+00:00,42182099999,19.6,1013.47,73.6
2026-06-17 20:00:00+00:00,42182099999,20.19,1013.79,68.2
2026-06-17 21:00:00+00:00,42182099999,21.02,1013.95,63.2
2026-06-17 22:00:00+00:00,42182099999,22.93,1013.88,67.4
2026-06-17 23:00:00+00:00,42182099999,25.39,1014.03,60.8
2026-06-18 00:00:00+00:00,42182099999,28.16,1013.69,58.9
2026-06-18 01:00:00+00:00,42182099999,30.46,1013.88,53.0
2026-06-18 02:00:00+00:00,42182099999,32.5,1013.56,49.5
2026-06-18 03:00:00+00:00,42182099999,34.27,1013.8,49.8
2026-06-18 04:00:00+00:00,42182099999,36.17,1013.5,41.2
2026-06-18 05:00:00+00:00,42182099999,36.82,1014.11,42.4
2026-06-18 06:00:00+00:00,42182099999,37.18,1013.53,39.3
2026-06-18 07:00:00+00:00,42182099999,36.88,1014.12,42.6
2026-06-18 08:00:00+00:00,42182099999,35.47,1013.79,45.2
2026-06-18 09:00:00+00:00,42182099999,33.75,1013.82,48.1
2026-06-18 10:00:00+00:00,42182099999,32.79,1014.26,50.3
2026-06-18 11:00:00+00:00,42182099999,30.58,1013.94,50.5
2026-06-18 12:00:00+00:00,42182099999,27.87,1013.35,58.5
2026-06-18 13:00:00+00:00,42182099999,25.42,1014.06,64.2
2026-06-18 14:00:00+00:00,42182099999,24.87,1013.05,68.3
2026-06-18 15:00:00+00:00,42182099999,21.18,1013.99,74.3
2026-06-18 16:00:00+00:00,42182099999,20.08,1013.79,73.1
2026-06-18 17:00:00+00:00,42182099999,19.47,1013.5,70.9
2026-06-18 18:00:00+00:00,42182099999,18.31,1013.94,72.7
2026-06-18 19:00:00+00:00,42182099999,19.38,1013.82,73.6
2026-06-18 20:00:00+00:00,42182099999,21.28,1014.51,74.2
2026-06-18 21:00:00+00:00,42182099999,22.2,1013.78,66.5
2026-06-18 22:00:00+00:00,42182099999,23.88,1014.49,68.1
2026-06-18 23:00:00+00:00,42182099999,26.03,1014.32,63.6
2026-06-19 00:00:00+00:00,42182099999,28.07,1013.66,55.8
2026-06-19 01:00:00+00:00,42182099999,30.9,1013.6,55.2
2026-06-19 02:00:00+00:00,42182099999,32.41,1014.24,48.1
2026-06-19 03:00:00+00:00,42182099999,34.11,1013.8,46.6
2026-06-19 04:00:00+00:00,42182099999,35.86,1013.89,43.3
2026-06-19 05:00:00+00:00,42182099999,37.24,1013.77,43.0
2026-06-19 06:00:00+00:00,42182099999,37.2,1013.49,39.1
2026-06-19 07:00:00+00:00,42182099999,37.1,1013.73,43.7
2026-06-19 08:00:00+00:00,42182099999,34.58,1013.56,38.9
2026-06-19 09:00:00+00:00,42182099999,35.08,1013.39,45.6
2026-06-19 10:00:00+00:00,42182099999,33.9,1013.76,48.6
2026-06-19 11:00:00+00:00,42182099999,31.13,1014.38,57.5
2026-06-19 12:00:00+00:00,42182099999,27.81,1014.33,59.2
2026-06-19 13:00:00+00:00,42182099999,25.16,1013.83,60.9
2026-06-19 14:00:00+00:00,42182099999,23.67,1013.89,63.8
2026-06-19 15:00:00+00:00,42182099999,21.04,1014.0,69.3
2026-06-19 16:00:00+00:00,42182099999,20.64,1014.25,70.3
2026-06-19 17:00:00+00:00,42182099999,18.99,1013.94,78.7
2026-06-19 18:00:00+00:00,42182099999,19.58,1013.7,67.3
2026-06-19 19:00:00+00:00,42182099999,20.12,1013.73,73.5
2026-06-19 20:00:00+00:00,42182099999,18.99,1014.18,65.9
2026-06-19 21:00:00+00:00,42182099999,21.81,1014.62,71.7
2026-06-19 22:00:00+00:00,42182099999,23.08,1013.66,64.0
2026-06-19 23:00:00+00:00,42182099999,24.82,1013.23,65.9
2026-06-20 00:00:00+00:00,42182099999,27.63,1014.02,56.6
2026-06-20 01:00:00+00:00,42182099999,30.2,1013.75,56.3
2026-06-20 02:00:00+00:00,42182099999,33.12,1013.82,50.4
2026-06-20 03:00:00+00:00,42182099999,33.45,1014.15,49.4
2026-06-20 04:00:00+00:00,42182099999,36.42,1013.8,44.1
2026-06-20 05:00:00+00:00,42182099999,37.9,1013.38,35.4
2026-06-20 06:00:00+00:00,42182099999,37.36,1013.19,40.2
2026-06-20 07:00:00+00:00,42182099999,37.02,1013.76,38.8
2026-06-20 08:00:00+00:00,42182099999,35.79,1013.43,46.3
2026-06-20 09:00:00+00:00,42182099999,33.66,1013.86,47.9
2026-06-20 10:00:00+00:00,42182099999,32.82,1013.4,49.9
2026-06-20 11:00:00+00:00,42182099999,30.56,1013.67,54.8
2026-06-20 12:00:00+00:00,42182099999,28.44,1013.34,58.4
2026-06-20 13:00:00+00:00,42182099999,27.21,1013.67,60.7
2026-06-20 14:00:00+00:00,42182099999,23.94,1013.64,70.5
2026-06-20 15:00:00+00:00,42182099999,21.89,1013.96,69.8
2026-06-20 16:00:00+00:00,42182099999,21.14,1014.18,71.3
2026-06-20 17:00:00+00:00,42182099999,18.5,1013.72,69.9
2026-06-20 18:00:00+00:00,42182099999,18.31,1013.52,72.4
2026-06-20 19:00:00+00:00,42182099999,19.08,1014.36,73.4
2026-06-20 20:00:00+00:00,42182099999,19.81,1013.89,71.3
2026-06-20 21:00:00+00:00,42182099999,22.05,1013.96,68.1
2026-06-20 22:00:00+00:00,42182099999,23.31,1013.96,65.8
2026-06-20 23:00:00+00:00,42182099999,26.71,1014.21,59.4
2026-06-21 00:00:00+00:00,42182099999,28.91,1014.01,57.9
2026-06-21 01:00:00+00:00,42182099999,30.79,1013.91,50.1
2026-06-21 02:00:00+00:00,42182099999,32.27,1013.94,47.9
2026-06-21 03:00:00+00:00,42182099999,34.73,1013.45,44.8
2026-06-21 04:00:00+00:00,42182099999,36.28,1013.53,46.1
2026-06-21 05:00:00+00:00,42182099999,36.05,1013.68,43.6
2026-06-21 06:00:00+00:00,42182099999,37.21,1013.74,42.1
2026-06-21 07:00:00+00:00,42182099999,37.12,1013.72,39.7
2026-06-21 08:00:00+00:00,42182099999,35.92,1013.8,43.1
2026-06-21 09:00:00+00:00,42182099999,35.31,1013.72,48.5
2026-06-21 10:00:00+00:00,42182099999,33.23,1013.58,52.9
2026-06-21 11:00:00+00:00,42182099999,29.83,1013.23,50.3
2026-06-21 12:00:00+00:00,42182099999,28.07,1013.96,56.9
2026-06-21 13:00:00+00:00,42182099999,25.17,1013.89,62.3
2026-06-21 14:00:00+00:00,42182099999,23.85,1013.45,66.7
2026-06-21 15:00:00+00:00,42182099999,21.12,1013.86,69.2
2026-06-21 16:00:00+00:00,42182099999,20.76,1013.83,73.4
2026-06-21 17:00:00+00:00,42182099999,19.54,1013.73,69.9
2026-06-21 18:00:00+00:00,42182099999,19.58,1013.16,77.6
2026-06-21 19:00:00+00:00,42182099999,19.22,1013.35,70.6
2026-06-21 20:00:00+00:00,42182099999,19.33,1013.53,71.9
2026-06-21 21:00:00+00:00,42182099999,22.7,1014.19,70.5
2026-06-21 22:00:00+00:00,42182099999,23.4,1013.45,68.7
2026-06-21 23:00:00+00:00,42182099999,26.5,1013.61,64.2
2026-06-22 00:00:00+00:00,42182099999,28.26,1013.31,60.0
2026-06-22 01:00:00+00:00,42182099999,30.73,1013.5,56.8
2026-06-22 02:00:00+00:00,42182099999,33.6,1013.75,49.6
2026-06-22 03:00:00+00:00,42182099999,34.57,1013.02,48.4
2026-06-22 04:00:00+00:00,42182099999,36.63,1012.79,47.7
2026-06-22 05:00:00+00:00,42182099999,35.8,1013.84,40.7
2026-06-22 06:00:00+00:00,42182099999,37.52,1013.65,38.6
2026-06-22 07:00:00+00:00,42182099999,36.55,1013.46,40.1
2026-06-22 08:00:00+00:00,42182099999,35.71,1013.93,47.4
2026-06-22 09:00:00+00:00,42182099999,34.37,1013.93,49.6
2026-06-22 10:00:00+00:00,42182099999,32.71,1013.02,49.1
2026-06-22 11:00:00+00:00,42182099999,31.32,1013.59,54.4
2026-06-22 12:00:00+00:00,42182099999,26.89,1013.98,59.1
2026-06-22 13:00:00+00:00,42182099999,25.7,1013.44,64.6
2026-06-22 14:00:00+00:00,42182099999,23.07,1013.55,61.5
2026-06-22 15:00:00+00:00,42182099999,22.34,1013.93,67.9
2026-06-22 16:00:00+00:00,42182099999,19.95,1013.56,71.2
2026-06-22 17:00:00+00:00,42182099999,19.58,1013.28,74.2
2026-06-22 18:00:00+00:00,42182099999,18.76,1013.44,74.1
2026-06-22 19:00:00+00:00,42182099999,19.71,1013.25,72.6
2026-06-22 20:00:00+00:00,42182099999,20.81,1013.81,72.5
2026-06-22 21:00:00+00:00,42182099999,21.4,1013.13,63.1
2026-06-22 22:00:00+00:00,42182099999,23.53,1013.94,73.3
2026-06-22 23:00:00+00:00,42182099999,24.82,1013.15,64.0
2026-06-23 00:00:00+00:00,42182099999,28.18,1013.59,60.1
2026-06-23 01:00:00+00:00,42182099999,30.84,1013.14,52.2
2026-06-23 02:00:00+00:00,42182099999,32.17,1013.48,50.9
2026-06-23 03:00:00+00:00,42182099999,35.04,1013.88,51.5
2026-06-23 04:00:00+00:00,42182099999,34.55,1013.91,48.4
2026-06-23 05:00:00+00:00,42182099999,35.58,1013.97,42.7
2026-06-23 06:00:00+00:00,42182099999,36.17,1013.55,39.0
2026-06-23 07:00:00+00:00,42182099999,36.4,1013.61,42.9
2026-06-23 08:00:00+00:00,42182099999,35.81,1013.64,43.4
2026-06-23 09:00:00+00:00,42182099999,34.32,1013.76,48.7
2026-06-23 10:00:00+00:00,42182099999,32.46,1013.46,46.9
2026-06-23 11:00:00+00:00,42182099999,30.76,1013.91,53.4
2026-06-23 12:00:00+00:00,42182099999,27.72,1013.67,58.6
2026-06-23 13:00:00+00:00,42182099999,24.91,1013.92,61.0
2026-06-23 14:00:00+00:00,42182099999,22.75,1013.72,68.5
2026-06-23 15:00:00+00:00,42182099999,22.9,1013.78,66.6
2026-06-23 16:00:00+00:00,42182099999,18.79,1013.36,68.9
2026-06-23 17:00:00+00:00,42182099999,19.2,1013.45,72.6
2026-06-23 18:00:00+00:00,42182099999,19.87,1013.19,75.9
2026-06-23 19:00:00+00:00,42182099999,19.6,1013.49,72.7
2026-06-23 20:00:00+00:00,42182099999,19.71,1013.52,70.4
2026-06-23 21:00:00+00:00,42182099999,21.64,1013.83,71.2
2026-06-23 22:00:00+00:00,42182099999,24.02,1013.2,66.5
2026-06-23 23:00:00+00:00,42182099999,26.4,1014.55,60.8
2026-06-24 00:00:00+00:00,42182099999,27.46,1013.47,58.3
2026-06-24 01:00:00+00:00,42182099999,30.79,1013.88,53.2
2026-06-24 02:00:00+00:00,42182099999,32.65,1013.82,51.4
2026-06-24 03:00:00+00:00,42182099999,35.03,1012.75,47.0
2026-06-24 04:00:00+00:00,42182099999,36.63,1013.43,42.2
2026-06-24 05:00:00+00:00,42182099999,36.49,1013.95,41.4
2026-06-24 06:00:00+00:00,42182099999,36.13,1012.78,41.0
2026-06-24 07:00:00+00:00,42182099999,36.93,1013.74,43.4
2026-06-24 08:00:00+00:00,42182099999,36.86,1013.23,45.0
2026-06-24 09:00:00+00:00,42182099999,34.78,1013.37,44.7
2026-06-24 10:00:00+00:00,42182099999,32.64,1013.57,49.5
2026-06-24 11:00:00+00:00,42182099999,31.77,1012.95,54.6
2026-06-24 12:00:00+00:00,42182099999,27.38,1013.57,60.6
2026-06-24 13:00:00+00:00,42182099999,26.21,1013.31,62.7
2026-06-24 14:00:00+00:00,42182099999,23.16,1013.28,70.6
2026-06-24 15:00:00+00:00,42182099999,21.67,1013.72,69.3
2026-06-24 16:00:00+00:00,42182099999,20.26,1014.56,73.6
2026-06-24 17:00:00+00:00,42182099999,20.22,1013.61,72.6
2026-06-24 18:00:00+00:00,42182099999,18.44,1013.67,71.6
2026-06-24 19:00:00+00:00,42182099999,18.99,1013.49,73.7
2026-06-24 20:00:00+00:00,42182099999,19.25,1013.29,73.0
2026-06-24 21:00:00+00:00,42182099999,21.93,1013.58,70.0
2026-06-24 22:00:00+00:00,42182099999,23.23,1013.96,66.3
2026-06-24 23:00:00+00:00,42182099999,25.92,1013.56,61.3
2026-06-25 00:00:00+00:00,42182099999,27.36,1013.71,56.0
2026-06-25 01:00:00+00:00,42182099999,30.11,1013.37,53.1
2026-06-25 02:00:00+00:00,42182099999,33.12,1014.19,51.1
2026-06-25 03:00:00+00:00,42182099999,34.26,1012.94,48.9
2026-06-25 04:00:00+00:00,42182099999,36.17,1013.61,36.2
2026-06-25 05:00:00+00:00,42182099999,37.01,1013.6,44.0
2026-06-25 06:00:00+00:00,42182099999,36.79,1013.52,44.5
2026-06-25 07:00:00+00:00,42182099999,35.76,1013.1,45.5
2026-06-25 08:00:00+00:00,42182099999,36.39,1013.1,45.0
2026-06-25 09:00:00+00:00,42182099999,34.47,1013.37,48.2
2026-06-25 10:00:00+00:00,42182099999,33.09,1013.47,48.9
2026-06-25 11:00:00+00:00,42182099999,29.12,1013.07,53.6
2026-06-25 12:00:00+00:00,42182099999,27.01,1013.12,59.2
2026-06-25 13:00:00+00:00,42182099999,24.38,1013.61,59.5
2026-06-25 14:00:00+00:00,42182099999,22.97,1013.75,64.1
2026-06-25 15:00:00+00:00,42182099999,22.26,1013.27,69.7
2026-06-25 16:00:00+00:00,42182099999,20.55,1013.23,68.6
2026-06-25 17:00:00+00:00,42182099999,19.29,1013.22,73.5
2026-06-25 18:00:00+00:00,42182099999,19.08,1014.18,70.4
2026-06-25 19:00:00+00:00,42182099999,19.76,1013.58,73.9
2026-06-25 20:00:00+00:00,42182099999,20.02,1013.42,71.9
2026-06-25 21:00:00+00:00,42182099999,21.87,1013.74,67.9
2026-06-25 22:00:00+00:00,42182099999,23.58,1014.13,63.7
2026-06-25 23:00:00+00:00,42182099999,24.36,1013.79,60.9
2026-06-26 00:00:00+00:00,42182099999,27.77,1012.94,52.6
2026-06-26 01:00:00+00:00,42182099999,31.14,1013.34,52.9
2026-06-26 02:00:00+00:00,42182099999,32.26,1013.25,50.2
2026-06-26 03:00:00+00:00,42182099999,34.28,1013.26,49.5
2026-06-26 04:00:00+00:00,42182099999,35.43,1013.0,42.9
2026-06-26 05:00:00+00:00,42182099999,36.4,1013.25,42.1
2026-06-26 06:00:00+00:00,42182099999,37.67,1013.04,45.3
2026-06-26 07:00:00+00:00,42182099999,36.53,1013.47,46.7
2026-06-26 08:00:00+00:00,42182099999,35.18,1013.38,42.9
2026-06-26 09:00:00+00:00,42182099999,32.5,1012.94,49.1
2026-06-26 10:00:00+00:00,42182099999,32.16,1012.85,52.8
2026-06-26 11:00:00+00:00,42182099999,29.15,1013.22,55.0
2026-06-26 12:00:00+00:00,42182099999,26.91,1013.56,55.6
2026-06-26 13:00:00+00:00,42182099999,26.15,1013.52,59.8
2026-06-26 14:00:00+00:00,42182099999,23.93,1013.35,67.3
2026-06-26 15:00:00+00:00,42182099999,20.49,1012.37,74.9
2026-06-26 16:00:00+00:00,42182099999,20.72,1013.22,71.4
2026-06-26 17:00:00+00:00,42182099999,19.58,1013.14,77.2
2026-06-26 18:00:00+00:00,42182099999,18.53,1013.27,78.5
2026-06-26 19:00:00+00:00,42182099999,19.75,1013.0,70.4
2026-06-26 20:00:00+00:00,42182099999,19.23,1013.24,70.4
2026-06-26 21:00:00+00:00,42182099999,20.91,1013.17,72.9
2026-06-26 22:00:00+00:00,42182099999,22.64,1014.18,68.3
2026-06-26 23:00:00+00:00,42182099999,25.0,1013.58,63.4
2026-06-27 00:00:00+00:00,42182099999,28.53,1013.24,57.9
2026-06-27 01:00:00+00:00,42182099999,29.53,1013.28,55.3
2026-06-27 02:00:00+00:00,42182099999,31.81,1013.26,48.4
2026-06-27 03:00:00+00:00,42182099999,33.79,1013.35,52.6
2026-06-27 04:00:00+00:00,42182099999,35.91,1013.18,41.3
2026-06-27 05:00:00+00:00,42182099999,36.49,1013.29,38.2
2026-06-27 06:00:00+00:00,42182099999,37.52,1013.61,42.3
2026-06-27 07:00:00+00:00,42182099999,36.27,1013.55,46.0
2026-06-27 08:00:00+00:00,42182099999,35.02,1013.39,42.9
2026-06-27 09:00:00+00:00,42182099999,34.06,1013.7,46.5
2026-06-27 10:00:00+00:00,42182099999,32.52,1013.36,47.5
2026-06-27 11:00:00+00:00,42182099999,29.77,1013.0,53.6
2026-06-27 12:00:00+00:00,42182099999,28.16,1012.77,55.5
2026-06-27 13:00:00+00:00,42182099999,26.76,1013.09,59.7
2026-06-27 14:00:00+00:00,42182099999,23.15,1013.28,62.4
2026-06-27 15:00:00+00:00,42182099999,21.66,1013.42,68.0
2026-06-27 16:00:00+00:00,42182099999,21.01,1013.62,76.3
2026-06-27 17:00:00+00:00,42182099999,18.91,1013.12,73.3
2026-06-27 18:00:00+00:00,42182099999,18.49,1013.06,74.4
2026-06-27 19:00:00+00:00,42182099999,18.64,1013.53,78.8
2026-06-27 20:00:00+00:00,42182099999,20.44,1013.65,70.3
2026-06-27 21:00:00+00:00,42182099999,21.94,1013.15,66.9
2026-06-27 22:00:00+00:00,42182099999,23.4,1013.4,67.2
2026-06-27 23:00:00+00:00,42182099999,25.69,1013.71,59.1
2026-06-28 00:00:00+00:00,42182099999,28.75,1013.33,58.8
2026-06-28 01:00:00+00:00,42182099999,30.84,1013.21,56.6
2026-06-28 02:00:00+00:00,42182099999,31.65,1012.6,47.4
2026-06-28 03:00:00+00:00,42182099999,34.35,1013.63,45.4
2026-06-28 04:00:00+00:00,42182099999,35.84,1013.42,48.2
2026-06-28 05:00:00+00:00,42182099999,37.11,1013.27,40.0
2026-06-28 06:00:00+00:00,42182099999,36.85,1013.09,40.3
2026-06-28 07:00:00+00:00,42182099999,36.29,1012.85,43.1
2026-06-28 08:00:00+00:00,42182099999,35.5,1013.2,43.3
2026-06-28 09:00:00+00:00,42182099999,33.28,1013.2,44.6
2026-06-28 10:00:00+00:00,42182099999,32.47,1013.56,53.8
2026-06-28 11:00:00+00:00,42182099999,29.95,1012.86,52.4
2026-06-28 12:00:00+00:00,42182099999,28.26,1013.66,58.7
2026-06-28 13:00:00+00:00,42182099999,25.04,1013.24,61.1
2026-06-28 14:00:00+00:00,42182099999,23.22,1013.59,65.4
2026-06-28 15:00:00+00:00,42182099999,21.03,1012.94,66.0
2026-06-28 16:00:00+00:00,42182099999,19.55,1013.33,74.0
2026-06-28 17:00:00+00:00,42182099999,19.71,1013.6,72.4
2026-06-28 18:00:00+00:00,42182099999,18.7,1013.26,77.0
2026-06-28 19:00:00+00:00,42182099999,19.55,1012.79,70.6
2026-06-28 20:00:00+00:00,42182099999,19.51,1013.13,70.6
2026-06-28 21:00:00+00:00,42182099999,21.67,1013.39,70.4
2026-06-28 22:00:00+00:00,42182099999,22.46,1012.81,66.2
2026-06-28 23:00:00+00:00,42182099999,25.36,1012.79,60.5
2026-06-29 00:00:00+00:00,42182099999,27.68,1013.23,57.6
2026-06-29 01:00:00+00:00,42182099999,30.66,1012.87,50.7
2026-06-29 02:00:00+00:00,42182099999,32.58,1013.36,50.1
2026-06-29 03:00:00+00:00,42182099999,34.23,1012.81,40.3
2026-06-29 04:00:00+00:00,42182099999,36.27,1012.61,44.5
2026-06-29 05:00:00+00:00,42182099999,36.78,1012.93,45.8
2026-06-29 06:00:00+00:00,42182099999,37.3,1013.61,44.1
2026-06-29 07:00:00+00:00,42182099999,37.13,1012.9,44.5
2026-06-29 08:00:00+00:00,42182099999,35.73,1013.16,43.1
2026-06-29 09:00:00+00:00,42182099999,34.16,1013.23,47.8
2026-06-29 10:00:00+00:00,42182099999,32.67,1012.87,49.0
2026-06-29 11:00:00+00:00,42182099999,30.05,1013.49,53.6
2026-06-29 12:00:00+00:00,42182099999,28.21,1013.21,57.7
2026-06-29 13:00:00+00:00,42182099999,26.31,1013.29,54.0
2026-06-29 14:00:00+00:00,42182099999,23.99,1012.65,68.2
2026-06-29 15:00:00+00:00,42182099999,21.38,1012.63,70.4
2026-06-29 16:00:00+00:00,42182099999,19.41,1012.33,73.8
2026-06-29 17:00:00+00:00,42182099999,19.25,1013.1,71.1
2026-06-29 18:00:00+00:00,42182099999,18.9,1013.09,75.6
2026-06-29 19:00:00+00:00,42182099999,19.94,1013.38,74.6
2026-06-29 20:00:00+00:00,42182099999,19.95,1013.61,66.4
2026-06-29 21:00:00+00:00,42182099999,21.48,1013.08,65.0
2026-06-29 22:00:00+00:00,42182099999,23.91,1013.08,66.1
2026-06-29 23:00:00+00:00,42182099999,25.36,1013.3,60.5
2026-06-30 00:00:00+00:00,42182099999,27.88,1013.55,57.9
2026-06-30 01:00:00+00:00,42182099999,31.33,1012.84,52.3
2026-06-30 02:00:00+00:00,42182099999,33.36,1013.28,53.6
2026-06-30 03:00:00+00:00,42182099999,34.71,1013.02,42.1
2026-06-30 04:00:00+00:00,42182099999,35.93,1012.99,40.8
2026-06-30 05:00:00+00:00,42182099999,36.08,1013.34,40.1
2026-06-30 06:00:00+00:00,42182099999,37.31,1012.85,38.7
2026-06-30 07:00:00+00:00,42182099999,36.7,1012.77,41.1
2026-06-30 08:00:00+00:00,42182099999,35.9,1013.29,44.0
2026-06-30 09:00:00+00:00,42182099999,34.03,1013.08,43.4
2026-06-30 10:00:00+00:00,42182099999,32.46,1013.01,50.8
2026-06-30 11:00:00+00:00,42182099999,30.19,1013.05,57.0
2026-06-30 12:00:00+00:00,42182099999,28.16,1013.24,60.6
2026-06-30 13:00:00+00:00,42182099999,26.5,1012.98,66.9
2026-06-30 14:00:00+00:00,42182099999,23.69,1013.32,68.7
2026-06-30 15:00:00+00:00,42182099999,20.61,1013.22,69.2
2026-06-30 16:00:00+00:00,42182099999,19.6,1013.54,76.1
2026-06-30 17:00:00+00:00,42182099999,18.33,1013.47,75.1
2026-06-30 18:00:00+00:00,42182099999,18.5,1013.35,78.5
2026-06-30 19:00:00+00:00,42182099999,19.61,1013.03,73.0
2026-06-30 20:00:00+00:00,42182099999,20.42,1013.13,66.8
2026-06-30 21:00:00+00:00,42182099999,21.25,1012.91,66.5
2026-06-30 22:00:00+00:00,42182099999,23.63,1013.95,66.4
2026-06-30 23:00:00+00:00,42182099999,25.19,1013.03,63.4
2026-07-01 00:00:00+00:00,42182099999,27.12,1013.19,57.5
2026-07-01 01:00:00+00:00,42182099999,29.46,1013.43,56.2
2026-07-01 02:00:00+00:00,42182099999,31.96,1012.61,47.2
2026-07-01 03:00:00+00:00,42182099999,35.19,1012.78,45.0
2026-07-01 04:00:00+00:00,42182099999,34.96,1012.91,46.5
2026-07-01 05:00:00+00:00,42182099999,37.41,1012.73,42.6
2026-07-01 06:00:00+00:00,42182099999,37.77,1012.64,42.2
2026-07-01 07:00:00+00:00,42182099999,36.56,1012.87,45.9
2026-07-01 08:00:00+00:00,42182099999,35.74,1013.41,46.8
2026-07-01 09:00:00+00:00,42182099999,33.97,1013.24,44.8
2026-07-01 10:00:00+00:00,42182099999,32.46,1013.03,50.5
2026-07-01 11:00:00+00:00,42182099999,30.69,1013.03,49.7
2026-07-01 12:00:00+00:00,42182099999,27.98,1012.53,58.0
2026-07-01 13:00:00+00:00,42182099999,26.24,1013.23,63.1
2026-07-01 14:00:00+00:00,42182099999,24.18,1013.15,61.8
2026-07-01 15:00:00+00:00,42182099999,21.81,1012.7,73.1
2026-07-01 16:00:00+00:00,42182099999,20.37,1013.09,76.7
2026-07-01 17:00:00+00:00,42182099999,19.24,1012.97,74.6
2026-07-01 18:00:00+00:00,42182099999,19.18,1012.87,76.2
2026-07-01 19:00:00+00:00,42182099999,18.61,1012.73,77.1
2026-07-01 20:00:00+00:00,42182099999,20.42,1012.82,71.4
2026-07-01 21:00:00+00:00,42182099999,21.73,1012.74,71.8
2026-07-01 22:00:00+00:00,42182099999,22.95,1013.16,66.9
2026-07-01 23:00:00+00:00,42182099999,26.93,1013.13,58.5
2026-07-02 00:00:00+00:00,42182099999,27.39,1013.05,55.8
2026-07-02 01:00:00+00:00,42182099999,29.78,1012.9,52.5
2026-07-02 02:00:00+00:00,42182099999,32.64,1012.83,52.6
2026-07-02 03:00:00+00:00,42182099999,33.17,1013.57,46.9
2026-07-02 04:00:00+00:00,42182099999,35.29,1012.4,46.5
2026-07-02 05:00:00+00:00,42182099999,35.75,1013.32,41.4
2026-07-02 06:00:00+00:00,42182099999,36.39,1013.06,38.9
2026-07-02 07:00:00+00:00,42182099999,36.58,1012.98,47.5
2026-07-02 08:00:00+00:00,42182099999,35.95,1012.8,50.7
2026-07-02 09:00:00+00:00,42182099999,34.99,1012.89,47.6
2026-07-02 10:00:00+00:00,42182099999,32.95,1012.6,49.5
2026-07-02 11:00:00+00:00,42182099999,31.01,1012.54,56.7
2026-07-02 12:00:00+00:00,42182099999,28.32,1012.92,55.3
2026-07-02 13:00:00+00:00,42182099999,25.36,1012.46,61.6
2026-07-02 14:00:00+00:00,42182099999,24.14,1013.21,62.6
2026-07-02 15:00:00+00:00,42182099999,21.31,1013.29,70.5
2026-07-02 16:00:00+00:00,42182099999,19.81,1011.92,72.5
2026-07-02 17:00:00+00:00,42182099999,20.19,1012.49,72.5
2026-07-02 18:00:00+00:00,42182099999,19.44,1013.04,72.4
2026-07-02 19:00:00+00:00,42182099999,19.41,1013.02,69.8
2026-07-02 20:00:00+00:00,42182099999,20.62,1012.99,69.9
2026-07-02 21:00:00+00:00,42182099999,22.13,1013.08,72.3
2026-07-02 22:00:00+00:00,42182099999,22.65,1013.18,65.2
2026-07-02 23:00:00+00:00,42182099999,25.58,1013.22,65.2
2026-07-03 00:00:00+00:00,42182099999,27.26,1013.43,55.9
2026-07-03 01:00:00+00:00,42182099999,30.37,1012.9,53.7
2026-07-03 02:00:00+00:00,42182099999,32.06,1013.15,48.9
2026-07-03 03:00:00+00:00,42182099999,35.15,1012.4,46.1
2026-07-03 04:00:00+00:00,42182099999,36.07,1012.85,46.0
2026-07-03 05:00:00+00:00,42182099999,36.17,1012.52,37.6
2026-07-03 06:00:00+00:00,42182099999,36.96,1013.31,43.8
2026-07-03 07:00:00+00:00,42182099999,35.93,1013.59,44.2
2026-07-03 08:00:00+00:00,42182099999,35.79,1013.05,44.2
2026-07-03 09:00:00+00:00,42182099999,34.66,1012.5,46.9
2026-07-03 10:00:00+00:00,42182099999,32.62,1012.86,49.5
2026-07-03 11:00:00+00:00,42182099999,29.14,1012.9,55.5
2026-07-03 12:00:00+00:00,42182099999,27.77,1012.95,58.1
2026-07-03 13:00:00+00:00,42182099999,25.94,1013.22,60.1
2026-07-03 14:00:00+00:00,42182099999,23.65,1013.18,66.4
2026-07-03 15:00:00+00:00,42182099999,22.3,1012.09,71.6
2026-07-03 16:00:00+00:00,42182099999,19.4,1013.3,72.8
2026-07-03 17:00:00+00:00,42182099999,19.59,1012.74,73.5
2026-07-03 18:00:00+00:00,42182099999,18.58,1012.72,74.5
2026-07-03 19:00:00+00:00,42182099999,19.39,1013.31,72.3
2026-07-03 20:00:00+00:00,42182099999,20.41,1012.81,70.8
2026-07-03 21:00:00+00:00,42182099999,22.01,1012.48,64.8
2026-07-03 22:00:00+00:00,42182099999,23.12,1012.49,65.6
2026-07-03 23:00:00+00:00,42182099999,25.75,1012.91,64.5
2026-07-04 00:00:00+00:00,42182099999,27.27,1013.09,57.1
2026-07-04 01:00:00+00:00,42182099999,29.45,1013.27,51.7
2026-07-04 02:00:00+00:00,42182099999,32.8,1012.77,52.2
2026-07-04 03:00:00+00:00,42182099999,34.3,1012.68,47.1
2026-07-04 04:00:00+00:00,42182099999,34.79,1013.31,44.5
2026-07-04 05:00:00+00:00,42182099999,36.15,1012.68,43.7
2026-07-04 06:00:00+00:00,42182099999,36.98,1013.26,43.7
2026-07-04 07:00:00+00:00,42182099999,37.59,1012.89,42.4
2026-07-04 08:00:00+00:00,42182099999,36.39,1012.89,42.2
2026-07-04 09:00:00+00:00,42182099999,34.81,1012.75,50.9
2026-07-04 10:00:00+00:00,42182099999,31.39,1012.91,50.1
2026-07-04 11:00:00+00:00,42182099999,30.24,1012.68,52.0
2026-07-04 12:00:00+00:00,42182099999,28.25,1012.62,58.5
2026-07-04 13:00:00+00:00,42182099999,25.87,1012.78,65.0
2026-07-04 14:00:00+00:00,42182099999,23.71,1012.63,62.6
2026-07-04 15:00:00+00:00,42182099999,21.46,1012.91,72.5
2026-07-04 16:00:00+00:00,42182099999,21.23,1012.85,71.5
2026-07-04 17:00:00+00:00,42182099999,20.16,1012.74,78.2
2026-07-04 18:00:00+00:00,42182099999,18.91,1012.76,75.6
2026-07-04 19:00:00+00:00,42182099999,18.68,1012.75,73.2
2026-07-04 20:00:00+00:00,42182099999,21.4,1013.34,74.9
2026-07-04 21:00:00+00:00,42182099999,21.27,1012.82,72.4
2026-07-04 22:00:00+00:00,42182099999,24.18,1012.64,65.2
2026-07-04 23:00:00+00:00,42182099999,26.78,1012.73,62.7
2026-07-05 00:00:00+00:00,42182099999,27.4,1012.95,56.8
2026-07-05 01:00:00+00:00,42182099999,30.47,1012.69,56.1
2026-07-05 02:00:00+00:00,42182099999,32.26,1012.71,46.6
2026-07-05 03:00:00+00:00,42182099999,34.64,1012.68,46.3
2026-07-05 04:00:00+00:00,42182099999,35.95,1012.8,39.1
2026-07-05 05:00:00+00:00,42182099999,37.83,1012.87,44.0
2026-07-05 06:00:00+00:00,42182099999,37.32,1012.89,36.7
2026-07-05 07:00:00+00:00,42182099999,36.65,1012.26,40.0
2026-07-05 08:00:00+00:00,42182099999,36.43,1012.43,44.8
2026-07-05 09:00:00+00:00,42182099999,34.17,1011.96,45.9
2026-07-05 10:00:00+00:00,42182099999,32.25,1012.99,48.9
2026-07-05 11:00:00+00:00,42182099999,31.64,1013.08,51.6
2026-07-05 12:00:00+00:00,42182099999,27.47,1013.14,56.9
2026-07-05 13:00:00+00:00,42182099999,25.34,1012.8,58.0
2026-07-05 14:00:00+00:00,42182099999,23.49,1013.1,66.8
2026-07-05 15:00:00+00:00,42182099999,20.97,1012.74,71.2
2026-07-05 16:00:00+00:00,42182099999,18.91,1012.72,73.7
2026-07-05 17:00:00+00:00,42182099999,19.9,1012.29,73.4
2026-07-05 18:00:00+00:00,42182099999,18.49,1012.52,76.9
2026-07-05 19:00:00+00:00,42182099999,18.95,1012.57,74.6
2026-07-05 20:00:00+00:00,42182099999,19.95,1013.03,74.2
2026-07-05 21:00:00+00:00,42182099999,21.01,1013.25,70.3
2026-07-05 22:00:00+00:00,42182099999,22.82,1012.61,66.1
2026-07-05 23:00:00+00:00,42182099999,25.73,1012.86,60.3
2026-07-06 00:00:00+00:00,42182099999,29.4,1012.77,51.7
2026-07-06 01:00:00+00:00,42182099999,30.74,1012.45,55.4
2026-07-06 02:00:00+00:00,42182099999,32.91,1012.17,49.7
2026-07-06 03:00:00+00:00,42182099999,33.43,1012.46,51.4
2026-07-06 04:00:00+00:00,42182099999,35.74,1012.25,39.4
2026-07-06 05:00:00+00:00,42182099999,35.95,1012.59,44.6
2026-07-06 06:00:00+00:00,42182099999,37.43,1012.64,39.8
2026-07-06 07:00:00+00:00,42182099999,36.52,1012.63,42.5
2026-07-06 08:00:00+00:00,42182099999,35.78,1012.63,42.0
2026-07-06 09:00:00+00:00,42182099999,34.28,1012.83,47.5
2026-07-06 10:00:00+00:00,42182099999,32.11,1012.4,49.9
2026-07-06 11:00:00+00:00,42182099999,29.38,1012.95,56.0
2026-07-06 12:00:00+00:00,42182099999,28.31,1012.18,58.4
2026-07-06 13:00:00+00:00,42182099999,24.81,1012.7,63.3
2026-07-06 14:00:00+00:00,42182099999,22.76,1012.8,69.1
2026-07-06 15:00:00+00:00,42182099999,21.42,1012.45,70.6
2026-07-06 16:00:00+00:00,42182099999,19.75,1012.2,71.6
2026-07-06 17:00:00+00:00,42182099999,19.43,1012.87,76.4
2026-07-06 18:00:00+00:00,42182099999,19.57,1012.48,73.7
2026-07-06 19:00:00+00:00,42182099999,19.42,1012.92,74.4
2026-07-06 20:00:00+00:00,42182099999,20.29,1012.91,71.1
2026-07-06 21:00:00+00:00,42182099999,21.61,1012.68,67.7
2026-07-06 22:00:00+00:00,42182099999,23.98,1012.68,58.9
2026-07-06 23:00:00+00:00,42182099999,24.53,1012.98,63.8
2026-07-07 00:00:00+00:00,42182099999,28.18,1012.73,55.3
2026-07-07 01:00:00+00:00,42182099999,29.73,1012.33,55.6
2026-07-07 02:00:00+00:00,42182099999,31.72,1012.66,54.3
2026-07-07 03:00:00+00:00,42182099999,34.33,1012.78,43.6
2026-07-07 04:00:00+00:00,42182099999,35.53,1012.67,46.2
2026-07-07 05:00:00+00:00,42182099999,37.01,1012.67,42.3
2026-07-07 06:00:00+00:00,42182099999,37.63,1012.57,43.1
2026-07-07 07:00:00+00:00,42182099999,35.26,1012.58,39.7
2026-07-07 08:00:00+00:00,42182099999,35.72,1012.33,44.2
2026-07-07 09:00:00+00:00,42182099999,35.5,1012.19,47.1
2026-07-07 10:00:00+00:00,42182099999,32.99,1012.95,53.4
2026-07-07 11:00:00+00:00,42182099999,31.16,1012.42,59.0
2026-07-07 12:00:00+00:00,42182099999,28.03,1012.68,58.8
2026-07-07 13:00:00+00:00,42182099999,24.77,1012.16,61.3
2026-07-07 14:00:00+00:00,42182099999,22.79,1012.66,71.3
2026-07-07 15:00:00+00:00,42182099999,22.03,1012.37,69.1
2026-07-07 16:00:00+00:00,42182099999,20.75,1013.5,71.7
2026-07-07 17:00:00+00:00,42182099999,18.83,1012.31,73.7
2026-07-07 18:00:00+00:00,42182099999,18.8,1012.33,75.1
2026-07-07 19:00:00+00:00,42182099999,19.43,1012.9,75.2
2026-07-07 20:00:00+00:00,42182099999,19.12,1012.95,70.5
2026-07-07 21:00:00+00:00,42182099999,21.39,1011.98,69.1
2026-07-07 22:00:00+00:00,42182099999,24.44,1012.69,70.5
2026-07-07 23:00:00+00:00,42182099999,26.95,1012.88,66.0
2026-07-08 00:00:00+00:00,42182099999,27.9,1012.18,59.1
2026-07-08 01:00:00+00:00,42182099999,31.39,1012.75,54.5
2026-07-08 02:00:00+00:00,42182099999,32.15,1012.39,49.5
2026-07-08 03:00:00+00:00,42182099999,33.84,1012.25,49.2
2026-07-08 04:00:00+00:00,42182099999,34.42,1012.44,43.0
2026-07-08 05:00:00+00:00,42182099999,37.23,1012.41,42.9
2026-07-08 06:00:00+00:00,42182099999,36.74,1012.13,40.9
2026-07-08 07:00:00+00:00,42182099999,38.06,1013.21,41.1
2026-07-08 08:00:00+00:00,42182099999,35.96,1012.41,44.3
2026-07-08 09:00:00+00:00,42182099999,34.44,1012.32,46.7
2026-07-08 10:00:00+00:00,42182099999,31.38,1012.8,48.7
2026-07-08 11:00:00+00:00,42182099999,31.19,1012.52,53.7
2026-07-08 12:00:00+00:00,42182099999,27.75,1012.94,58.2
2026-07-08 13:00:00+00:00,42182099999,25.54,1012.47,61.1
2026-07-08 14:00:00+00:00,42182099999,22.14,1012.65,64.5
2026-07-08 15:00:00+00:00,42182099999,22.16,1012.57,69.0
2026-07-08 16:00:00+00:00,42182099999,20.76,1012.59,73.6
2026-07-08 17:00:00+00:00,42182099999,18.91,1012.48,76.1
2026-07-08 18:00:00+00:00,42182099999,19.02,1012.51,74.5
2026-07-08 19:00:00+00:00,42182099999,19.51,1013.04,72.9
2026-07-08 20:00:00+00:00,42182099999,20.75,1012.34,71.8
2026-07-08 21:00:00+00:00,42182099999,21.66,1012.38,73.9
2026-07-08 22:00:00+00:00,42182099999,24.5,1012.44,68.2
2026-07-08 23:00:00+00:00,42182099999,25.49,1012.71,59.9
2026-07-09 00:00:00+00:00,42182099999,27.6,1012.6,57.9
2026-07-09 01:00:00+00:00,42182099999,30.02,1012.75,52.6
2026-07-09 02:00:00+00:00,42182099999,30.94,1012.08,49.2
2026-07-09 03:00:00+00:00,42182099999,33.85,1012.55,42.7
2026-07-09 04:00:00+00:00,42182099999,36.36,1012.42,44.3
2026-07-09 05:00:00+00:00,42182099999,36.82,1012.39,39.4
2026-07-09 06:00:00+00:00,42182099999,36.48,1012.53,40.6
2026-07-09 07:00:00+00:00,42182099999,36.87,1011.89,46.2
2026-07-09 08:00:00+00:00,42182099999,34.55,1012.56,46.6
2026-07-09 09:00:00+00:00,42182099999,34.16,1012.52,44.7
2026-07-09 10:00:00+00:00,42182099999,32.78,1012.05,47.6
2026-07-09 11:00:00+00:00,42182099999,30.72,1012.45,51.7
2026-07-09 12:00:00+00:00,42182099999,27.5,1012.94,53.6
2026-07-09 13:00:00+00:00,42182099999,26.19,1012.36,59.9
2026-07-09 14:00:00+00:00,42182099999,24.59,1012.65,65.4
2026-07-09 15:00:00+00:00,42182099999,21.35,1012.41,66.9
2026-07-09 16:00:00+00:00,42182099999,20.62,1012.23,73.7
2026-07-09 17:00:00+00:00,42182099999,18.34,1012.2,73.4
2026-07-09 18:00:00+00:00,42182099999,17.79,1012.36,72.8
2026-07-09 19:00:00+00:00,42182099999,19.64,1012.86,77.7
2026-07-09 20:00:00+00:00,42182099999,20.2,1012.72,73.6
2026-07-09 21:00:00+00:00,42182099999,21.72,1012.27,69.5
2026-07-09 22:00:00+00:00,42182099999,23.12,1012.77,70.4
2026-07-09 23:00:00+00:00,42182099999,25.46,1012.44,65.3
